TF0001050	ENST00000480491	RB1_HUMAN	GS0060561	ENSG00000223181	1	693613	693716	Homo sapiens	RB_Chicas_senescent	20385362	PROTEIN BINDING ASSAY::CHROMATIN IMMUNOPRECIPITATION (CHIP)
TF0001050	ENST00000480491	RB1_HUMAN	GS0059065	ENSG00000187634	1	860260	879955	Homo sapiens	RB_Chicas_senescent	20385362	PROTEIN BINDING ASSAY::CHROMATIN IMMUNOPRECIPITATION (CHIP)
TF0001050	ENST00000480491	RB1_HUMAN	GS0057574	ENSG00000187961	1	895967	901095	Homo sapiens	RB_Chicas_senescent	20385362	PROTEIN BINDING ASSAY::CHROMATIN IMMUNOPRECIPITATION (CHIP)
TF0001050	ENST00000480491	RB1_HUMAN	GS0056378	ENSG00000188290	1	934342	935552	Homo sapiens	RB_Chicas_senescent	20385362	PROTEIN BINDING ASSAY::CHROMATIN IMMUNOPRECIPITATION (CHIP)
TF0001050	ENST00000480491	RB1_HUMAN	GS0057391	ENSG00000188157	1	955503	991496	Homo sapiens	RB_Chicas_senescent	20385362	PROTEIN BINDING ASSAY::CHROMATIN IMMUNOPRECIPITATION (CHIP)
TF0001050	ENST00000480491	RB1_HUMAN	GS0053310	ENSG00000131591	1	1017198	1051741	Homo sapiens	RB_Chicas_senescent	20385362	PROTEIN BINDING ASSAY::CHROMATIN IMMUNOPRECIPITATION (CHIP)
TF0001050	ENST00000480491	RB1_HUMAN	GS0058329	ENSG00000131584	1	1227756	1244989	Homo sapiens	RB_Chicas_senescent	20385362	PROTEIN BINDING ASSAY::CHROMATIN IMMUNOPRECIPITATION (CHIP)
TF0001050	ENST00000480491	RB1_HUMAN	GS0057162	ENSG00000169972	1	1243947	1247057	Homo sapiens	RB_Chicas_senescent	20385362	PROTEIN BINDING ASSAY::CHROMATIN IMMUNOPRECIPITATION (CHIP)
TF0001050	ENST00000480491	RB1_HUMAN	GS0058603	ENSG00000175756	1	1309110	1310875	Homo sapiens	RB_Chicas_senescent	20385362	PROTEIN BINDING ASSAY::CHROMATIN IMMUNOPRECIPITATION (CHIP)
TF0001050	ENST00000480491	RB1_HUMAN	GS0060290	ENSG00000160072	1	1407143	1433228	Homo sapiens	RB_Chicas_senescent	20385362	PROTEIN BINDING ASSAY::CHROMATIN IMMUNOPRECIPITATION (CHIP)
TF0001050	ENST00000480491	RB1_HUMAN	GS0056135	ENSG00000197785	1	1447531	1470067	Homo sapiens	RB_Chicas_senescent	20385362	PROTEIN BINDING ASSAY::CHROMATIN IMMUNOPRECIPITATION (CHIP)
TF0001050	ENST00000480491	RB1_HUMAN	GS0058384	ENSG00000160075	1	1477053	1510249	Homo sapiens	RB_Chicas_senescent	20385362	PROTEIN BINDING ASSAY::CHROMATIN IMMUNOPRECIPITATION (CHIP)
TF0001050	ENST00000480491	RB1_HUMAN	GS0052928	ENSG00000197530	1	1550795	1565990	Homo sapiens	RB_Chicas_senescent	20385362	PROTEIN BINDING ASSAY::CHROMATIN IMMUNOPRECIPITATION (CHIP)
TF0001050	ENST00000480491	RB1_HUMAN	GS0058570	ENSG00000008128	1	1634169	1655966	Homo sapiens	RB_Chicas_senescent	20385362	PROTEIN BINDING ASSAY::CHROMATIN IMMUNOPRECIPITATION (CHIP)
TF0001050	ENST00000480491	RB1_HUMAN	GS0058570	ENSG00000008128	1	1634169	1655966	Homo sapiens	RB_Chicas_senescent	20385362	PROTEIN BINDING ASSAY::CHROMATIN IMMUNOPRECIPITATION (CHIP)
TF0001050	ENST00000480491	RB1_HUMAN	GS0052543	ENSG00000078369	1	1716725	1822502	Homo sapiens	RB_Chicas_senescent	20385362	PROTEIN BINDING ASSAY::CHROMATIN IMMUNOPRECIPITATION (CHIP)
TF0001050	ENST00000480491	RB1_HUMAN	GS0060715	ENSG00000157933	1	2160134	2241558	Homo sapiens	RB_Chicas_senescent	20385362	PROTEIN BINDING ASSAY::CHROMATIN IMMUNOPRECIPITATION (CHIP)
TF0001050	ENST00000480491	RB1_HUMAN	GS0052563	ENSG00000116151	1	2252692	2356219	Homo sapiens	RB_Chicas_senescent	20385362	PROTEIN BINDING ASSAY::CHROMATIN IMMUNOPRECIPITATION (CHIP)
TF0001050	ENST00000480491	RB1_HUMAN	GS0053029	ENSG00000157911	1	2336236	2345236	Homo sapiens	RB_Chicas_senescent	20385362	PROTEIN BINDING ASSAY::CHROMATIN IMMUNOPRECIPITATION (CHIP)
TF0001050	ENST00000480491	RB1_HUMAN	GS0059534	ENSG00000157881	1	2439972	2458039	Homo sapiens	RB_Chicas_senescent	20385362	PROTEIN BINDING ASSAY::CHROMATIN IMMUNOPRECIPITATION (CHIP)
TF0001050	ENST00000480491	RB1_HUMAN	GS0053815	ENSG00000157870	1	2517930	2522908	Homo sapiens	RB_Chicas_senescent	20385362	PROTEIN BINDING ASSAY::CHROMATIN IMMUNOPRECIPITATION (CHIP)
TF0001050	ENST00000480491	RB1_HUMAN	GS0053448	ENSG00000142611	1	2985732	3355185	Homo sapiens	RB_Chicas_senescent	20385362	PROTEIN BINDING ASSAY::CHROMATIN IMMUNOPRECIPITATION (CHIP)
TF0001050	ENST00000480491	RB1_HUMAN	GS0051917	ENSG00000158109	1	3541566	3546691	Homo sapiens	RB_Chicas_senescent	20385362	PROTEIN BINDING ASSAY::CHROMATIN IMMUNOPRECIPITATION (CHIP)
TF0001050	ENST00000480491	RB1_HUMAN	GS0052522	ENSG00000198912	1	3805689	3816857	Homo sapiens	RB_Chicas_senescent	20385362	PROTEIN BINDING ASSAY::CHROMATIN IMMUNOPRECIPITATION (CHIP)
TF0001050	ENST00000480491	RB1_HUMAN	GS0052522	ENSG00000198912	1	3805689	3816857	Homo sapiens	RB_Chicas_senescent	20385362	PROTEIN BINDING ASSAY::CHROMATIN IMMUNOPRECIPITATION (CHIP)
TF0001050	ENST00000480491	RB1_HUMAN	GS0058115	ENSG00000069424	1	6051526	6161253	Homo sapiens	RB_Chicas_senescent	20385362	PROTEIN BINDING ASSAY::CHROMATIN IMMUNOPRECIPITATION (CHIP)
TF0001050	ENST00000480491	RB1_HUMAN	GS0053051	ENSG00000225077	1	6296300	6299504	Homo sapiens	RB_Chicas_senescent	20385362	PROTEIN BINDING ASSAY::CHROMATIN IMMUNOPRECIPITATION (CHIP)
TF0001050	ENST00000480491	RB1_HUMAN	GS0053645	ENSG00000173673	1	6304252	6305638	Homo sapiens	RB_Chicas_senescent	20385362	PROTEIN BINDING ASSAY::CHROMATIN IMMUNOPRECIPITATION (CHIP)
TF0001050	ENST00000480491	RB1_HUMAN	GS0058489	ENSG00000158292	1	6307406	6321035	Homo sapiens	RB_Chicas_senescent	20385362	PROTEIN BINDING ASSAY::CHROMATIN IMMUNOPRECIPITATION (CHIP)
TF0001050	ENST00000480491	RB1_HUMAN	GS0053158	ENSG00000097021	1	6324333	6454451	Homo sapiens	RB_Chicas_senescent	20385362	PROTEIN BINDING ASSAY::CHROMATIN IMMUNOPRECIPITATION (CHIP)
TF0001050	ENST00000480491	RB1_HUMAN	GS0053158	ENSG00000097021	1	6324333	6454451	Homo sapiens	RB_Chicas_senescent	20385362	PROTEIN BINDING ASSAY::CHROMATIN IMMUNOPRECIPITATION (CHIP)
TF0001050	ENST00000480491	RB1_HUMAN	GS0055870	ENSG00000116273	1	6673745	6684093	Homo sapiens	RB_Chicas_senescent	20385362	PROTEIN BINDING ASSAY::CHROMATIN IMMUNOPRECIPITATION (CHIP)
TF0001050	ENST00000480491	RB1_HUMAN	GS0059878	ENSG00000041988	1	6684926	6695646	Homo sapiens	RB_Chicas_senescent	20385362	PROTEIN BINDING ASSAY::CHROMATIN IMMUNOPRECIPITATION (CHIP)
TF0001050	ENST00000480491	RB1_HUMAN	GS0059588	ENSG00000007923	1	6694228	6761984	Homo sapiens	RB_Chicas_senescent	20385362	PROTEIN BINDING ASSAY::CHROMATIN IMMUNOPRECIPITATION (CHIP)
TF0001050	ENST00000480491	RB1_HUMAN	GS0052716	ENSG00000171735	1	6845384	7829764	Homo sapiens	RB_Chicas_senescent	20385362	PROTEIN BINDING ASSAY::CHROMATIN IMMUNOPRECIPITATION (CHIP)
TF0001050	ENST00000480491	RB1_HUMAN	GS0052716	ENSG00000171735	1	6845384	7829764	Homo sapiens	RB_Chicas_senescent	20385362	PROTEIN BINDING ASSAY::CHROMATIN IMMUNOPRECIPITATION (CHIP)
TF0001050	ENST00000480491	RB1_HUMAN	GS0056953	ENSG00000200975	1	8266494	8266657	Homo sapiens	RB_Chicas_senescent	20385362	PROTEIN BINDING ASSAY::CHROMATIN IMMUNOPRECIPITATION (CHIP)
TF0001050	ENST00000480491	RB1_HUMAN	GS0056953	ENSG00000200975	1	8266494	8266657	Homo sapiens	RB_Chicas_senescent	20385362	PROTEIN BINDING ASSAY::CHROMATIN IMMUNOPRECIPITATION (CHIP)
TF0001050	ENST00000480491	RB1_HUMAN	GS0056953	ENSG00000200975	1	8266494	8266657	Homo sapiens	RB_Chicas_senescent	20385362	PROTEIN BINDING ASSAY::CHROMATIN IMMUNOPRECIPITATION (CHIP)
TF0001050	ENST00000480491	RB1_HUMAN	GS0058665	ENSG00000162426	1	8377886	8404227	Homo sapiens	RB_Chicas_senescent	20385362	PROTEIN BINDING ASSAY::CHROMATIN IMMUNOPRECIPITATION (CHIP)
TF0001050	ENST00000480491	RB1_HUMAN	GS0058665	ENSG00000162426	1	8377886	8404227	Homo sapiens	RB_Chicas_senescent	20385362	PROTEIN BINDING ASSAY::CHROMATIN IMMUNOPRECIPITATION (CHIP)
TF0001050	ENST00000480491	RB1_HUMAN	GS0055748	ENSG00000142599	1	8412457	8877702	Homo sapiens	RB_Chicas_senescent	20385362	PROTEIN BINDING ASSAY::CHROMATIN IMMUNOPRECIPITATION (CHIP)
TF0001050	ENST00000480491	RB1_HUMAN	GS0058424	ENSG00000074800	1	8921061	8939308	Homo sapiens	RB_Chicas_senescent	20385362	PROTEIN BINDING ASSAY::CHROMATIN IMMUNOPRECIPITATION (CHIP)
TF0001050	ENST00000480491	RB1_HUMAN	GS0058424	ENSG00000074800	1	8921061	8939308	Homo sapiens	RB_Chicas_senescent	20385362	PROTEIN BINDING ASSAY::CHROMATIN IMMUNOPRECIPITATION (CHIP)
TF0001050	ENST00000480491	RB1_HUMAN	GS0058424	ENSG00000074800	1	8921061	8939308	Homo sapiens	RB_Chicas_senescent	20385362	PROTEIN BINDING ASSAY::CHROMATIN IMMUNOPRECIPITATION (CHIP)
TF0001050	ENST00000480491	RB1_HUMAN	GS0053945	ENSG00000049239	1	9294863	9331396	Homo sapiens	RB_Chicas_senescent	20385362	PROTEIN BINDING ASSAY::CHROMATIN IMMUNOPRECIPITATION (CHIP)
TF0001050	ENST00000480491	RB1_HUMAN	GS0053945	ENSG00000049239	1	9294863	9331396	Homo sapiens	RB_Chicas_senescent	20385362	PROTEIN BINDING ASSAY::CHROMATIN IMMUNOPRECIPITATION (CHIP)
TF0001050	ENST00000480491	RB1_HUMAN	GS0053227	ENSG00000171621	1	9352939	9429591	Homo sapiens	RB_Chicas_senescent	20385362	PROTEIN BINDING ASSAY::CHROMATIN IMMUNOPRECIPITATION (CHIP)
TF0001050	ENST00000480491	RB1_HUMAN	GS0053227	ENSG00000171621	1	9352939	9429591	Homo sapiens	RB_Chicas_senescent	20385362	PROTEIN BINDING ASSAY::CHROMATIN IMMUNOPRECIPITATION (CHIP)
TF0001050	ENST00000480491	RB1_HUMAN	GS0052952	ENSG00000252956	1	9497728	9497837	Homo sapiens	RB_Chicas_senescent	20385362	PROTEIN BINDING ASSAY::CHROMATIN IMMUNOPRECIPITATION (CHIP)
TF0001050	ENST00000480491	RB1_HUMAN	GS0058788	ENSG00000171612	1	9599541	9642831	Homo sapiens	RB_Chicas_senescent	20385362	PROTEIN BINDING ASSAY::CHROMATIN IMMUNOPRECIPITATION (CHIP)
TF0001050	ENST00000480491	RB1_HUMAN	GS0058788	ENSG00000171612	1	9599541	9642831	Homo sapiens	RB_Chicas_senescent	20385362	PROTEIN BINDING ASSAY::CHROMATIN IMMUNOPRECIPITATION (CHIP)
TF0001050	ENST00000480491	RB1_HUMAN	GS0052149	ENSG00000188807	1	9648932	9674935	Homo sapiens	RB_Chicas_senescent	20385362	PROTEIN BINDING ASSAY::CHROMATIN IMMUNOPRECIPITATION (CHIP)
TF0001050	ENST00000480491	RB1_HUMAN	GS0058518	ENSG00000171608	1	9711790	9789172	Homo sapiens	RB_Chicas_senescent	20385362	PROTEIN BINDING ASSAY::CHROMATIN IMMUNOPRECIPITATION (CHIP)
TF0001050	ENST00000480491	RB1_HUMAN	GS0058518	ENSG00000171608	1	9711790	9789172	Homo sapiens	RB_Chicas_senescent	20385362	PROTEIN BINDING ASSAY::CHROMATIN IMMUNOPRECIPITATION (CHIP)
TF0001050	ENST00000480491	RB1_HUMAN	GS0058518	ENSG00000171608	1	9711790	9789172	Homo sapiens	RB_Chicas_senescent	20385362	PROTEIN BINDING ASSAY::CHROMATIN IMMUNOPRECIPITATION (CHIP)
TF0001050	ENST00000480491	RB1_HUMAN	GS0060864	ENSG00000171603	1	9789084	9884584	Homo sapiens	RB_Chicas_senescent	20385362	PROTEIN BINDING ASSAY::CHROMATIN IMMUNOPRECIPITATION (CHIP)
TF0001050	ENST00000480491	RB1_HUMAN	GS0052099	ENSG00000178585	1	9908334	9970394	Homo sapiens	RB_Chicas_senescent	20385362	PROTEIN BINDING ASSAY::CHROMATIN IMMUNOPRECIPITATION (CHIP)
TF0001050	ENST00000480491	RB1_HUMAN	GS0052652	ENSG00000162441	1	9982171	10003465	Homo sapiens	RB_Chicas_senescent	20385362	PROTEIN BINDING ASSAY::CHROMATIN IMMUNOPRECIPITATION (CHIP)
TF0001050	ENST00000480491	RB1_HUMAN	GS0058298	ENSG00000130939	1	10092890	10241297	Homo sapiens	RB_Chicas_senescent	20385362	PROTEIN BINDING ASSAY::CHROMATIN IMMUNOPRECIPITATION (CHIP)
TF0001050	ENST00000480491	RB1_HUMAN	GS0051918	ENSG00000054523	1	10270764	10441661	Homo sapiens	RB_Chicas_senescent	20385362	PROTEIN BINDING ASSAY::CHROMATIN IMMUNOPRECIPITATION (CHIP)
TF0001050	ENST00000480491	RB1_HUMAN	GS0051918	ENSG00000054523	1	10270764	10441661	Homo sapiens	RB_Chicas_senescent	20385362	PROTEIN BINDING ASSAY::CHROMATIN IMMUNOPRECIPITATION (CHIP)
TF0001050	ENST00000480491	RB1_HUMAN	GS0051918	ENSG00000054523	1	10270764	10441661	Homo sapiens	RB_Chicas_senescent	20385362	PROTEIN BINDING ASSAY::CHROMATIN IMMUNOPRECIPITATION (CHIP)
TF0001050	ENST00000480491	RB1_HUMAN	GS0054548	ENSG00000142657	1	10458649	10480233	Homo sapiens	RB_Chicas_senescent	20385362	PROTEIN BINDING ASSAY::CHROMATIN IMMUNOPRECIPITATION (CHIP)
TF0001050	ENST00000480491	RB1_HUMAN	GS0055427	ENSG00000175279	1	10490500	10502766	Homo sapiens	RB_Chicas_senescent	20385362	PROTEIN BINDING ASSAY::CHROMATIN IMMUNOPRECIPITATION (CHIP)
TF0001050	ENST00000480491	RB1_HUMAN	GS0060857	ENSG00000120948	1	11072414	11085796	Homo sapiens	RB_Chicas_senescent	20385362	PROTEIN BINDING ASSAY::CHROMATIN IMMUNOPRECIPITATION (CHIP)
TF0001050	ENST00000480491	RB1_HUMAN	GS0057386	ENSG00000116649	1	11114641	11120081	Homo sapiens	RB_Chicas_senescent	20385362	PROTEIN BINDING ASSAY::CHROMATIN IMMUNOPRECIPITATION (CHIP)
TF0001050	ENST00000480491	RB1_HUMAN	GS0052037	ENSG00000171824	1	11126675	11159938	Homo sapiens	RB_Chicas_senescent	20385362	PROTEIN BINDING ASSAY::CHROMATIN IMMUNOPRECIPITATION (CHIP)
TF0001050	ENST00000480491	RB1_HUMAN	GS0052037	ENSG00000171824	1	11126675	11159938	Homo sapiens	RB_Chicas_senescent	20385362	PROTEIN BINDING ASSAY::CHROMATIN IMMUNOPRECIPITATION (CHIP)
TF0001050	ENST00000480491	RB1_HUMAN	GS0059185	ENSG00000120942	1	11333263	11356106	Homo sapiens	RB_Chicas_senescent	20385362	PROTEIN BINDING ASSAY::CHROMATIN IMMUNOPRECIPITATION (CHIP)
TF0001050	ENST00000480491	RB1_HUMAN	GS0059185	ENSG00000120942	1	11333263	11356106	Homo sapiens	RB_Chicas_senescent	20385362	PROTEIN BINDING ASSAY::CHROMATIN IMMUNOPRECIPITATION (CHIP)
TF0001050	ENST00000480491	RB1_HUMAN	GS0052701	ENSG00000116670	1	11734538	11751707	Homo sapiens	RB_Chicas_senescent	20385362	PROTEIN BINDING ASSAY::CHROMATIN IMMUNOPRECIPITATION (CHIP)
TF0001050	ENST00000480491	RB1_HUMAN	GS0052701	ENSG00000116670	1	11734538	11751707	Homo sapiens	RB_Chicas_senescent	20385362	PROTEIN BINDING ASSAY::CHROMATIN IMMUNOPRECIPITATION (CHIP)
TF0001050	ENST00000480491	RB1_HUMAN	GS0057128	ENSG00000177674	1	11796141	11814859	Homo sapiens	RB_Chicas_senescent	20385362	PROTEIN BINDING ASSAY::CHROMATIN IMMUNOPRECIPITATION (CHIP)
TF0001050	ENST00000480491	RB1_HUMAN	GS0059388	ENSG00000177000	1	11845780	11866977	Homo sapiens	RB_Chicas_senescent	20385362	PROTEIN BINDING ASSAY::CHROMATIN IMMUNOPRECIPITATION (CHIP)
TF0001050	ENST00000480491	RB1_HUMAN	GS0054986	ENSG00000011021	1	11866207	11903201	Homo sapiens	RB_Chicas_senescent	20385362	PROTEIN BINDING ASSAY::CHROMATIN IMMUNOPRECIPITATION (CHIP)
TF0001050	ENST00000480491	RB1_HUMAN	GS0059688	ENSG00000199347	1	11968209	11968328	Homo sapiens	RB_Chicas_senescent	20385362	PROTEIN BINDING ASSAY::CHROMATIN IMMUNOPRECIPITATION (CHIP)
TF0001050	ENST00000480491	RB1_HUMAN	GS0058255	ENSG00000116685	1	11979648	11986485	Homo sapiens	RB_Chicas_senescent	20385362	PROTEIN BINDING ASSAY::CHROMATIN IMMUNOPRECIPITATION (CHIP)
TF0001050	ENST00000480491	RB1_HUMAN	GS0059532	ENSG00000116688	1	12040238	12073571	Homo sapiens	RB_Chicas_senescent	20385362	PROTEIN BINDING ASSAY::CHROMATIN IMMUNOPRECIPITATION (CHIP)
TF0001050	ENST00000480491	RB1_HUMAN	GS0059532	ENSG00000116688	1	12040238	12073571	Homo sapiens	RB_Chicas_senescent	20385362	PROTEIN BINDING ASSAY::CHROMATIN IMMUNOPRECIPITATION (CHIP)
TF0001050	ENST00000480491	RB1_HUMAN	GS0059609	ENSG00000120949	1	12123434	12204264	Homo sapiens	RB_Chicas_senescent	20385362	PROTEIN BINDING ASSAY::CHROMATIN IMMUNOPRECIPITATION (CHIP)
TF0001050	ENST00000480491	RB1_HUMAN	GS0054531	ENSG00000204518	1	12704566	12727097	Homo sapiens	RB_Chicas_senescent	20385362	PROTEIN BINDING ASSAY::CHROMATIN IMMUNOPRECIPITATION (CHIP)
TF0001050	ENST00000480491	RB1_HUMAN	GS0052953	ENSG00000175147	1	15442448	15478960	Homo sapiens	RB_Chicas_senescent	20385362	PROTEIN BINDING ASSAY::CHROMATIN IMMUNOPRECIPITATION (CHIP)
TF0001050	ENST00000480491	RB1_HUMAN	GS0052953	ENSG00000175147	1	15442448	15478960	Homo sapiens	RB_Chicas_senescent	20385362	PROTEIN BINDING ASSAY::CHROMATIN IMMUNOPRECIPITATION (CHIP)
TF0001050	ENST00000480491	RB1_HUMAN	GS0058495	ENSG00000171729	1	15479028	15546974	Homo sapiens	RB_Chicas_senescent	20385362	PROTEIN BINDING ASSAY::CHROMATIN IMMUNOPRECIPITATION (CHIP)
TF0001050	ENST00000480491	RB1_HUMAN	GS0056209	ENSG00000142621	1	15573768	15726858	Homo sapiens	RB_Chicas_senescent	20385362	PROTEIN BINDING ASSAY::CHROMATIN IMMUNOPRECIPITATION (CHIP)
TF0001050	ENST00000480491	RB1_HUMAN	GS0059525	ENSG00000142634	1	15736391	15756839	Homo sapiens	RB_Chicas_senescent	20385362	PROTEIN BINDING ASSAY::CHROMATIN IMMUNOPRECIPITATION (CHIP)
TF0001050	ENST00000480491	RB1_HUMAN	GS0056435	ENSG00000116138	1	15853308	15918874	Homo sapiens	RB_Chicas_senescent	20385362	PROTEIN BINDING ASSAY::CHROMATIN IMMUNOPRECIPITATION (CHIP)
TF0001050	ENST00000480491	RB1_HUMAN	GS0056435	ENSG00000116138	1	15853308	15918874	Homo sapiens	RB_Chicas_senescent	20385362	PROTEIN BINDING ASSAY::CHROMATIN IMMUNOPRECIPITATION (CHIP)
TF0001050	ENST00000480491	RB1_HUMAN	GS0052634	ENSG00000197312	1	15943995	15995539	Homo sapiens	RB_Chicas_senescent	20385362	PROTEIN BINDING ASSAY::CHROMATIN IMMUNOPRECIPITATION (CHIP)
TF0001050	ENST00000480491	RB1_HUMAN	GS0052966	ENSG00000162458	1	16083102	16113089	Homo sapiens	RB_Chicas_senescent	20385362	PROTEIN BINDING ASSAY::CHROMATIN IMMUNOPRECIPITATION (CHIP)
TF0001050	ENST00000480491	RB1_HUMAN	GS0060881	ENSG00000065526	1	16174359	16266955	Homo sapiens	RB_Chicas_senescent	20385362	PROTEIN BINDING ASSAY::CHROMATIN IMMUNOPRECIPITATION (CHIP)
TF0001050	ENST00000480491	RB1_HUMAN	GS0060881	ENSG00000065526	1	16174359	16266955	Homo sapiens	RB_Chicas_senescent	20385362	PROTEIN BINDING ASSAY::CHROMATIN IMMUNOPRECIPITATION (CHIP)
TF0001050	ENST00000480491	RB1_HUMAN	GS0060881	ENSG00000065526	1	16174359	16266955	Homo sapiens	RB_Chicas_senescent	20385362	PROTEIN BINDING ASSAY::CHROMATIN IMMUNOPRECIPITATION (CHIP)
TF0001050	ENST00000480491	RB1_HUMAN	GS0052874	ENSG00000116809	1	16268364	16302627	Homo sapiens	RB_Chicas_senescent	20385362	PROTEIN BINDING ASSAY::CHROMATIN IMMUNOPRECIPITATION (CHIP)
TF0001050	ENST00000480491	RB1_HUMAN	GS0052959	ENSG00000185519	1	16384264	16400127	Homo sapiens	RB_Chicas_senescent	20385362	PROTEIN BINDING ASSAY::CHROMATIN IMMUNOPRECIPITATION (CHIP)
TF0001050	ENST00000480491	RB1_HUMAN	GS0055120	ENSG00000142627	1	16450832	16482582	Homo sapiens	RB_Chicas_senescent	20385362	PROTEIN BINDING ASSAY::CHROMATIN IMMUNOPRECIPITATION (CHIP)
TF0001050	ENST00000480491	RB1_HUMAN	GS0055120	ENSG00000142627	1	16450832	16482582	Homo sapiens	RB_Chicas_senescent	20385362	PROTEIN BINDING ASSAY::CHROMATIN IMMUNOPRECIPITATION (CHIP)
TF0001050	ENST00000480491	RB1_HUMAN	GS0059744	ENSG00000142632	1	16524349	16539140	Homo sapiens	RB_Chicas_senescent	20385362	PROTEIN BINDING ASSAY::CHROMATIN IMMUNOPRECIPITATION (CHIP)
TF0001050	ENST00000480491	RB1_HUMAN	GS0059744	ENSG00000142632	1	16524349	16539140	Homo sapiens	RB_Chicas_senescent	20385362	PROTEIN BINDING ASSAY::CHROMATIN IMMUNOPRECIPITATION (CHIP)
TF0001050	ENST00000480491	RB1_HUMAN	GS0060494	ENSG00000237276	1	16542404	16543823	Homo sapiens	RB_Chicas_senescent	20385362	PROTEIN BINDING ASSAY::CHROMATIN IMMUNOPRECIPITATION (CHIP)
TF0001050	ENST00000480491	RB1_HUMAN	GS0053320	ENSG00000037637	1	16573334	16678949	Homo sapiens	RB_Chicas_senescent	20385362	PROTEIN BINDING ASSAY::CHROMATIN IMMUNOPRECIPITATION (CHIP)
TF0001050	ENST00000480491	RB1_HUMAN	GS0053375	ENSG00000219481	1	16888818	16940083	Homo sapiens	RB_Chicas_senescent	20385362	PROTEIN BINDING ASSAY::CHROMATIN IMMUNOPRECIPITATION (CHIP)
TF0001050	ENST00000480491	RB1_HUMAN	GS0058153	ENSG00000215908	1	16944751	16971178	Homo sapiens	RB_Chicas_senescent	20385362	PROTEIN BINDING ASSAY::CHROMATIN IMMUNOPRECIPITATION (CHIP)
TF0001050	ENST00000480491	RB1_HUMAN	GS0051980	ENSG00000058453	1	17222232	17299459	Homo sapiens	RB_Chicas_senescent	20385362	PROTEIN BINDING ASSAY::CHROMATIN IMMUNOPRECIPITATION (CHIP)
TF0001050	ENST00000480491	RB1_HUMAN	GS0051980	ENSG00000058453	1	17222232	17299459	Homo sapiens	RB_Chicas_senescent	20385362	PROTEIN BINDING ASSAY::CHROMATIN IMMUNOPRECIPITATION (CHIP)
TF0001050	ENST00000480491	RB1_HUMAN	GS0051980	ENSG00000058453	1	17222232	17299459	Homo sapiens	RB_Chicas_senescent	20385362	PROTEIN BINDING ASSAY::CHROMATIN IMMUNOPRECIPITATION (CHIP)
TF0001050	ENST00000480491	RB1_HUMAN	GS0060310	ENSG00000159363	1	17312453	17338423	Homo sapiens	RB_Chicas_senescent	20385362	PROTEIN BINDING ASSAY::CHROMATIN IMMUNOPRECIPITATION (CHIP)
TF0001050	ENST00000480491	RB1_HUMAN	GS0058590	ENSG00000117118	1	17345217	17380665	Homo sapiens	RB_Chicas_senescent	20385362	PROTEIN BINDING ASSAY::CHROMATIN IMMUNOPRECIPITATION (CHIP)
TF0001050	ENST00000480491	RB1_HUMAN	GS0055718	ENSG00000179051	1	17733256	17766220	Homo sapiens	RB_Chicas_senescent	20385362	PROTEIN BINDING ASSAY::CHROMATIN IMMUNOPRECIPITATION (CHIP)
TF0001050	ENST00000480491	RB1_HUMAN	GS0055718	ENSG00000179051	1	17733256	17766220	Homo sapiens	RB_Chicas_senescent	20385362	PROTEIN BINDING ASSAY::CHROMATIN IMMUNOPRECIPITATION (CHIP)
TF0001050	ENST00000480491	RB1_HUMAN	GS0059021	ENSG00000074964	1	17866330	18024369	Homo sapiens	RB_Chicas_senescent	20385362	PROTEIN BINDING ASSAY::CHROMATIN IMMUNOPRECIPITATION (CHIP)
TF0001050	ENST00000480491	RB1_HUMAN	GS0058285	ENSG00000117148	1	18081808	18153558	Homo sapiens	RB_Chicas_senescent	20385362	PROTEIN BINDING ASSAY::CHROMATIN IMMUNOPRECIPITATION (CHIP)
TF0001050	ENST00000480491	RB1_HUMAN	GS0053390	ENSG00000169991	1	19230774	19283180	Homo sapiens	RB_Chicas_senescent	20385362	PROTEIN BINDING ASSAY::CHROMATIN IMMUNOPRECIPITATION (CHIP)
TF0001050	ENST00000480491	RB1_HUMAN	GS0053390	ENSG00000169991	1	19230774	19283180	Homo sapiens	RB_Chicas_senescent	20385362	PROTEIN BINDING ASSAY::CHROMATIN IMMUNOPRECIPITATION (CHIP)
TF0001050	ENST00000480491	RB1_HUMAN	GS0059275	ENSG00000127481	1	19401000	19536770	Homo sapiens	RB_Chicas_senescent	20385362	PROTEIN BINDING ASSAY::CHROMATIN IMMUNOPRECIPITATION (CHIP)
TF0001050	ENST00000480491	RB1_HUMAN	GS0053178	ENSG00000053372	1	19578033	19586622	Homo sapiens	RB_Chicas_senescent	20385362	PROTEIN BINDING ASSAY::CHROMATIN IMMUNOPRECIPITATION (CHIP)
TF0001050	ENST00000480491	RB1_HUMAN	GS0053178	ENSG00000053372	1	19578033	19586622	Homo sapiens	RB_Chicas_senescent	20385362	PROTEIN BINDING ASSAY::CHROMATIN IMMUNOPRECIPITATION (CHIP)
TF0001050	ENST00000480491	RB1_HUMAN	GS0053178	ENSG00000053372	1	19578033	19586622	Homo sapiens	RB_Chicas_senescent	20385362	PROTEIN BINDING ASSAY::CHROMATIN IMMUNOPRECIPITATION (CHIP)
TF0001050	ENST00000480491	RB1_HUMAN	GS0060763	ENSG00000077549	1	19665267	19812066	Homo sapiens	RB_Chicas_senescent	20385362	PROTEIN BINDING ASSAY::CHROMATIN IMMUNOPRECIPITATION (CHIP)
TF0001050	ENST00000480491	RB1_HUMAN	GS0060763	ENSG00000077549	1	19665267	19812066	Homo sapiens	RB_Chicas_senescent	20385362	PROTEIN BINDING ASSAY::CHROMATIN IMMUNOPRECIPITATION (CHIP)
TF0001050	ENST00000480491	RB1_HUMAN	GS0057394	ENSG00000158748	1	19991780	20006055	Homo sapiens	RB_Chicas_senescent	20385362	PROTEIN BINDING ASSAY::CHROMATIN IMMUNOPRECIPITATION (CHIP)
TF0001050	ENST00000480491	RB1_HUMAN	GS0053647	ENSG00000162542	1	20008706	20126438	Homo sapiens	RB_Chicas_senescent	20385362	PROTEIN BINDING ASSAY::CHROMATIN IMMUNOPRECIPITATION (CHIP)
TF0001050	ENST00000480491	RB1_HUMAN	GS0059519	ENSG00000169914	1	20209006	20239438	Homo sapiens	RB_Chicas_senescent	20385362	PROTEIN BINDING ASSAY::CHROMATIN IMMUNOPRECIPITATION (CHIP)
TF0001050	ENST00000480491	RB1_HUMAN	GS0058093	ENSG00000244038	1	20978270	20988000	Homo sapiens	RB_Chicas_senescent	20385362	PROTEIN BINDING ASSAY::CHROMATIN IMMUNOPRECIPITATION (CHIP)
TF0001050	ENST00000480491	RB1_HUMAN	GS0055453	ENSG00000117245	1	20990507	21044510	Homo sapiens	RB_Chicas_senescent	20385362	PROTEIN BINDING ASSAY::CHROMATIN IMMUNOPRECIPITATION (CHIP)
TF0001050	ENST00000480491	RB1_HUMAN	GS0056925	ENSG00000117298	1	21543740	21671997	Homo sapiens	RB_Chicas_senescent	20385362	PROTEIN BINDING ASSAY::CHROMATIN IMMUNOPRECIPITATION (CHIP)
TF0001050	ENST00000480491	RB1_HUMAN	GS0056925	ENSG00000117298	1	21543740	21671997	Homo sapiens	RB_Chicas_senescent	20385362	PROTEIN BINDING ASSAY::CHROMATIN IMMUNOPRECIPITATION (CHIP)
TF0001050	ENST00000480491	RB1_HUMAN	GS0056925	ENSG00000117298	1	21543740	21671997	Homo sapiens	RB_Chicas_senescent	20385362	PROTEIN BINDING ASSAY::CHROMATIN IMMUNOPRECIPITATION (CHIP)
TF0001050	ENST00000480491	RB1_HUMAN	GS0056024	ENSG00000076864	1	21922708	21995856	Homo sapiens	RB_Chicas_senescent	20385362	PROTEIN BINDING ASSAY::CHROMATIN IMMUNOPRECIPITATION (CHIP)
TF0001050	ENST00000480491	RB1_HUMAN	GS0060197	ENSG00000142789	1	22328149	22339032	Homo sapiens	RB_Chicas_senescent	20385362	PROTEIN BINDING ASSAY::CHROMATIN IMMUNOPRECIPITATION (CHIP)
TF0001050	ENST00000480491	RB1_HUMAN	GS0053220	ENSG00000184677	1	22778344	22857650	Homo sapiens	RB_Chicas_senescent	20385362	PROTEIN BINDING ASSAY::CHROMATIN IMMUNOPRECIPITATION (CHIP)
TF0001050	ENST00000480491	RB1_HUMAN	GS0053220	ENSG00000184677	1	22778344	22857650	Homo sapiens	RB_Chicas_senescent	20385362	PROTEIN BINDING ASSAY::CHROMATIN IMMUNOPRECIPITATION (CHIP)
TF0001050	ENST00000480491	RB1_HUMAN	GS0052280	ENSG00000004487	1	23345941	23410182	Homo sapiens	RB_Chicas_senescent	20385362	PROTEIN BINDING ASSAY::CHROMATIN IMMUNOPRECIPITATION (CHIP)
TF0001050	ENST00000480491	RB1_HUMAN	GS0056261	ENSG00000169641	1	23410516	23504301	Homo sapiens	RB_Chicas_senescent	20385362	PROTEIN BINDING ASSAY::CHROMATIN IMMUNOPRECIPITATION (CHIP)
TF0001050	ENST00000480491	RB1_HUMAN	GS0056261	ENSG00000169641	1	23410516	23504301	Homo sapiens	RB_Chicas_senescent	20385362	PROTEIN BINDING ASSAY::CHROMATIN IMMUNOPRECIPITATION (CHIP)
TF0001050	ENST00000480491	RB1_HUMAN	GS0052607	ENSG00000125944	1	23630264	23670829	Homo sapiens	RB_Chicas_senescent	20385362	PROTEIN BINDING ASSAY::CHROMATIN IMMUNOPRECIPITATION (CHIP)
TF0001050	ENST00000480491	RB1_HUMAN	GS0052607	ENSG00000125944	1	23630264	23670829	Homo sapiens	RB_Chicas_senescent	20385362	PROTEIN BINDING ASSAY::CHROMATIN IMMUNOPRECIPITATION (CHIP)
TF0001050	ENST00000480491	RB1_HUMAN	GS0060407	ENSG00000088280	1	23750352	23810750	Homo sapiens	RB_Chicas_senescent	20385362	PROTEIN BINDING ASSAY::CHROMATIN IMMUNOPRECIPITATION (CHIP)
TF0001050	ENST00000480491	RB1_HUMAN	GS0057927	ENSG00000007968	1	23832922	23857712	Homo sapiens	RB_Chicas_senescent	20385362	PROTEIN BINDING ASSAY::CHROMATIN IMMUNOPRECIPITATION (CHIP)
TF0001050	ENST00000480491	RB1_HUMAN	GS0056122	ENSG00000117318	1	23884409	23886285	Homo sapiens	RB_Chicas_senescent	20385362	PROTEIN BINDING ASSAY::CHROMATIN IMMUNOPRECIPITATION (CHIP)
TF0001050	ENST00000480491	RB1_HUMAN	GS0060314	ENSG00000011009	1	24117460	24122029	Homo sapiens	RB_Chicas_senescent	20385362	PROTEIN BINDING ASSAY::CHROMATIN IMMUNOPRECIPITATION (CHIP)
TF0001050	ENST00000480491	RB1_HUMAN	GS0057891	ENSG00000117308	1	24122089	24127271	Homo sapiens	RB_Chicas_senescent	20385362	PROTEIN BINDING ASSAY::CHROMATIN IMMUNOPRECIPITATION (CHIP)
TF0001050	ENST00000480491	RB1_HUMAN	GS0057891	ENSG00000117308	1	24122089	24127271	Homo sapiens	RB_Chicas_senescent	20385362	PROTEIN BINDING ASSAY::CHROMATIN IMMUNOPRECIPITATION (CHIP)
TF0001050	ENST00000480491	RB1_HUMAN	GS0060387	ENSG00000189266	1	24285599	24289952	Homo sapiens	RB_Chicas_senescent	20385362	PROTEIN BINDING ASSAY::CHROMATIN IMMUNOPRECIPITATION (CHIP)
TF0001050	ENST00000480491	RB1_HUMAN	GS0059137	ENSG00000188529	1	24291294	24307417	Homo sapiens	RB_Chicas_senescent	20385362	PROTEIN BINDING ASSAY::CHROMATIN IMMUNOPRECIPITATION (CHIP)
TF0001050	ENST00000480491	RB1_HUMAN	GS0055879	ENSG00000001460	1	24683489	24743424	Homo sapiens	RB_Chicas_senescent	20385362	PROTEIN BINDING ASSAY::CHROMATIN IMMUNOPRECIPITATION (CHIP)
TF0001050	ENST00000480491	RB1_HUMAN	GS0058210	ENSG00000133226	1	24958207	24999758	Homo sapiens	RB_Chicas_senescent	20385362	PROTEIN BINDING ASSAY::CHROMATIN IMMUNOPRECIPITATION (CHIP)
TF0001050	ENST00000480491	RB1_HUMAN	GS0058210	ENSG00000133226	1	24958207	24999758	Homo sapiens	RB_Chicas_senescent	20385362	PROTEIN BINDING ASSAY::CHROMATIN IMMUNOPRECIPITATION (CHIP)
TF0001050	ENST00000480491	RB1_HUMAN	GS0060612	ENSG00000169504	1	25071848	25170815	Homo sapiens	RB_Chicas_senescent	20385362	PROTEIN BINDING ASSAY::CHROMATIN IMMUNOPRECIPITATION (CHIP)
TF0001050	ENST00000480491	RB1_HUMAN	GS0060612	ENSG00000169504	1	25071848	25170815	Homo sapiens	RB_Chicas_senescent	20385362	PROTEIN BINDING ASSAY::CHROMATIN IMMUNOPRECIPITATION (CHIP)
TF0001050	ENST00000480491	RB1_HUMAN	GS0056844	ENSG00000117616	1	25568740	25594327	Homo sapiens	RB_Chicas_senescent	20385362	PROTEIN BINDING ASSAY::CHROMATIN IMMUNOPRECIPITATION (CHIP)
TF0001050	ENST00000480491	RB1_HUMAN	GS0052421	ENSG00000188672	1	25688741	25756683	Homo sapiens	RB_Chicas_senescent	20385362	PROTEIN BINDING ASSAY::CHROMATIN IMMUNOPRECIPITATION (CHIP)
TF0001050	ENST00000480491	RB1_HUMAN	GS0060673	ENSG00000117640	1	26145131	26159432	Homo sapiens	RB_Chicas_senescent	20385362	PROTEIN BINDING ASSAY::CHROMATIN IMMUNOPRECIPITATION (CHIP)
TF0001050	ENST00000480491	RB1_HUMAN	GS0058774	ENSG00000182749	1	26187701	26197744	Homo sapiens	RB_Chicas_senescent	20385362	PROTEIN BINDING ASSAY::CHROMATIN IMMUNOPRECIPITATION (CHIP)
TF0001050	ENST00000480491	RB1_HUMAN	GS0060146	ENSG00000117632	1	26210672	26233482	Homo sapiens	RB_Chicas_senescent	20385362	PROTEIN BINDING ASSAY::CHROMATIN IMMUNOPRECIPITATION (CHIP)
TF0001050	ENST00000480491	RB1_HUMAN	GS0060146	ENSG00000117632	1	26210672	26233482	Homo sapiens	RB_Chicas_senescent	20385362	PROTEIN BINDING ASSAY::CHROMATIN IMMUNOPRECIPITATION (CHIP)
TF0001050	ENST00000480491	RB1_HUMAN	GS0059955	ENSG00000158006	1	26286258	26324648	Homo sapiens	RB_Chicas_senescent	20385362	PROTEIN BINDING ASSAY::CHROMATIN IMMUNOPRECIPITATION (CHIP)
TF0001050	ENST00000480491	RB1_HUMAN	GS0058863	ENSG00000130695	1	26560691	26605299	Homo sapiens	RB_Chicas_senescent	20385362	PROTEIN BINDING ASSAY::CHROMATIN IMMUNOPRECIPITATION (CHIP)
TF0001050	ENST00000480491	RB1_HUMAN	GS0055048	ENSG00000131914	1	26737269	26756213	Homo sapiens	RB_Chicas_senescent	20385362	PROTEIN BINDING ASSAY::CHROMATIN IMMUNOPRECIPITATION (CHIP)
TF0001050	ENST00000480491	RB1_HUMAN	GS0053708	ENSG00000117682	1	26758773	26797785	Homo sapiens	RB_Chicas_senescent	20385362	PROTEIN BINDING ASSAY::CHROMATIN IMMUNOPRECIPITATION (CHIP)
TF0001050	ENST00000480491	RB1_HUMAN	GS0053708	ENSG00000117682	1	26758773	26797785	Homo sapiens	RB_Chicas_senescent	20385362	PROTEIN BINDING ASSAY::CHROMATIN IMMUNOPRECIPITATION (CHIP)
TF0001050	ENST00000480491	RB1_HUMAN	GS0054821	ENSG00000198830	1	26798941	26802463	Homo sapiens	RB_Chicas_senescent	20385362	PROTEIN BINDING ASSAY::CHROMATIN IMMUNOPRECIPITATION (CHIP)
TF0001050	ENST00000480491	RB1_HUMAN	GS0054800	ENSG00000117676	1	26856252	26901521	Homo sapiens	RB_Chicas_senescent	20385362	PROTEIN BINDING ASSAY::CHROMATIN IMMUNOPRECIPITATION (CHIP)
TF0001050	ENST00000480491	RB1_HUMAN	GS0057601	ENSG00000252802	1	26920431	26920532	Homo sapiens	RB_Chicas_senescent	20385362	PROTEIN BINDING ASSAY::CHROMATIN IMMUNOPRECIPITATION (CHIP)
TF0001050	ENST00000480491	RB1_HUMAN	GS0057601	ENSG00000252802	1	26920431	26920532	Homo sapiens	RB_Chicas_senescent	20385362	PROTEIN BINDING ASSAY::CHROMATIN IMMUNOPRECIPITATION (CHIP)
TF0001050	ENST00000480491	RB1_HUMAN	GS0060129	ENSG00000238316	1	26968777	26968880	Homo sapiens	RB_Chicas_senescent	20385362	PROTEIN BINDING ASSAY::CHROMATIN IMMUNOPRECIPITATION (CHIP)
TF0001050	ENST00000480491	RB1_HUMAN	GS0054403	ENSG00000175793	1	27189633	27190947	Homo sapiens	RB_Chicas_senescent	20385362	PROTEIN BINDING ASSAY::CHROMATIN IMMUNOPRECIPITATION (CHIP)
TF0001050	ENST00000480491	RB1_HUMAN	GS0060331	ENSG00000090273	1	27226729	27273353	Homo sapiens	RB_Chicas_senescent	20385362	PROTEIN BINDING ASSAY::CHROMATIN IMMUNOPRECIPITATION (CHIP)
TF0001050	ENST00000480491	RB1_HUMAN	GS0056330	ENSG00000253368	1	27320198	27327147	Homo sapiens	RB_Chicas_senescent	20385362	PROTEIN BINDING ASSAY::CHROMATIN IMMUNOPRECIPITATION (CHIP)
TF0001050	ENST00000480491	RB1_HUMAN	GS0059685	ENSG00000158246	1	27331511	27339327	Homo sapiens	RB_Chicas_senescent	20385362	PROTEIN BINDING ASSAY::CHROMATIN IMMUNOPRECIPITATION (CHIP)
TF0001050	ENST00000480491	RB1_HUMAN	GS0055379	ENSG00000090020	1	27425306	27493472	Homo sapiens	RB_Chicas_senescent	20385362	PROTEIN BINDING ASSAY::CHROMATIN IMMUNOPRECIPITATION (CHIP)
TF0001050	ENST00000480491	RB1_HUMAN	GS0055379	ENSG00000090020	1	27425306	27493472	Homo sapiens	RB_Chicas_senescent	20385362	PROTEIN BINDING ASSAY::CHROMATIN IMMUNOPRECIPITATION (CHIP)
TF0001050	ENST00000480491	RB1_HUMAN	GS0052029	ENSG00000142784	1	27561007	27635110	Homo sapiens	RB_Chicas_senescent	20385362	PROTEIN BINDING ASSAY::CHROMATIN IMMUNOPRECIPITATION (CHIP)
TF0001050	ENST00000480491	RB1_HUMAN	GS0052029	ENSG00000142784	1	27561007	27635110	Homo sapiens	RB_Chicas_senescent	20385362	PROTEIN BINDING ASSAY::CHROMATIN IMMUNOPRECIPITATION (CHIP)
TF0001050	ENST00000480491	RB1_HUMAN	GS0058039	ENSG00000186501	1	27648651	27662891	Homo sapiens	RB_Chicas_senescent	20385362	PROTEIN BINDING ASSAY::CHROMATIN IMMUNOPRECIPITATION (CHIP)
TF0001050	ENST00000480491	RB1_HUMAN	GS0057030	ENSG00000142733	1	27681670	27693383	Homo sapiens	RB_Chicas_senescent	20385362	PROTEIN BINDING ASSAY::CHROMATIN IMMUNOPRECIPITATION (CHIP)
TF0001050	ENST00000480491	RB1_HUMAN	GS0057030	ENSG00000142733	1	27681670	27693383	Homo sapiens	RB_Chicas_senescent	20385362	PROTEIN BINDING ASSAY::CHROMATIN IMMUNOPRECIPITATION (CHIP)
TF0001050	ENST00000480491	RB1_HUMAN	GS0059991	ENSG00000181773	1	27719148	27722318	Homo sapiens	RB_Chicas_senescent	20385362	PROTEIN BINDING ASSAY::CHROMATIN IMMUNOPRECIPITATION (CHIP)
TF0001050	ENST00000480491	RB1_HUMAN	GS0056255	ENSG00000158195	1	27730730	27816669	Homo sapiens	RB_Chicas_senescent	20385362	PROTEIN BINDING ASSAY::CHROMATIN IMMUNOPRECIPITATION (CHIP)
TF0001050	ENST00000480491	RB1_HUMAN	GS0059029	ENSG00000126705	1	27860546	27930942	Homo sapiens	RB_Chicas_senescent	20385362	PROTEIN BINDING ASSAY::CHROMATIN IMMUNOPRECIPITATION (CHIP)
TF0001050	ENST00000480491	RB1_HUMAN	GS0058614	ENSG00000126709	1	27992572	27998729	Homo sapiens	RB_Chicas_senescent	20385362	PROTEIN BINDING ASSAY::CHROMATIN IMMUNOPRECIPITATION (CHIP)
TF0001050	ENST00000480491	RB1_HUMAN	GS0058864	ENSG00000009780	1	28052490	28088475	Homo sapiens	RB_Chicas_senescent	20385362	PROTEIN BINDING ASSAY::CHROMATIN IMMUNOPRECIPITATION (CHIP)
TF0001050	ENST00000480491	RB1_HUMAN	GS0058554	ENSG00000117758	1	28099694	28150963	Homo sapiens	RB_Chicas_senescent	20385362	PROTEIN BINDING ASSAY::CHROMATIN IMMUNOPRECIPITATION (CHIP)
TF0001050	ENST00000480491	RB1_HUMAN	GS0058327	ENSG00000117751	1	28157289	28178187	Homo sapiens	RB_Chicas_senescent	20385362	PROTEIN BINDING ASSAY::CHROMATIN IMMUNOPRECIPITATION (CHIP)
TF0001050	ENST00000480491	RB1_HUMAN	GS0053695	ENSG00000130775	1	28199055	28213196	Homo sapiens	RB_Chicas_senescent	20385362	PROTEIN BINDING ASSAY::CHROMATIN IMMUNOPRECIPITATION (CHIP)
TF0001050	ENST00000480491	RB1_HUMAN	GS0054081	ENSG00000117748	1	28218035	28241257	Homo sapiens	RB_Chicas_senescent	20385362	PROTEIN BINDING ASSAY::CHROMATIN IMMUNOPRECIPITATION (CHIP)
TF0001050	ENST00000480491	RB1_HUMAN	GS0055224	ENSG00000126698	1	28527068	28559536	Homo sapiens	RB_Chicas_senescent	20385362	PROTEIN BINDING ASSAY::CHROMATIN IMMUNOPRECIPITATION (CHIP)
TF0001050	ENST00000480491	RB1_HUMAN	GS0054919	ENSG00000204138	1	28696114	28826881	Homo sapiens	RB_Chicas_senescent	20385362	PROTEIN BINDING ASSAY::CHROMATIN IMMUNOPRECIPITATION (CHIP)
TF0001050	ENST00000480491	RB1_HUMAN	GS0059308	ENSG00000180098	1	28879597	28905051	Homo sapiens	RB_Chicas_senescent	20385362	PROTEIN BINDING ASSAY::CHROMATIN IMMUNOPRECIPITATION (CHIP)
TF0001050	ENST00000480491	RB1_HUMAN	GS0059613	ENSG00000197989	1	28905050	28909495	Homo sapiens	RB_Chicas_senescent	20385362	PROTEIN BINDING ASSAY::CHROMATIN IMMUNOPRECIPITATION (CHIP)
TF0001050	ENST00000480491	RB1_HUMAN	GS0056168	ENSG00000209804	1	28975112	28975245	Homo sapiens	RB_Chicas_senescent	20385362	PROTEIN BINDING ASSAY::CHROMATIN IMMUNOPRECIPITATION (CHIP)
TF0001050	ENST00000480491	RB1_HUMAN	GS0056168	ENSG00000209804	1	28975112	28975245	Homo sapiens	RB_Chicas_senescent	20385362	PROTEIN BINDING ASSAY::CHROMATIN IMMUNOPRECIPITATION (CHIP)
TF0001050	ENST00000480491	RB1_HUMAN	GS0059443	ENSG00000162419	1	28995244	29045865	Homo sapiens	RB_Chicas_senescent	20385362	PROTEIN BINDING ASSAY::CHROMATIN IMMUNOPRECIPITATION (CHIP)
TF0001050	ENST00000480491	RB1_HUMAN	GS0055988	ENSG00000198492	1	29063133	29096287	Homo sapiens	RB_Chicas_senescent	20385362	PROTEIN BINDING ASSAY::CHROMATIN IMMUNOPRECIPITATION (CHIP)
TF0001050	ENST00000480491	RB1_HUMAN	GS0055988	ENSG00000198492	1	29063133	29096287	Homo sapiens	RB_Chicas_senescent	20385362	PROTEIN BINDING ASSAY::CHROMATIN IMMUNOPRECIPITATION (CHIP)
TF0001050	ENST00000480491	RB1_HUMAN	GS0058453	ENSG00000159023	1	29213603	29446553	Homo sapiens	RB_Chicas_senescent	20385362	PROTEIN BINDING ASSAY::CHROMATIN IMMUNOPRECIPITATION (CHIP)
TF0001050	ENST00000480491	RB1_HUMAN	GS0052299	ENSG00000253304	1	29445940	29450447	Homo sapiens	RB_Chicas_senescent	20385362	PROTEIN BINDING ASSAY::CHROMATIN IMMUNOPRECIPITATION (CHIP)
TF0001050	ENST00000480491	RB1_HUMAN	GS0052299	ENSG00000253304	1	29445940	29450447	Homo sapiens	RB_Chicas_senescent	20385362	PROTEIN BINDING ASSAY::CHROMATIN IMMUNOPRECIPITATION (CHIP)
TF0001050	ENST00000480491	RB1_HUMAN	GS0059230	ENSG00000116350	1	29474255	29508499	Homo sapiens	RB_Chicas_senescent	20385362	PROTEIN BINDING ASSAY::CHROMATIN IMMUNOPRECIPITATION (CHIP)
