TF0001161	ENST00000250448	FOXA1_HUMAN	GS0435575	ENSG00000253781	8	94658294	94659320	Homo sapiens	FOXA1_tan	21572391	PROTEIN BINDING ASSAY::CHROMATIN IMMUNOPRECIPITATION (CHIP)
TF0001161	ENST00000250448	FOXA1_HUMAN	GS0433514	ENSG00000201524	17	57924799	57924905	Homo sapiens	FOXA1_tan	21572391	PROTEIN BINDING ASSAY::CHROMATIN IMMUNOPRECIPITATION (CHIP)
TF0001161	ENST00000250448	FOXA1_HUMAN	GS0427171	ENSG00000101144	20	55743804	55841685	Homo sapiens	FOXA1_tan	21572391	PROTEIN BINDING ASSAY::CHROMATIN IMMUNOPRECIPITATION (CHIP)
TF0001161	ENST00000250448	FOXA1_HUMAN	GS0440658	ENSG00000241721	20	52491791	52492096	Homo sapiens	FOXA1_tan	21572391	PROTEIN BINDING ASSAY::CHROMATIN IMMUNOPRECIPITATION (CHIP)
TF0001161	ENST00000250448	FOXA1_HUMAN	GS0425372	ENSG00000124177	20	40030741	40247133	Homo sapiens	FOXA1_tan	21572391	PROTEIN BINDING ASSAY::CHROMATIN IMMUNOPRECIPITATION (CHIP)
TF0001161	ENST00000250448	FOXA1_HUMAN	GS0428659	ENSG00000141376	17	58755172	59470198	Homo sapiens	FOXA1_tan	21572391	PROTEIN BINDING ASSAY::CHROMATIN IMMUNOPRECIPITATION (CHIP)
TF0001161	ENST00000250448	FOXA1_HUMAN	GS0428659	ENSG00000141376	17	58755172	59470198	Homo sapiens	FOXA1_tan	21572391	PROTEIN BINDING ASSAY::CHROMATIN IMMUNOPRECIPITATION (CHIP)
TF0001161	ENST00000250448	FOXA1_HUMAN	GS0443188	ENSG00000101134	20	53092136	53267710	Homo sapiens	FOXA1_tan	21572391	PROTEIN BINDING ASSAY::CHROMATIN IMMUNOPRECIPITATION (CHIP)
TF0001161	ENST00000250448	FOXA1_HUMAN	GS0422099	ENSG00000201584	2	121798186	121798286	Homo sapiens	FOXA1_tan	21572391	PROTEIN BINDING ASSAY::CHROMATIN IMMUNOPRECIPITATION (CHIP)
TF0001161	ENST00000250448	FOXA1_HUMAN	GS0428659	ENSG00000141376	17	58755172	59470198	Homo sapiens	FOXA1_tan	21572391	PROTEIN BINDING ASSAY::CHROMATIN IMMUNOPRECIPITATION (CHIP)
TF0001161	ENST00000250448	FOXA1_HUMAN	GS0453521	ENSG00000253506	17	59667794	59668563	Homo sapiens	FOXA1_tan	21572391	PROTEIN BINDING ASSAY::CHROMATIN IMMUNOPRECIPITATION (CHIP)
TF0001161	ENST00000250448	FOXA1_HUMAN	GS0424064	ENSG00000165219	9	128024073	128129486	Homo sapiens	FOXA1_tan	21572391	PROTEIN BINDING ASSAY::CHROMATIN IMMUNOPRECIPITATION (CHIP)
TF0001161	ENST00000250448	FOXA1_HUMAN	GS0430048	ENSG00000146143	6	57179603	57513375	Homo sapiens	FOXA1_tan	21572391	PROTEIN BINDING ASSAY::CHROMATIN IMMUNOPRECIPITATION (CHIP)
TF0001161	ENST00000250448	FOXA1_HUMAN	GS0459029	ENSG00000171385	1	112313284	112531777	Homo sapiens	FOXA1_tan	21572391	PROTEIN BINDING ASSAY::CHROMATIN IMMUNOPRECIPITATION (CHIP)
TF0001161	ENST00000250448	FOXA1_HUMAN	GS0429456	ENSG00000201790	5	105258695	105258809	Homo sapiens	FOXA1_tan	21572391	PROTEIN BINDING ASSAY::CHROMATIN IMMUNOPRECIPITATION (CHIP)
TF0001161	ENST00000250448	FOXA1_HUMAN	GS0433056	ENSG00000064787	20	52553316	52687304	Homo sapiens	FOXA1_tan	21572391	PROTEIN BINDING ASSAY::CHROMATIN IMMUNOPRECIPITATION (CHIP)
TF0001161	ENST00000250448	FOXA1_HUMAN	GS0431952	ENSG00000019186	20	52769988	52790512	Homo sapiens	FOXA1_tan	21572391	PROTEIN BINDING ASSAY::CHROMATIN IMMUNOPRECIPITATION (CHIP)
TF0001161	ENST00000250448	FOXA1_HUMAN	GS0454409	ENSG00000106829	9	82186688	82341658	Homo sapiens	FOXA1_tan	21572391	PROTEIN BINDING ASSAY::CHROMATIN IMMUNOPRECIPITATION (CHIP)
TF0001161	ENST00000250448	FOXA1_HUMAN	GS0453053	ENSG00000205133	8	93895758	94029901	Homo sapiens	FOXA1_tan	21572391	PROTEIN BINDING ASSAY::CHROMATIN IMMUNOPRECIPITATION (CHIP)
TF0001161	ENST00000250448	FOXA1_HUMAN	GS0429131	ENSG00000207119	15	69750281	69750488	Homo sapiens	FOXA1_tan	21572391	PROTEIN BINDING ASSAY::CHROMATIN IMMUNOPRECIPITATION (CHIP)
TF0001161	ENST00000250448	FOXA1_HUMAN	GS0446356	ENSG00000108588	17	61822611	61851088	Homo sapiens	FOXA1_tan	21572391	PROTEIN BINDING ASSAY::CHROMATIN IMMUNOPRECIPITATION (CHIP)
TF0001161	ENST00000250448	FOXA1_HUMAN	GS0457230	ENSG00000123992	2	220238268	220586393	Homo sapiens	FOXA1_tan	21572391	PROTEIN BINDING ASSAY::CHROMATIN IMMUNOPRECIPITATION (CHIP)
TF0001161	ENST00000250448	FOXA1_HUMAN	GS0427109	ENSG00000185013	2	18744138	18770838	Homo sapiens	FOXA1_tan	21572391	PROTEIN BINDING ASSAY::CHROMATIN IMMUNOPRECIPITATION (CHIP)
TF0001161	ENST00000250448	FOXA1_HUMAN	GS0440658	ENSG00000241721	20	52491791	52492096	Homo sapiens	FOXA1_tan	21572391	PROTEIN BINDING ASSAY::CHROMATIN IMMUNOPRECIPITATION (CHIP)
TF0001161	ENST00000250448	FOXA1_HUMAN	GS0425878	ENSG00000162944	2	198435524	198540769	Homo sapiens	FOXA1_tan	21572391	PROTEIN BINDING ASSAY::CHROMATIN IMMUNOPRECIPITATION (CHIP)
TF0001161	ENST00000250448	FOXA1_HUMAN	GS0424811	ENSG00000222985	14	65591070	65591260	Homo sapiens	FOXA1_tan	21572391	PROTEIN BINDING ASSAY::CHROMATIN IMMUNOPRECIPITATION (CHIP)
TF0001161	ENST00000250448	FOXA1_HUMAN	GS0431244	ENSG00000083307	8	102504660	102681954	Homo sapiens	FOXA1_tan	21572391	PROTEIN BINDING ASSAY::CHROMATIN IMMUNOPRECIPITATION (CHIP)
TF0001161	ENST00000250448	FOXA1_HUMAN	GS0446331	ENSG00000164256	5	23507264	23528706	Homo sapiens	FOXA1_tan	21572391	PROTEIN BINDING ASSAY::CHROMATIN IMMUNOPRECIPITATION (CHIP)
TF0001161	ENST00000250448	FOXA1_HUMAN	GS0428974	ENSG00000160967	7	101459240	101927250	Homo sapiens	FOXA1_tan	21572391	PROTEIN BINDING ASSAY::CHROMATIN IMMUNOPRECIPITATION (CHIP)
TF0001161	ENST00000250448	FOXA1_HUMAN	GS0458117	ENSG00000212505	10	8698679	8698794	Homo sapiens	FOXA1_tan	21572391	PROTEIN BINDING ASSAY::CHROMATIN IMMUNOPRECIPITATION (CHIP)
TF0001161	ENST00000250448	FOXA1_HUMAN	GS0442244	ENSG00000115761	2	10710892	10830101	Homo sapiens	FOXA1_tan	21572391	PROTEIN BINDING ASSAY::CHROMATIN IMMUNOPRECIPITATION (CHIP)
TF0001161	ENST00000250448	FOXA1_HUMAN	GS0435469	ENSG00000234075	20	46106958	46107754	Homo sapiens	FOXA1_tan	21572391	PROTEIN BINDING ASSAY::CHROMATIN IMMUNOPRECIPITATION (CHIP)
TF0001161	ENST00000250448	FOXA1_HUMAN	GS0440658	ENSG00000241721	20	52491791	52492096	Homo sapiens	FOXA1_tan	21572391	PROTEIN BINDING ASSAY::CHROMATIN IMMUNOPRECIPITATION (CHIP)
TF0001161	ENST00000250448	FOXA1_HUMAN	GS0434278	ENSG00000202341	2	237923847	237923948	Homo sapiens	FOXA1_tan	21572391	PROTEIN BINDING ASSAY::CHROMATIN IMMUNOPRECIPITATION (CHIP)
TF0001161	ENST00000250448	FOXA1_HUMAN	GS0438763	ENSG00000238468	20	52285236	52285297	Homo sapiens	FOXA1_tan	21572391	PROTEIN BINDING ASSAY::CHROMATIN IMMUNOPRECIPITATION (CHIP)
TF0001161	ENST00000250448	FOXA1_HUMAN	GS0445006	ENSG00000163630	3	63213991	63602597	Homo sapiens	FOXA1_tan	21572391	PROTEIN BINDING ASSAY::CHROMATIN IMMUNOPRECIPITATION (CHIP)
TF0001161	ENST00000250448	FOXA1_HUMAN	GS0438635	ENSG00000196781	9	84198598	84304220	Homo sapiens	FOXA1_tan	21572391	PROTEIN BINDING ASSAY::CHROMATIN IMMUNOPRECIPITATION (CHIP)
TF0001161	ENST00000250448	FOXA1_HUMAN	GS0426077	ENSG00000164266	5	147204131	147211349	Homo sapiens	FOXA1_tan	21572391	PROTEIN BINDING ASSAY::CHROMATIN IMMUNOPRECIPITATION (CHIP)
TF0001161	ENST00000250448	FOXA1_HUMAN	GS0448883	ENSG00000198836	3	193310933	193415612	Homo sapiens	FOXA1_tan	21572391	PROTEIN BINDING ASSAY::CHROMATIN IMMUNOPRECIPITATION (CHIP)
TF0001161	ENST00000250448	FOXA1_HUMAN	GS0453849	ENSG00000166446	16	80637675	80838175	Homo sapiens	FOXA1_tan	21572391	PROTEIN BINDING ASSAY::CHROMATIN IMMUNOPRECIPITATION (CHIP)
TF0001161	ENST00000250448	FOXA1_HUMAN	GS0422780	ENSG00000177728	17	73452664	73496530	Homo sapiens	FOXA1_tan	21572391	PROTEIN BINDING ASSAY::CHROMATIN IMMUNOPRECIPITATION (CHIP)
TF0001161	ENST00000250448	FOXA1_HUMAN	GS0432640	ENSG00000106952	9	117656003	117692697	Homo sapiens	FOXA1_tan	21572391	PROTEIN BINDING ASSAY::CHROMATIN IMMUNOPRECIPITATION (CHIP)
TF0001161	ENST00000250448	FOXA1_HUMAN	GS0433987	ENSG00000053254	14	89622529	89883454	Homo sapiens	FOXA1_tan	21572391	PROTEIN BINDING ASSAY::CHROMATIN IMMUNOPRECIPITATION (CHIP)
TF0001161	ENST00000250448	FOXA1_HUMAN	GS0432270	ENSG00000064655	20	45523263	45817492	Homo sapiens	FOXA1_tan	21572391	PROTEIN BINDING ASSAY::CHROMATIN IMMUNOPRECIPITATION (CHIP)
TF0001161	ENST00000250448	FOXA1_HUMAN	GS0450918	ENSG00000163393	1	116519119	116612675	Homo sapiens	FOXA1_tan	21572391	PROTEIN BINDING ASSAY::CHROMATIN IMMUNOPRECIPITATION (CHIP)
TF0001161	ENST00000250448	FOXA1_HUMAN	GS0443932	ENSG00000129151	11	27062272	27149356	Homo sapiens	FOXA1_tan	21572391	PROTEIN BINDING ASSAY::CHROMATIN IMMUNOPRECIPITATION (CHIP)
TF0001161	ENST00000250448	FOXA1_HUMAN	GS0456320	ENSG00000165105	9	85594500	85678092	Homo sapiens	FOXA1_tan	21572391	PROTEIN BINDING ASSAY::CHROMATIN IMMUNOPRECIPITATION (CHIP)
TF0001161	ENST00000250448	FOXA1_HUMAN	GS0428524	ENSG00000156170	8	95907995	96128683	Homo sapiens	FOXA1_tan	21572391	PROTEIN BINDING ASSAY::CHROMATIN IMMUNOPRECIPITATION (CHIP)
TF0001161	ENST00000250448	FOXA1_HUMAN	GS0454078	ENSG00000087157	17	76374735	76420635	Homo sapiens	FOXA1_tan	21572391	PROTEIN BINDING ASSAY::CHROMATIN IMMUNOPRECIPITATION (CHIP)
TF0001161	ENST00000250448	FOXA1_HUMAN	GS0424183	ENSG00000222146	8	113160971	113161054	Homo sapiens	FOXA1_tan	21572391	PROTEIN BINDING ASSAY::CHROMATIN IMMUNOPRECIPITATION (CHIP)
TF0001161	ENST00000250448	FOXA1_HUMAN	GS0436765	ENSG00000162852	1	246729746	246831886	Homo sapiens	FOXA1_tan	21572391	PROTEIN BINDING ASSAY::CHROMATIN IMMUNOPRECIPITATION (CHIP)
TF0001161	ENST00000250448	FOXA1_HUMAN	GS0449908	ENSG00000163637	3	64079543	64253655	Homo sapiens	FOXA1_tan	21572391	PROTEIN BINDING ASSAY::CHROMATIN IMMUNOPRECIPITATION (CHIP)
TF0001161	ENST00000250448	FOXA1_HUMAN	GS0434834	ENSG00000196091	12	101962131	102079796	Homo sapiens	FOXA1_tan	21572391	PROTEIN BINDING ASSAY::CHROMATIN IMMUNOPRECIPITATION (CHIP)
TF0001161	ENST00000250448	FOXA1_HUMAN	GS0440658	ENSG00000241721	20	52491791	52492096	Homo sapiens	FOXA1_tan	21572391	PROTEIN BINDING ASSAY::CHROMATIN IMMUNOPRECIPITATION (CHIP)
TF0001161	ENST00000250448	FOXA1_HUMAN	GS0432964	ENSG00000128833	15	52484519	52587970	Homo sapiens	FOXA1_tan	21572391	PROTEIN BINDING ASSAY::CHROMATIN IMMUNOPRECIPITATION (CHIP)
TF0001161	ENST00000250448	FOXA1_HUMAN	GS0437331	ENSG00000145632	5	57749809	57756087	Homo sapiens	FOXA1_tan	21572391	PROTEIN BINDING ASSAY::CHROMATIN IMMUNOPRECIPITATION (CHIP)
TF0001161	ENST00000250448	FOXA1_HUMAN	GS0433514	ENSG00000201524	17	57924799	57924905	Homo sapiens	FOXA1_tan	21572391	PROTEIN BINDING ASSAY::CHROMATIN IMMUNOPRECIPITATION (CHIP)
TF0001161	ENST00000250448	FOXA1_HUMAN	GS0446625	ENSG00000237674	6	52604388	52609454	Homo sapiens	FOXA1_tan	21572391	PROTEIN BINDING ASSAY::CHROMATIN IMMUNOPRECIPITATION (CHIP)
TF0001161	ENST00000250448	FOXA1_HUMAN	GS0443315	ENSG00000116128	1	147013182	147098017	Homo sapiens	FOXA1_tan	21572391	PROTEIN BINDING ASSAY::CHROMATIN IMMUNOPRECIPITATION (CHIP)
TF0001161	ENST00000250448	FOXA1_HUMAN	GS0432357	ENSG00000112379	6	138483058	138665800	Homo sapiens	FOXA1_tan	21572391	PROTEIN BINDING ASSAY::CHROMATIN IMMUNOPRECIPITATION (CHIP)
TF0001161	ENST00000250448	FOXA1_HUMAN	GS0450043	ENSG00000203721	1	200311672	200343482	Homo sapiens	FOXA1_tan	21572391	PROTEIN BINDING ASSAY::CHROMATIN IMMUNOPRECIPITATION (CHIP)
TF0001161	ENST00000250448	FOXA1_HUMAN	GS0452462	ENSG00000103888	15	81071684	81244117	Homo sapiens	FOXA1_tan	21572391	PROTEIN BINDING ASSAY::CHROMATIN IMMUNOPRECIPITATION (CHIP)
TF0001161	ENST00000250448	FOXA1_HUMAN	GS0430557	ENSG00000171033	8	79428374	79517502	Homo sapiens	FOXA1_tan	21572391	PROTEIN BINDING ASSAY::CHROMATIN IMMUNOPRECIPITATION (CHIP)
TF0001161	ENST00000250448	FOXA1_HUMAN	GS0429556	ENSG00000157613	11	46299212	46342972	Homo sapiens	FOXA1_tan	21572391	PROTEIN BINDING ASSAY::CHROMATIN IMMUNOPRECIPITATION (CHIP)
TF0001161	ENST00000250448	FOXA1_HUMAN	GS0428659	ENSG00000141376	17	58755172	59470198	Homo sapiens	FOXA1_tan	21572391	PROTEIN BINDING ASSAY::CHROMATIN IMMUNOPRECIPITATION (CHIP)
TF0001161	ENST00000250448	FOXA1_HUMAN	GS0438982	ENSG00000214182	13	82264203	82264535	Homo sapiens	FOXA1_tan	21572391	PROTEIN BINDING ASSAY::CHROMATIN IMMUNOPRECIPITATION (CHIP)
TF0001161	ENST00000250448	FOXA1_HUMAN	GS0447414	ENSG00000106302	7	123469037	123517532	Homo sapiens	FOXA1_tan	21572391	PROTEIN BINDING ASSAY::CHROMATIN IMMUNOPRECIPITATION (CHIP)
TF0001161	ENST00000250448	FOXA1_HUMAN	GS0451986	ENSG00000062716	17	57784863	57917950	Homo sapiens	FOXA1_tan	21572391	PROTEIN BINDING ASSAY::CHROMATIN IMMUNOPRECIPITATION (CHIP)
TF0001161	ENST00000250448	FOXA1_HUMAN	GS0445566	ENSG00000129514	14	38059189	38069245	Homo sapiens	FOXA1_tan	21572391	PROTEIN BINDING ASSAY::CHROMATIN IMMUNOPRECIPITATION (CHIP)
TF0001161	ENST00000250448	FOXA1_HUMAN	GS0441208	ENSG00000135269	7	115850547	115898837	Homo sapiens	FOXA1_tan	21572391	PROTEIN BINDING ASSAY::CHROMATIN IMMUNOPRECIPITATION (CHIP)
TF0001161	ENST00000250448	FOXA1_HUMAN	GS0456755	ENSG00000221697	6	33967749	33967828	Homo sapiens	FOXA1_tan	21572391	PROTEIN BINDING ASSAY::CHROMATIN IMMUNOPRECIPITATION (CHIP)
TF0001161	ENST00000250448	FOXA1_HUMAN	GS0422947	ENSG00000198797	1	177140063	177251558	Homo sapiens	FOXA1_tan	21572391	PROTEIN BINDING ASSAY::CHROMATIN IMMUNOPRECIPITATION (CHIP)
TF0001161	ENST00000250448	FOXA1_HUMAN	GS0448157	ENSG00000153179	12	65004293	65091347	Homo sapiens	FOXA1_tan	21572391	PROTEIN BINDING ASSAY::CHROMATIN IMMUNOPRECIPITATION (CHIP)
TF0001161	ENST00000250448	FOXA1_HUMAN	GS0451226	ENSG00000136492	17	59759985	59940755	Homo sapiens	FOXA1_tan	21572391	PROTEIN BINDING ASSAY::CHROMATIN IMMUNOPRECIPITATION (CHIP)
TF0001161	ENST00000250448	FOXA1_HUMAN	GS0425020	ENSG00000114120	3	140660672	140698775	Homo sapiens	FOXA1_tan	21572391	PROTEIN BINDING ASSAY::CHROMATIN IMMUNOPRECIPITATION (CHIP)
TF0001161	ENST00000250448	FOXA1_HUMAN	GS0449908	ENSG00000163637	3	64079543	64253655	Homo sapiens	FOXA1_tan	21572391	PROTEIN BINDING ASSAY::CHROMATIN IMMUNOPRECIPITATION (CHIP)
TF0001161	ENST00000250448	FOXA1_HUMAN	GS0442641	ENSG00000212273	8	134656841	134656968	Homo sapiens	FOXA1_tan	21572391	PROTEIN BINDING ASSAY::CHROMATIN IMMUNOPRECIPITATION (CHIP)
TF0001161	ENST00000250448	FOXA1_HUMAN	GS0421505	ENSG00000124151	20	46130601	46285621	Homo sapiens	FOXA1_tan	21572391	PROTEIN BINDING ASSAY::CHROMATIN IMMUNOPRECIPITATION (CHIP)
TF0001161	ENST00000250448	FOXA1_HUMAN	GS0422324	ENSG00000119669	14	77490888	77495034	Homo sapiens	FOXA1_tan	21572391	PROTEIN BINDING ASSAY::CHROMATIN IMMUNOPRECIPITATION (CHIP)
TF0001161	ENST00000250448	FOXA1_HUMAN	GS0457230	ENSG00000123992	2	220238268	220586393	Homo sapiens	FOXA1_tan	21572391	PROTEIN BINDING ASSAY::CHROMATIN IMMUNOPRECIPITATION (CHIP)
TF0001161	ENST00000250448	FOXA1_HUMAN	GS0433679	ENSG00000176597	3	182971032	183016292	Homo sapiens	FOXA1_tan	21572391	PROTEIN BINDING ASSAY::CHROMATIN IMMUNOPRECIPITATION (CHIP)
TF0001161	ENST00000250448	FOXA1_HUMAN	GS0451799	ENSG00000101040	20	45837859	45985567	Homo sapiens	FOXA1_tan	21572391	PROTEIN BINDING ASSAY::CHROMATIN IMMUNOPRECIPITATION (CHIP)
TF0001161	ENST00000250448	FOXA1_HUMAN	GS0421505	ENSG00000124151	20	46130601	46285621	Homo sapiens	FOXA1_tan	21572391	PROTEIN BINDING ASSAY::CHROMATIN IMMUNOPRECIPITATION (CHIP)
TF0001161	ENST00000250448	FOXA1_HUMAN	GS0433056	ENSG00000064787	20	52553316	52687304	Homo sapiens	FOXA1_tan	21572391	PROTEIN BINDING ASSAY::CHROMATIN IMMUNOPRECIPITATION (CHIP)
TF0001161	ENST00000250448	FOXA1_HUMAN	GS0449424	ENSG00000105810	7	92234235	92465908	Homo sapiens	FOXA1_tan	21572391	PROTEIN BINDING ASSAY::CHROMATIN IMMUNOPRECIPITATION (CHIP)
TF0001161	ENST00000250448	FOXA1_HUMAN	GS0428809	ENSG00000112249	6	100956070	101329248	Homo sapiens	FOXA1_tan	21572391	PROTEIN BINDING ASSAY::CHROMATIN IMMUNOPRECIPITATION (CHIP)
TF0001161	ENST00000250448	FOXA1_HUMAN	GS0442993	ENSG00000117281	1	145695798	145715614	Homo sapiens	FOXA1_tan	21572391	PROTEIN BINDING ASSAY::CHROMATIN IMMUNOPRECIPITATION (CHIP)
TF0001161	ENST00000250448	FOXA1_HUMAN	GS0438047	ENSG00000168843	4	162305049	163085187	Homo sapiens	FOXA1_tan	21572391	PROTEIN BINDING ASSAY::CHROMATIN IMMUNOPRECIPITATION (CHIP)
TF0001161	ENST00000250448	FOXA1_HUMAN	GS0442641	ENSG00000212273	8	134656841	134656968	Homo sapiens	FOXA1_tan	21572391	PROTEIN BINDING ASSAY::CHROMATIN IMMUNOPRECIPITATION (CHIP)
TF0001161	ENST00000250448	FOXA1_HUMAN	GS0438911	ENSG00000137166	6	41514164	41570122	Homo sapiens	FOXA1_tan	21572391	PROTEIN BINDING ASSAY::CHROMATIN IMMUNOPRECIPITATION (CHIP)
TF0001161	ENST00000250448	FOXA1_HUMAN	GS0432310	ENSG00000199839	3	181540660	181540778	Homo sapiens	FOXA1_tan	21572391	PROTEIN BINDING ASSAY::CHROMATIN IMMUNOPRECIPITATION (CHIP)
TF0001161	ENST00000250448	FOXA1_HUMAN	GS0458138	ENSG00000243478	2	201560640	201658962	Homo sapiens	FOXA1_tan	21572391	PROTEIN BINDING ASSAY::CHROMATIN IMMUNOPRECIPITATION (CHIP)
TF0001161	ENST00000250448	FOXA1_HUMAN	GS0457041	ENSG00000176659	20	58630980	58648008	Homo sapiens	FOXA1_tan	21572391	PROTEIN BINDING ASSAY::CHROMATIN IMMUNOPRECIPITATION (CHIP)
TF0001161	ENST00000250448	FOXA1_HUMAN	GS0421505	ENSG00000124151	20	46130601	46285621	Homo sapiens	FOXA1_tan	21572391	PROTEIN BINDING ASSAY::CHROMATIN IMMUNOPRECIPITATION (CHIP)
TF0001161	ENST00000250448	FOXA1_HUMAN	GS0429131	ENSG00000207119	15	69750281	69750488	Homo sapiens	FOXA1_tan	21572391	PROTEIN BINDING ASSAY::CHROMATIN IMMUNOPRECIPITATION (CHIP)
TF0001161	ENST00000250448	FOXA1_HUMAN	GS0424912	ENSG00000198879	10	7200586	7453450	Homo sapiens	FOXA1_tan	21572391	PROTEIN BINDING ASSAY::CHROMATIN IMMUNOPRECIPITATION (CHIP)
TF0001161	ENST00000250448	FOXA1_HUMAN	GS0429387	ENSG00000140563	15	94774767	95027180	Homo sapiens	FOXA1_tan	21572391	PROTEIN BINDING ASSAY::CHROMATIN IMMUNOPRECIPITATION (CHIP)
TF0001161	ENST00000250448	FOXA1_HUMAN	GS0423955	ENSG00000199450	8	117034911	117035004	Homo sapiens	FOXA1_tan	21572391	PROTEIN BINDING ASSAY::CHROMATIN IMMUNOPRECIPITATION (CHIP)
TF0001161	ENST00000250448	FOXA1_HUMAN	GS0426763	ENSG00000144724	3	61547243	62283288	Homo sapiens	FOXA1_tan	21572391	PROTEIN BINDING ASSAY::CHROMATIN IMMUNOPRECIPITATION (CHIP)
TF0001161	ENST00000250448	FOXA1_HUMAN	GS0436891	ENSG00000204262	2	189896622	190044605	Homo sapiens	FOXA1_tan	21572391	PROTEIN BINDING ASSAY::CHROMATIN IMMUNOPRECIPITATION (CHIP)
TF0001161	ENST00000250448	FOXA1_HUMAN	GS0439727	ENSG00000226564	2	181737594	181738141	Homo sapiens	FOXA1_tan	21572391	PROTEIN BINDING ASSAY::CHROMATIN IMMUNOPRECIPITATION (CHIP)
TF0001161	ENST00000250448	FOXA1_HUMAN	GS0458774	ENSG00000101132	20	52824386	52844591	Homo sapiens	FOXA1_tan	21572391	PROTEIN BINDING ASSAY::CHROMATIN IMMUNOPRECIPITATION (CHIP)
TF0001161	ENST00000250448	FOXA1_HUMAN	GS0442014	ENSG00000082438	2	165510134	165700189	Homo sapiens	FOXA1_tan	21572391	PROTEIN BINDING ASSAY::CHROMATIN IMMUNOPRECIPITATION (CHIP)
TF0001161	ENST00000250448	FOXA1_HUMAN	GS0428787	ENSG00000207552	17	61021576	61021673	Homo sapiens	FOXA1_tan	21572391	PROTEIN BINDING ASSAY::CHROMATIN IMMUNOPRECIPITATION (CHIP)
TF0001161	ENST00000250448	FOXA1_HUMAN	GS0423837	ENSG00000237000	20	55275893	55276570	Homo sapiens	FOXA1_tan	21572391	PROTEIN BINDING ASSAY::CHROMATIN IMMUNOPRECIPITATION (CHIP)
TF0001161	ENST00000250448	FOXA1_HUMAN	GS0436788	ENSG00000169908	3	149086809	149095652	Homo sapiens	FOXA1_tan	21572391	PROTEIN BINDING ASSAY::CHROMATIN IMMUNOPRECIPITATION (CHIP)
TF0001161	ENST00000250448	FOXA1_HUMAN	GS0426756	ENSG00000113494	5	35048861	35230794	Homo sapiens	FOXA1_tan	21572391	PROTEIN BINDING ASSAY::CHROMATIN IMMUNOPRECIPITATION (CHIP)
TF0001161	ENST00000250448	FOXA1_HUMAN	GS0421608	ENSG00000178372	10	5540658	5541533	Homo sapiens	FOXA1_tan	21572391	PROTEIN BINDING ASSAY::CHROMATIN IMMUNOPRECIPITATION (CHIP)
TF0001161	ENST00000250448	FOXA1_HUMAN	GS0427962	ENSG00000148120	9	97488983	97849441	Homo sapiens	FOXA1_tan	21572391	PROTEIN BINDING ASSAY::CHROMATIN IMMUNOPRECIPITATION (CHIP)
TF0001161	ENST00000250448	FOXA1_HUMAN	GS0433056	ENSG00000064787	20	52553316	52687304	Homo sapiens	FOXA1_tan	21572391	PROTEIN BINDING ASSAY::CHROMATIN IMMUNOPRECIPITATION (CHIP)
TF0001161	ENST00000250448	FOXA1_HUMAN	GS0429964	ENSG00000253053	12	54209969	54210263	Homo sapiens	FOXA1_tan	21572391	PROTEIN BINDING ASSAY::CHROMATIN IMMUNOPRECIPITATION (CHIP)
TF0001161	ENST00000250448	FOXA1_HUMAN	GS0449160	ENSG00000030419	2	213864429	214017151	Homo sapiens	FOXA1_tan	21572391	PROTEIN BINDING ASSAY::CHROMATIN IMMUNOPRECIPITATION (CHIP)
TF0001161	ENST00000250448	FOXA1_HUMAN	GS0445229	ENSG00000165084	8	69242957	69731257	Homo sapiens	FOXA1_tan	21572391	PROTEIN BINDING ASSAY::CHROMATIN IMMUNOPRECIPITATION (CHIP)
TF0001161	ENST00000250448	FOXA1_HUMAN	GS0428069	ENSG00000182447	3	161214596	161221730	Homo sapiens	FOXA1_tan	21572391	PROTEIN BINDING ASSAY::CHROMATIN IMMUNOPRECIPITATION (CHIP)
TF0001161	ENST00000250448	FOXA1_HUMAN	GS0436746	ENSG00000176788	5	17217669	17276943	Homo sapiens	FOXA1_tan	21572391	PROTEIN BINDING ASSAY::CHROMATIN IMMUNOPRECIPITATION (CHIP)
TF0001161	ENST00000250448	FOXA1_HUMAN	GS0427390	ENSG00000163638	3	64501333	64673676	Homo sapiens	FOXA1_tan	21572391	PROTEIN BINDING ASSAY::CHROMATIN IMMUNOPRECIPITATION (CHIP)
TF0001161	ENST00000250448	FOXA1_HUMAN	GS0435469	ENSG00000234075	20	46106958	46107754	Homo sapiens	FOXA1_tan	21572391	PROTEIN BINDING ASSAY::CHROMATIN IMMUNOPRECIPITATION (CHIP)
TF0001161	ENST00000250448	FOXA1_HUMAN	GS0444944	ENSG00000151376	11	86152150	86383678	Homo sapiens	FOXA1_tan	21572391	PROTEIN BINDING ASSAY::CHROMATIN IMMUNOPRECIPITATION (CHIP)
TF0001161	ENST00000250448	FOXA1_HUMAN	GS0455732	ENSG00000033170	14	65877310	66210839	Homo sapiens	FOXA1_tan	21572391	PROTEIN BINDING ASSAY::CHROMATIN IMMUNOPRECIPITATION (CHIP)
TF0001161	ENST00000250448	FOXA1_HUMAN	GS0438635	ENSG00000196781	9	84198598	84304220	Homo sapiens	FOXA1_tan	21572391	PROTEIN BINDING ASSAY::CHROMATIN IMMUNOPRECIPITATION (CHIP)
TF0001161	ENST00000250448	FOXA1_HUMAN	GS0453053	ENSG00000205133	8	93895758	94029901	Homo sapiens	FOXA1_tan	21572391	PROTEIN BINDING ASSAY::CHROMATIN IMMUNOPRECIPITATION (CHIP)
TF0001161	ENST00000250448	FOXA1_HUMAN	GS0426482	ENSG00000120875	8	29190581	29208185	Homo sapiens	FOXA1_tan	21572391	PROTEIN BINDING ASSAY::CHROMATIN IMMUNOPRECIPITATION (CHIP)
TF0001161	ENST00000250448	FOXA1_HUMAN	GS0438695	ENSG00000104267	8	86376081	86393693	Homo sapiens	FOXA1_tan	21572391	PROTEIN BINDING ASSAY::CHROMATIN IMMUNOPRECIPITATION (CHIP)
TF0001161	ENST00000250448	FOXA1_HUMAN	GS0435764	ENSG00000143341	1	185703683	186160085	Homo sapiens	FOXA1_tan	21572391	PROTEIN BINDING ASSAY::CHROMATIN IMMUNOPRECIPITATION (CHIP)
TF0001161	ENST00000250448	FOXA1_HUMAN	GS0447492	ENSG00000238938	6	128934346	128934452	Homo sapiens	FOXA1_tan	21572391	PROTEIN BINDING ASSAY::CHROMATIN IMMUNOPRECIPITATION (CHIP)
TF0001161	ENST00000250448	FOXA1_HUMAN	GS0421691	ENSG00000114405	3	62304648	62321888	Homo sapiens	FOXA1_tan	21572391	PROTEIN BINDING ASSAY::CHROMATIN IMMUNOPRECIPITATION (CHIP)
TF0001161	ENST00000250448	FOXA1_HUMAN	GS0457387	ENSG00000223876	10	93304609	93304855	Homo sapiens	FOXA1_tan	21572391	PROTEIN BINDING ASSAY::CHROMATIN IMMUNOPRECIPITATION (CHIP)
TF0001161	ENST00000250448	FOXA1_HUMAN	GS0423922	ENSG00000120262	6	151815165	151942328	Homo sapiens	FOXA1_tan	21572391	PROTEIN BINDING ASSAY::CHROMATIN IMMUNOPRECIPITATION (CHIP)
TF0001161	ENST00000250448	FOXA1_HUMAN	GS0459042	ENSG00000151320	14	32798523	33300567	Homo sapiens	FOXA1_tan	21572391	PROTEIN BINDING ASSAY::CHROMATIN IMMUNOPRECIPITATION (CHIP)
TF0001161	ENST00000250448	FOXA1_HUMAN	GS0442914	ENSG00000238785	20	46533092	46533167	Homo sapiens	FOXA1_tan	21572391	PROTEIN BINDING ASSAY::CHROMATIN IMMUNOPRECIPITATION (CHIP)
TF0001161	ENST00000250448	FOXA1_HUMAN	GS0445356	ENSG00000166823	15	90291892	90294541	Homo sapiens	FOXA1_tan	21572391	PROTEIN BINDING ASSAY::CHROMATIN IMMUNOPRECIPITATION (CHIP)
TF0001161	ENST00000250448	FOXA1_HUMAN	GS0455364	ENSG00000197358	14	28733596	28735180	Homo sapiens	FOXA1_tan	21572391	PROTEIN BINDING ASSAY::CHROMATIN IMMUNOPRECIPITATION (CHIP)
TF0001161	ENST00000250448	FOXA1_HUMAN	GS0424657	ENSG00000206641	15	54056401	54056507	Homo sapiens	FOXA1_tan	21572391	PROTEIN BINDING ASSAY::CHROMATIN IMMUNOPRECIPITATION (CHIP)
TF0001161	ENST00000250448	FOXA1_HUMAN	GS0431952	ENSG00000019186	20	52769988	52790512	Homo sapiens	FOXA1_tan	21572391	PROTEIN BINDING ASSAY::CHROMATIN IMMUNOPRECIPITATION (CHIP)
TF0001161	ENST00000250448	FOXA1_HUMAN	GS0425040	ENSG00000072415	14	67708021	67802535	Homo sapiens	FOXA1_tan	21572391	PROTEIN BINDING ASSAY::CHROMATIN IMMUNOPRECIPITATION (CHIP)
TF0001161	ENST00000250448	FOXA1_HUMAN	GS0444969	ENSG00000196730	9	90112143	90323548	Homo sapiens	FOXA1_tan	21572391	PROTEIN BINDING ASSAY::CHROMATIN IMMUNOPRECIPITATION (CHIP)
TF0001161	ENST00000250448	FOXA1_HUMAN	GS0432826	ENSG00000116604	1	156433519	156470620	Homo sapiens	FOXA1_tan	21572391	PROTEIN BINDING ASSAY::CHROMATIN IMMUNOPRECIPITATION (CHIP)
TF0001161	ENST00000250448	FOXA1_HUMAN	GS0422263	ENSG00000145012	3	187871072	188608460	Homo sapiens	FOXA1_tan	21572391	PROTEIN BINDING ASSAY::CHROMATIN IMMUNOPRECIPITATION (CHIP)
TF0001161	ENST00000250448	FOXA1_HUMAN	GS0442145	ENSG00000200422	X	86401736	86401807	Homo sapiens	FOXA1_tan	21572391	PROTEIN BINDING ASSAY::CHROMATIN IMMUNOPRECIPITATION (CHIP)
TF0001161	ENST00000250448	FOXA1_HUMAN	GS0446727	ENSG00000164961	8	126036502	126104082	Homo sapiens	FOXA1_tan	21572391	PROTEIN BINDING ASSAY::CHROMATIN IMMUNOPRECIPITATION (CHIP)
TF0001161	ENST00000250448	FOXA1_HUMAN	GS0423510	ENSG00000155629	10	98353069	98480271	Homo sapiens	FOXA1_tan	21572391	PROTEIN BINDING ASSAY::CHROMATIN IMMUNOPRECIPITATION (CHIP)
TF0001161	ENST00000250448	FOXA1_HUMAN	GS0456358	ENSG00000213965	19	33182867	33204701	Homo sapiens	FOXA1_tan	21572391	PROTEIN BINDING ASSAY::CHROMATIN IMMUNOPRECIPITATION (CHIP)
TF0001161	ENST00000250448	FOXA1_HUMAN	GS0439931	ENSG00000107099	9	214854	465259	Homo sapiens	FOXA1_tan	21572391	PROTEIN BINDING ASSAY::CHROMATIN IMMUNOPRECIPITATION (CHIP)
TF0001161	ENST00000250448	FOXA1_HUMAN	GS0456404	ENSG00000147606	8	92221722	92410378	Homo sapiens	FOXA1_tan	21572391	PROTEIN BINDING ASSAY::CHROMATIN IMMUNOPRECIPITATION (CHIP)
TF0001161	ENST00000250448	FOXA1_HUMAN	GS0429098	ENSG00000134207	1	114631914	114696541	Homo sapiens	FOXA1_tan	21572391	PROTEIN BINDING ASSAY::CHROMATIN IMMUNOPRECIPITATION (CHIP)
TF0001161	ENST00000250448	FOXA1_HUMAN	GS0423392	ENSG00000179195	12	124456392	124499974	Homo sapiens	FOXA1_tan	21572391	PROTEIN BINDING ASSAY::CHROMATIN IMMUNOPRECIPITATION (CHIP)
TF0001161	ENST00000250448	FOXA1_HUMAN	GS0431919	ENSG00000198964	10	52065346	52384795	Homo sapiens	FOXA1_tan	21572391	PROTEIN BINDING ASSAY::CHROMATIN IMMUNOPRECIPITATION (CHIP)
TF0001161	ENST00000250448	FOXA1_HUMAN	GS0426763	ENSG00000144724	3	61547243	62283288	Homo sapiens	FOXA1_tan	21572391	PROTEIN BINDING ASSAY::CHROMATIN IMMUNOPRECIPITATION (CHIP)
TF0001161	ENST00000250448	FOXA1_HUMAN	GS0421889	ENSG00000156049	9	80037995	80263223	Homo sapiens	FOXA1_tan	21572391	PROTEIN BINDING ASSAY::CHROMATIN IMMUNOPRECIPITATION (CHIP)
TF0001161	ENST00000250448	FOXA1_HUMAN	GS0445183	ENSG00000111846	6	10492456	10629601	Homo sapiens	FOXA1_tan	21572391	PROTEIN BINDING ASSAY::CHROMATIN IMMUNOPRECIPITATION (CHIP)
TF0001161	ENST00000250448	FOXA1_HUMAN	GS0435787	ENSG00000124171	20	49348081	49373332	Homo sapiens	FOXA1_tan	21572391	PROTEIN BINDING ASSAY::CHROMATIN IMMUNOPRECIPITATION (CHIP)
TF0001161	ENST00000250448	FOXA1_HUMAN	GS0426763	ENSG00000144724	3	61547243	62283288	Homo sapiens	FOXA1_tan	21572391	PROTEIN BINDING ASSAY::CHROMATIN IMMUNOPRECIPITATION (CHIP)
TF0001161	ENST00000250448	FOXA1_HUMAN	GS0440555	ENSG00000213626	2	30454397	30546596	Homo sapiens	FOXA1_tan	21572391	PROTEIN BINDING ASSAY::CHROMATIN IMMUNOPRECIPITATION (CHIP)
TF0001161	ENST00000250448	FOXA1_HUMAN	GS0434050	ENSG00000172264	20	13976015	16033842	Homo sapiens	FOXA1_tan	21572391	PROTEIN BINDING ASSAY::CHROMATIN IMMUNOPRECIPITATION (CHIP)
TF0001161	ENST00000250448	FOXA1_HUMAN	GS0452260	ENSG00000140015	14	63173946	63568584	Homo sapiens	FOXA1_tan	21572391	PROTEIN BINDING ASSAY::CHROMATIN IMMUNOPRECIPITATION (CHIP)
TF0001161	ENST00000250448	FOXA1_HUMAN	GS0454941	ENSG00000196233	10	98592017	98740800	Homo sapiens	FOXA1_tan	21572391	PROTEIN BINDING ASSAY::CHROMATIN IMMUNOPRECIPITATION (CHIP)
TF0001161	ENST00000250448	FOXA1_HUMAN	GS0427513	ENSG00000135932	2	231577560	231685790	Homo sapiens	FOXA1_tan	21572391	PROTEIN BINDING ASSAY::CHROMATIN IMMUNOPRECIPITATION (CHIP)
TF0001161	ENST00000250448	FOXA1_HUMAN	GS0447103	ENSG00000115970	2	43393800	43823185	Homo sapiens	FOXA1_tan	21572391	PROTEIN BINDING ASSAY::CHROMATIN IMMUNOPRECIPITATION (CHIP)
TF0001161	ENST00000250448	FOXA1_HUMAN	GS0440658	ENSG00000241721	20	52491791	52492096	Homo sapiens	FOXA1_tan	21572391	PROTEIN BINDING ASSAY::CHROMATIN IMMUNOPRECIPITATION (CHIP)
TF0001161	ENST00000250448	FOXA1_HUMAN	GS0443169	ENSG00000212340	3	64497431	64497533	Homo sapiens	FOXA1_tan	21572391	PROTEIN BINDING ASSAY::CHROMATIN IMMUNOPRECIPITATION (CHIP)
TF0001161	ENST00000250448	FOXA1_HUMAN	GS0426763	ENSG00000144724	3	61547243	62283288	Homo sapiens	FOXA1_tan	21572391	PROTEIN BINDING ASSAY::CHROMATIN IMMUNOPRECIPITATION (CHIP)
TF0001161	ENST00000250448	FOXA1_HUMAN	GS0432184	ENSG00000188107	6	64429876	66417118	Homo sapiens	FOXA1_tan	21572391	PROTEIN BINDING ASSAY::CHROMATIN IMMUNOPRECIPITATION (CHIP)
TF0001161	ENST00000250448	FOXA1_HUMAN	GS0423530	ENSG00000180543	8	98285717	98290176	Homo sapiens	FOXA1_tan	21572391	PROTEIN BINDING ASSAY::CHROMATIN IMMUNOPRECIPITATION (CHIP)
TF0001161	ENST00000250448	FOXA1_HUMAN	GS0454607	ENSG00000146776	7	105245514	105517050	Homo sapiens	FOXA1_tan	21572391	PROTEIN BINDING ASSAY::CHROMATIN IMMUNOPRECIPITATION (CHIP)
TF0001161	ENST00000250448	FOXA1_HUMAN	GS0436836	ENSG00000197826	4	81256874	81884910	Homo sapiens	FOXA1_tan	21572391	PROTEIN BINDING ASSAY::CHROMATIN IMMUNOPRECIPITATION (CHIP)
TF0001161	ENST00000250448	FOXA1_HUMAN	GS0433465	ENSG00000212278	5	18236232	18236305	Homo sapiens	FOXA1_tan	21572391	PROTEIN BINDING ASSAY::CHROMATIN IMMUNOPRECIPITATION (CHIP)
TF0001161	ENST00000250448	FOXA1_HUMAN	GS0447400	ENSG00000089351	19	35485688	35517375	Homo sapiens	FOXA1_tan	21572391	PROTEIN BINDING ASSAY::CHROMATIN IMMUNOPRECIPITATION (CHIP)
TF0001161	ENST00000250448	FOXA1_HUMAN	GS0421959	ENSG00000164330	5	158122924	158526788	Homo sapiens	FOXA1_tan	21572391	PROTEIN BINDING ASSAY::CHROMATIN IMMUNOPRECIPITATION (CHIP)
TF0001161	ENST00000250448	FOXA1_HUMAN	GS0439162	ENSG00000135250	7	104751151	105039755	Homo sapiens	FOXA1_tan	21572391	PROTEIN BINDING ASSAY::CHROMATIN IMMUNOPRECIPITATION (CHIP)
TF0001161	ENST00000250448	FOXA1_HUMAN	GS0451023	ENSG00000134294	12	46751972	46766650	Homo sapiens	FOXA1_tan	21572391	PROTEIN BINDING ASSAY::CHROMATIN IMMUNOPRECIPITATION (CHIP)
TF0001161	ENST00000250448	FOXA1_HUMAN	GS0422420	ENSG00000041353	18	52495708	52562747	Homo sapiens	FOXA1_tan	21572391	PROTEIN BINDING ASSAY::CHROMATIN IMMUNOPRECIPITATION (CHIP)
TF0001161	ENST00000250448	FOXA1_HUMAN	GS0455648	ENSG00000199487	5	41963970	41964071	Homo sapiens	FOXA1_tan	21572391	PROTEIN BINDING ASSAY::CHROMATIN IMMUNOPRECIPITATION (CHIP)
TF0001161	ENST00000250448	FOXA1_HUMAN	GS0428355	ENSG00000164574	5	153570290	153800544	Homo sapiens	FOXA1_tan	21572391	PROTEIN BINDING ASSAY::CHROMATIN IMMUNOPRECIPITATION (CHIP)
TF0001161	ENST00000250448	FOXA1_HUMAN	GS0447124	ENSG00000135052	9	88641061	88715088	Homo sapiens	FOXA1_tan	21572391	PROTEIN BINDING ASSAY::CHROMATIN IMMUNOPRECIPITATION (CHIP)
TF0001161	ENST00000250448	FOXA1_HUMAN	GS0436067	ENSG00000252881	5	104115989	104116090	Homo sapiens	FOXA1_tan	21572391	PROTEIN BINDING ASSAY::CHROMATIN IMMUNOPRECIPITATION (CHIP)
TF0001161	ENST00000250448	FOXA1_HUMAN	GS0450480	ENSG00000111961	6	148593440	148873186	Homo sapiens	FOXA1_tan	21572391	PROTEIN BINDING ASSAY::CHROMATIN IMMUNOPRECIPITATION (CHIP)
TF0001161	ENST00000250448	FOXA1_HUMAN	GS0446381	ENSG00000154162	5	21750777	22853731	Homo sapiens	FOXA1_tan	21572391	PROTEIN BINDING ASSAY::CHROMATIN IMMUNOPRECIPITATION (CHIP)
TF0001161	ENST00000250448	FOXA1_HUMAN	GS0430511	ENSG00000238543	2	157266656	157266758	Homo sapiens	FOXA1_tan	21572391	PROTEIN BINDING ASSAY::CHROMATIN IMMUNOPRECIPITATION (CHIP)
TF0001161	ENST00000250448	FOXA1_HUMAN	GS0448891	ENSG00000164944	8	95499921	95565757	Homo sapiens	FOXA1_tan	21572391	PROTEIN BINDING ASSAY::CHROMATIN IMMUNOPRECIPITATION (CHIP)
TF0001161	ENST00000250448	FOXA1_HUMAN	GS0450082	ENSG00000136944	9	129376722	129463311	Homo sapiens	FOXA1_tan	21572391	PROTEIN BINDING ASSAY::CHROMATIN IMMUNOPRECIPITATION (CHIP)
TF0001161	ENST00000250448	FOXA1_HUMAN	GS0448070	ENSG00000050405	12	50569571	50677353	Homo sapiens	FOXA1_tan	21572391	PROTEIN BINDING ASSAY::CHROMATIN IMMUNOPRECIPITATION (CHIP)
TF0001161	ENST00000250448	FOXA1_HUMAN	GS0433477	ENSG00000135299	6	90142889	90343553	Homo sapiens	FOXA1_tan	21572391	PROTEIN BINDING ASSAY::CHROMATIN IMMUNOPRECIPITATION (CHIP)
TF0001161	ENST00000250448	FOXA1_HUMAN	GS0451594	ENSG00000253072	11	15503354	15503439	Homo sapiens	FOXA1_tan	21572391	PROTEIN BINDING ASSAY::CHROMATIN IMMUNOPRECIPITATION (CHIP)
TF0001161	ENST00000250448	FOXA1_HUMAN	GS0452164	ENSG00000080200	3	97595819	97663810	Homo sapiens	FOXA1_tan	21572391	PROTEIN BINDING ASSAY::CHROMATIN IMMUNOPRECIPITATION (CHIP)
TF0001161	ENST00000250448	FOXA1_HUMAN	GS0438548	ENSG00000106785	9	100831557	100881494	Homo sapiens	FOXA1_tan	21572391	PROTEIN BINDING ASSAY::CHROMATIN IMMUNOPRECIPITATION (CHIP)
TF0001161	ENST00000250448	FOXA1_HUMAN	GS0449794	ENSG00000206695	8	126913195	126913298	Homo sapiens	FOXA1_tan	21572391	PROTEIN BINDING ASSAY::CHROMATIN IMMUNOPRECIPITATION (CHIP)
TF0001161	ENST00000250448	FOXA1_HUMAN	GS0433826	ENSG00000205863	13	24462240	24476794	Homo sapiens	FOXA1_tan	21572391	PROTEIN BINDING ASSAY::CHROMATIN IMMUNOPRECIPITATION (CHIP)
TF0001161	ENST00000250448	FOXA1_HUMAN	GS0441590	ENSG00000164604	7	112720468	112727833	Homo sapiens	FOXA1_tan	21572391	PROTEIN BINDING ASSAY::CHROMATIN IMMUNOPRECIPITATION (CHIP)
TF0001161	ENST00000250448	FOXA1_HUMAN	GS0429234	ENSG00000145526	5	19473060	20575982	Homo sapiens	FOXA1_tan	21572391	PROTEIN BINDING ASSAY::CHROMATIN IMMUNOPRECIPITATION (CHIP)
TF0001161	ENST00000250448	FOXA1_HUMAN	GS0431264	ENSG00000186684	2	127941696	127977654	Homo sapiens	FOXA1_tan	21572391	PROTEIN BINDING ASSAY::CHROMATIN IMMUNOPRECIPITATION (CHIP)
TF0001161	ENST00000250448	FOXA1_HUMAN	GS0456200	ENSG00000111885	6	119498374	119670926	Homo sapiens	FOXA1_tan	21572391	PROTEIN BINDING ASSAY::CHROMATIN IMMUNOPRECIPITATION (CHIP)
TF0001161	ENST00000250448	FOXA1_HUMAN	GS0439812	ENSG00000141447	18	21742008	21977823	Homo sapiens	FOXA1_tan	21572391	PROTEIN BINDING ASSAY::CHROMATIN IMMUNOPRECIPITATION (CHIP)
TF0001161	ENST00000250448	FOXA1_HUMAN	GS0448542	ENSG00000115109	2	120770581	120936695	Homo sapiens	FOXA1_tan	21572391	PROTEIN BINDING ASSAY::CHROMATIN IMMUNOPRECIPITATION (CHIP)
TF0001161	ENST00000250448	FOXA1_HUMAN	GS0439425	ENSG00000130222	9	92219928	92221470	Homo sapiens	FOXA1_tan	21572391	PROTEIN BINDING ASSAY::CHROMATIN IMMUNOPRECIPITATION (CHIP)
TF0001161	ENST00000250448	FOXA1_HUMAN	GS0445486	ENSG00000115594	2	102681004	102796334	Homo sapiens	FOXA1_tan	21572391	PROTEIN BINDING ASSAY::CHROMATIN IMMUNOPRECIPITATION (CHIP)
TF0001161	ENST00000250448	FOXA1_HUMAN	GS0451023	ENSG00000134294	12	46751972	46766650	Homo sapiens	FOXA1_tan	21572391	PROTEIN BINDING ASSAY::CHROMATIN IMMUNOPRECIPITATION (CHIP)
TF0001161	ENST00000250448	FOXA1_HUMAN	GS0446716	ENSG00000185056	5	173400782	173433143	Homo sapiens	FOXA1_tan	21572391	PROTEIN BINDING ASSAY::CHROMATIN IMMUNOPRECIPITATION (CHIP)
TF0001161	ENST00000250448	FOXA1_HUMAN	GS0450676	ENSG00000170819	3	133118839	133194066	Homo sapiens	FOXA1_tan	21572391	PROTEIN BINDING ASSAY::CHROMATIN IMMUNOPRECIPITATION (CHIP)
TF0001161	ENST00000250448	FOXA1_HUMAN	GS0459092	ENSG00000168675	18	13218786	13652753	Homo sapiens	FOXA1_tan	21572391	PROTEIN BINDING ASSAY::CHROMATIN IMMUNOPRECIPITATION (CHIP)
TF0001161	ENST00000250448	FOXA1_HUMAN	GS0423725	ENSG00000170044	3	101818088	102198685	Homo sapiens	FOXA1_tan	21572391	PROTEIN BINDING ASSAY::CHROMATIN IMMUNOPRECIPITATION (CHIP)
