TF0001124	ENSMUST00000033502	GATA-1_MOUSE	GS0235590	ENSMUSG00000025909	1	8351556	9289959	Mus musculus	GATA1_Yu	19941827	PROTEIN BINDING ASSAY::CHROMATIN IMMUNOPRECIPITATION (CHIP)
TF0001124	ENSMUST00000033502	GATA-1_MOUSE	GS0233066	ENSMUSG00000085661	1	9737729	9782003	Mus musculus	GATA1_Yu	19941827	PROTEIN BINDING ASSAY::CHROMATIN IMMUNOPRECIPITATION (CHIP)
TF0001124	ENSMUST00000033502	GATA-1_MOUSE	GS0237583	ENSMUSG00000042501	1	10314801	10710026	Mus musculus	GATA1_Yu	19941827	PROTEIN BINDING ASSAY::CHROMATIN IMMUNOPRECIPITATION (CHIP)
TF0001124	ENSMUST00000033502	GATA-1_MOUSE	GS0235861	ENSMUSG00000005886	1	13129186	13364164	Mus musculus	GATA1_Yu	19941827	PROTEIN BINDING ASSAY::CHROMATIN IMMUNOPRECIPITATION (CHIP)
TF0001124	ENSMUST00000033502	GATA-1_MOUSE	GS0237342	ENSMUSG00000073722	1	26738646	26744305	Mus musculus	GATA1_Yu	19941827	PROTEIN BINDING ASSAY::CHROMATIN IMMUNOPRECIPITATION (CHIP)
TF0001124	ENSMUST00000033502	GATA-1_MOUSE	GS0237261	ENSMUSG00000064601	1	35818447	35818551	Mus musculus	GATA1_Yu	19941827	PROTEIN BINDING ASSAY::CHROMATIN IMMUNOPRECIPITATION (CHIP)
TF0001124	ENSMUST00000033502	GATA-1_MOUSE	GS0237261	ENSMUSG00000064601	1	35818447	35818551	Mus musculus	GATA1_Yu	19941827	PROTEIN BINDING ASSAY::CHROMATIN IMMUNOPRECIPITATION (CHIP)
TF0001124	ENSMUST00000033502	GATA-1_MOUSE	GS0231114	ENSMUSG00000037470	1	36196874	36301147	Mus musculus	GATA1_Yu	19941827	PROTEIN BINDING ASSAY::CHROMATIN IMMUNOPRECIPITATION (CHIP)
TF0001124	ENSMUST00000033502	GATA-1_MOUSE	GS0232081	ENSMUSG00000046337	1	36619539	36740028	Mus musculus	GATA1_Yu	19941827	PROTEIN BINDING ASSAY::CHROMATIN IMMUNOPRECIPITATION (CHIP)
TF0001124	ENSMUST00000033502	GATA-1_MOUSE	GS0232081	ENSMUSG00000046337	1	36619539	36740028	Mus musculus	GATA1_Yu	19941827	PROTEIN BINDING ASSAY::CHROMATIN IMMUNOPRECIPITATION (CHIP)
TF0001124	ENSMUST00000033502	GATA-1_MOUSE	GS0232081	ENSMUSG00000046337	1	36619539	36740028	Mus musculus	GATA1_Yu	19941827	PROTEIN BINDING ASSAY::CHROMATIN IMMUNOPRECIPITATION (CHIP)
TF0001124	ENSMUST00000033502	GATA-1_MOUSE	GS0237457	ENSMUSG00000026116	1	36849036	36996372	Mus musculus	GATA1_Yu	19941827	PROTEIN BINDING ASSAY::CHROMATIN IMMUNOPRECIPITATION (CHIP)
TF0001124	ENSMUST00000033502	GATA-1_MOUSE	GS0234624	ENSMUSG00000026110	1	37496185	37597861	Mus musculus	GATA1_Yu	19941827	PROTEIN BINDING ASSAY::CHROMATIN IMMUNOPRECIPITATION (CHIP)
TF0001124	ENSMUST00000033502	GATA-1_MOUSE	GS0236566	ENSMUSG00000037138	1	38234171	38721800	Mus musculus	GATA1_Yu	19941827	PROTEIN BINDING ASSAY::CHROMATIN IMMUNOPRECIPITATION (CHIP)
TF0001124	ENSMUST00000033502	GATA-1_MOUSE	GS0236566	ENSMUSG00000037138	1	38234171	38721800	Mus musculus	GATA1_Yu	19941827	PROTEIN BINDING ASSAY::CHROMATIN IMMUNOPRECIPITATION (CHIP)
TF0001124	ENSMUST00000033502	GATA-1_MOUSE	GS0236566	ENSMUSG00000037138	1	38234171	38721800	Mus musculus	GATA1_Yu	19941827	PROTEIN BINDING ASSAY::CHROMATIN IMMUNOPRECIPITATION (CHIP)
TF0001124	ENSMUST00000033502	GATA-1_MOUSE	GS0237220	ENSMUSG00000048814	1	38850514	38892935	Mus musculus	GATA1_Yu	19941827	PROTEIN BINDING ASSAY::CHROMATIN IMMUNOPRECIPITATION (CHIP)
TF0001124	ENSMUST00000033502	GATA-1_MOUSE	GS0232964	ENSMUSG00000003134	1	39428344	39535592	Mus musculus	GATA1_Yu	19941827	PROTEIN BINDING ASSAY::CHROMATIN IMMUNOPRECIPITATION (CHIP)
TF0001124	ENSMUST00000033502	GATA-1_MOUSE	GS0237598	ENSMUSG00000026072	1	40281925	40373043	Mus musculus	GATA1_Yu	19941827	PROTEIN BINDING ASSAY::CHROMATIN IMMUNOPRECIPITATION (CHIP)
TF0001124	ENSMUST00000033502	GATA-1_MOUSE	GS0233544	ENSMUSG00000066877	1	43502596	43627360	Mus musculus	GATA1_Yu	19941827	PROTEIN BINDING ASSAY::CHROMATIN IMMUNOPRECIPITATION (CHIP)
TF0001124	ENSMUST00000033502	GATA-1_MOUSE	GS0231855	ENSMUSG00000052331	1	54702184	54983231	Mus musculus	GATA1_Yu	19941827	PROTEIN BINDING ASSAY::CHROMATIN IMMUNOPRECIPITATION (CHIP)
TF0001124	ENSMUST00000033502	GATA-1_MOUSE	GS0235009	ENSMUSG00000025981	1	55109614	55129545	Mus musculus	GATA1_Yu	19941827	PROTEIN BINDING ASSAY::CHROMATIN IMMUNOPRECIPITATION (CHIP)
TF0001124	ENSMUST00000033502	GATA-1_MOUSE	GS0232769	ENSMUSG00000026031	1	58768352	58815728	Mus musculus	GATA1_Yu	19941827	PROTEIN BINDING ASSAY::CHROMATIN IMMUNOPRECIPITATION (CHIP)
TF0001124	ENSMUST00000033502	GATA-1_MOUSE	GS0237331	ENSMUSG00000026028	1	58957294	59030326	Mus musculus	GATA1_Yu	19941827	PROTEIN BINDING ASSAY::CHROMATIN IMMUNOPRECIPITATION (CHIP)
TF0001124	ENSMUST00000033502	GATA-1_MOUSE	GS0236805	ENSMUSG00000026024	1	59219770	59294075	Mus musculus	GATA1_Yu	19941827	PROTEIN BINDING ASSAY::CHROMATIN IMMUNOPRECIPITATION (CHIP)
TF0001124	ENSMUST00000033502	GATA-1_MOUSE	GS0233889	ENSMUSG00000026023	1	59313750	59409837	Mus musculus	GATA1_Yu	19941827	PROTEIN BINDING ASSAY::CHROMATIN IMMUNOPRECIPITATION (CHIP)
TF0001124	ENSMUST00000033502	GATA-1_MOUSE	GS0232519	ENSMUSG00000026018	1	60045914	60099931	Mus musculus	GATA1_Yu	19941827	PROTEIN BINDING ASSAY::CHROMATIN IMMUNOPRECIPITATION (CHIP)
TF0001124	ENSMUST00000033502	GATA-1_MOUSE	GS0231164	ENSMUSG00000080800	1	61005074	61005309	Mus musculus	GATA1_Yu	19941827	PROTEIN BINDING ASSAY::CHROMATIN IMMUNOPRECIPITATION (CHIP)
TF0001124	ENSMUST00000033502	GATA-1_MOUSE	GS0235040	ENSMUSG00000051344	1	64832557	65003398	Mus musculus	GATA1_Yu	19941827	PROTEIN BINDING ASSAY::CHROMATIN IMMUNOPRECIPITATION (CHIP)
TF0001124	ENSMUST00000033502	GATA-1_MOUSE	GS0233921	ENSMUSG00000025950	1	65205190	65233053	Mus musculus	GATA1_Yu	19941827	PROTEIN BINDING ASSAY::CHROMATIN IMMUNOPRECIPITATION (CHIP)
TF0001124	ENSMUST00000033502	GATA-1_MOUSE	GS0232307	ENSMUSG00000026000	1	67047091	67085446	Mus musculus	GATA1_Yu	19941827	PROTEIN BINDING ASSAY::CHROMATIN IMMUNOPRECIPITATION (CHIP)
TF0001124	ENSMUST00000033502	GATA-1_MOUSE	GS0232887	ENSMUSG00000025997	1	69577788	69732534	Mus musculus	GATA1_Yu	19941827	PROTEIN BINDING ASSAY::CHROMATIN IMMUNOPRECIPITATION (CHIP)
TF0001124	ENSMUST00000033502	GATA-1_MOUSE	GS0237295	ENSMUSG00000045648	1	70772289	70931971	Mus musculus	GATA1_Yu	19941827	PROTEIN BINDING ASSAY::CHROMATIN IMMUNOPRECIPITATION (CHIP)
TF0001124	ENSMUST00000033502	GATA-1_MOUSE	GS0234053	ENSMUSG00000046330	1	72757834	72760383	Mus musculus	GATA1_Yu	19941827	PROTEIN BINDING ASSAY::CHROMATIN IMMUNOPRECIPITATION (CHIP)
TF0001124	ENSMUST00000033502	GATA-1_MOUSE	GS0234576	ENSMUSG00000006301	1	74334821	74352196	Mus musculus	GATA1_Yu	19941827	PROTEIN BINDING ASSAY::CHROMATIN IMMUNOPRECIPITATION (CHIP)
TF0001124	ENSMUST00000033502	GATA-1_MOUSE	GS0235833	ENSMUSG00000033159	1	75131128	75139271	Mus musculus	GATA1_Yu	19941827	PROTEIN BINDING ASSAY::CHROMATIN IMMUNOPRECIPITATION (CHIP)
TF0001124	ENSMUST00000033502	GATA-1_MOUSE	GS0237160	ENSMUSG00000033007	1	75447011	75470918	Mus musculus	GATA1_Yu	19941827	PROTEIN BINDING ASSAY::CHROMATIN IMMUNOPRECIPITATION (CHIP)
TF0001124	ENSMUST00000033502	GATA-1_MOUSE	GS0237160	ENSMUSG00000033007	1	75447011	75470918	Mus musculus	GATA1_Yu	19941827	PROTEIN BINDING ASSAY::CHROMATIN IMMUNOPRECIPITATION (CHIP)
TF0001124	ENSMUST00000033502	GATA-1_MOUSE	GS0232629	ENSMUSG00000032997	1	75471144	75476046	Mus musculus	GATA1_Yu	19941827	PROTEIN BINDING ASSAY::CHROMATIN IMMUNOPRECIPITATION (CHIP)
TF0001124	ENSMUST00000033502	GATA-1_MOUSE	GS0234741	ENSMUSG00000054702	1	79603451	79668547	Mus musculus	GATA1_Yu	19941827	PROTEIN BINDING ASSAY::CHROMATIN IMMUNOPRECIPITATION (CHIP)
TF0001124	ENSMUST00000033502	GATA-1_MOUSE	GS0234293	ENSMUSG00000064589	1	80132041	80132147	Mus musculus	GATA1_Yu	19941827	PROTEIN BINDING ASSAY::CHROMATIN IMMUNOPRECIPITATION (CHIP)
TF0001124	ENSMUST00000033502	GATA-1_MOUSE	GS0234193	ENSMUSG00000026142	1	82313027	82441941	Mus musculus	GATA1_Yu	19941827	PROTEIN BINDING ASSAY::CHROMATIN IMMUNOPRECIPITATION (CHIP)
TF0001124	ENSMUST00000033502	GATA-1_MOUSE	GS0233678	ENSMUSG00000067158	1	82447298	82583424	Mus musculus	GATA1_Yu	19941827	PROTEIN BINDING ASSAY::CHROMATIN IMMUNOPRECIPITATION (CHIP)
TF0001124	ENSMUST00000033502	GATA-1_MOUSE	GS0232735	ENSMUSG00000026159	1	82836058	82892850	Mus musculus	GATA1_Yu	19941827	PROTEIN BINDING ASSAY::CHROMATIN IMMUNOPRECIPITATION (CHIP)
TF0001124	ENSMUST00000033502	GATA-1_MOUSE	GS0234020	ENSMUSG00000070034	1	87473474	87495392	Mus musculus	GATA1_Yu	19941827	PROTEIN BINDING ASSAY::CHROMATIN IMMUNOPRECIPITATION (CHIP)
TF0001124	ENSMUST00000033502	GATA-1_MOUSE	GS0234020	ENSMUSG00000070034	1	87473474	87495392	Mus musculus	GATA1_Yu	19941827	PROTEIN BINDING ASSAY::CHROMATIN IMMUNOPRECIPITATION (CHIP)
TF0001124	ENSMUST00000033502	GATA-1_MOUSE	GS0234911	ENSMUSG00000026222	1	87546563	87606573	Mus musculus	GATA1_Yu	19941827	PROTEIN BINDING ASSAY::CHROMATIN IMMUNOPRECIPITATION (CHIP)
TF0001124	ENSMUST00000033502	GATA-1_MOUSE	GS0235470	ENSMUSG00000036574	1	88322946	88324538	Mus musculus	GATA1_Yu	19941827	PROTEIN BINDING ASSAY::CHROMATIN IMMUNOPRECIPITATION (CHIP)
TF0001124	ENSMUST00000033502	GATA-1_MOUSE	GS0236316	ENSMUSG00000005501	1	89841696	89905126	Mus musculus	GATA1_Yu	19941827	PROTEIN BINDING ASSAY::CHROMATIN IMMUNOPRECIPITATION (CHIP)
TF0001124	ENSMUST00000033502	GATA-1_MOUSE	GS0232636	ENSMUSG00000090171	1	90097176	90115572	Mus musculus	GATA1_Yu	19941827	PROTEIN BINDING ASSAY::CHROMATIN IMMUNOPRECIPITATION (CHIP)
TF0001124	ENSMUST00000033502	GATA-1_MOUSE	GS0232445	ENSMUSG00000044783	1	90155690	90174208	Mus musculus	GATA1_Yu	19941827	PROTEIN BINDING ASSAY::CHROMATIN IMMUNOPRECIPITATION (CHIP)
TF0001124	ENSMUST00000033502	GATA-1_MOUSE	GS0232445	ENSMUSG00000044783	1	90155690	90174208	Mus musculus	GATA1_Yu	19941827	PROTEIN BINDING ASSAY::CHROMATIN IMMUNOPRECIPITATION (CHIP)
TF0001124	ENSMUST00000033502	GATA-1_MOUSE	GS0232445	ENSMUSG00000044783	1	90155690	90174208	Mus musculus	GATA1_Yu	19941827	PROTEIN BINDING ASSAY::CHROMATIN IMMUNOPRECIPITATION (CHIP)
TF0001124	ENSMUST00000033502	GATA-1_MOUSE	GS0235020	ENSMUSG00000036251	1	90174236	90285868	Mus musculus	GATA1_Yu	19941827	PROTEIN BINDING ASSAY::CHROMATIN IMMUNOPRECIPITATION (CHIP)
TF0001124	ENSMUST00000033502	GATA-1_MOUSE	GS0231643	ENSMUSG00000062310	1	90397698	90406461	Mus musculus	GATA1_Yu	19941827	PROTEIN BINDING ASSAY::CHROMATIN IMMUNOPRECIPITATION (CHIP)
TF0001124	ENSMUST00000033502	GATA-1_MOUSE	GS0232930	ENSMUSG00000034353	1	93076399	93121773	Mus musculus	GATA1_Yu	19941827	PROTEIN BINDING ASSAY::CHROMATIN IMMUNOPRECIPITATION (CHIP)
TF0001124	ENSMUST00000033502	GATA-1_MOUSE	GS0231957	ENSMUSG00000026311	1	93437142	93456167	Mus musculus	GATA1_Yu	19941827	PROTEIN BINDING ASSAY::CHROMATIN IMMUNOPRECIPITATION (CHIP)
TF0001124	ENSMUST00000033502	GATA-1_MOUSE	GS0231957	ENSMUSG00000026311	1	93437142	93456167	Mus musculus	GATA1_Yu	19941827	PROTEIN BINDING ASSAY::CHROMATIN IMMUNOPRECIPITATION (CHIP)
TF0001124	ENSMUST00000033502	GATA-1_MOUSE	GS0236829	ENSMUSG00000026260	1	94335587	94370437	Mus musculus	GATA1_Yu	19941827	PROTEIN BINDING ASSAY::CHROMATIN IMMUNOPRECIPITATION (CHIP)
TF0001124	ENSMUST00000033502	GATA-1_MOUSE	GS0231123	ENSMUSG00000044055	1	94540795	94545418	Mus musculus	GATA1_Yu	19941827	PROTEIN BINDING ASSAY::CHROMATIN IMMUNOPRECIPITATION (CHIP)
TF0001124	ENSMUST00000033502	GATA-1_MOUSE	GS0235883	ENSMUSG00000026270	1	94830953	94844518	Mus musculus	GATA1_Yu	19941827	PROTEIN BINDING ASSAY::CHROMATIN IMMUNOPRECIPITATION (CHIP)
TF0001124	ENSMUST00000033502	GATA-1_MOUSE	GS0236042	ENSMUSG00000014602	1	94912033	94998442	Mus musculus	GATA1_Yu	19941827	PROTEIN BINDING ASSAY::CHROMATIN IMMUNOPRECIPITATION (CHIP)
TF0001124	ENSMUST00000033502	GATA-1_MOUSE	GS0231809	ENSMUSG00000026276	1	95375541	95406837	Mus musculus	GATA1_Yu	19941827	PROTEIN BINDING ASSAY::CHROMATIN IMMUNOPRECIPITATION (CHIP)
TF0001124	ENSMUST00000033502	GATA-1_MOUSE	GS0234165	ENSMUSG00000034066	1	95408656	95518553	Mus musculus	GATA1_Yu	19941827	PROTEIN BINDING ASSAY::CHROMATIN IMMUNOPRECIPITATION (CHIP)
TF0001124	ENSMUST00000033502	GATA-1_MOUSE	GS0235600	ENSMUSG00000026277	1	95518479	95532299	Mus musculus	GATA1_Yu	19941827	PROTEIN BINDING ASSAY::CHROMATIN IMMUNOPRECIPITATION (CHIP)
TF0001124	ENSMUST00000033502	GATA-1_MOUSE	GS0235600	ENSMUSG00000026277	1	95518479	95532299	Mus musculus	GATA1_Yu	19941827	PROTEIN BINDING ASSAY::CHROMATIN IMMUNOPRECIPITATION (CHIP)
TF0001124	ENSMUST00000033502	GATA-1_MOUSE	GS0235600	ENSMUSG00000026277	1	95518479	95532299	Mus musculus	GATA1_Yu	19941827	PROTEIN BINDING ASSAY::CHROMATIN IMMUNOPRECIPITATION (CHIP)
TF0001124	ENSMUST00000033502	GATA-1_MOUSE	GS0235600	ENSMUSG00000026277	1	95518479	95532299	Mus musculus	GATA1_Yu	19941827	PROTEIN BINDING ASSAY::CHROMATIN IMMUNOPRECIPITATION (CHIP)
TF0001124	ENSMUST00000033502	GATA-1_MOUSE	GS0235052	ENSMUSG00000026285	1	95934884	95949130	Mus musculus	GATA1_Yu	19941827	PROTEIN BINDING ASSAY::CHROMATIN IMMUNOPRECIPITATION (CHIP)
TF0001124	ENSMUST00000033502	GATA-1_MOUSE	GS0235515	ENSMUSG00000091447	1	96048774	96049705	Mus musculus	GATA1_Yu	19941827	PROTEIN BINDING ASSAY::CHROMATIN IMMUNOPRECIPITATION (CHIP)
TF0001124	ENSMUST00000033502	GATA-1_MOUSE	GS0235115	ENSMUSG00000089310	1	96936511	96936620	Mus musculus	GATA1_Yu	19941827	PROTEIN BINDING ASSAY::CHROMATIN IMMUNOPRECIPITATION (CHIP)
TF0001124	ENSMUST00000033502	GATA-1_MOUSE	GS0233218	ENSMUSG00000040710	1	97484261	97564171	Mus musculus	GATA1_Yu	19941827	PROTEIN BINDING ASSAY::CHROMATIN IMMUNOPRECIPITATION (CHIP)
TF0001124	ENSMUST00000033502	GATA-1_MOUSE	GS0233970	ENSMUSG00000065342	1	97728706	97728812	Mus musculus	GATA1_Yu	19941827	PROTEIN BINDING ASSAY::CHROMATIN IMMUNOPRECIPITATION (CHIP)
TF0001124	ENSMUST00000033502	GATA-1_MOUSE	GS0235187	ENSMUSG00000087804	1	100913941	100914040	Mus musculus	GATA1_Yu	19941827	PROTEIN BINDING ASSAY::CHROMATIN IMMUNOPRECIPITATION (CHIP)
TF0001124	ENSMUST00000033502	GATA-1_MOUSE	GS0234234	ENSMUSG00000047496	1	107173494	107253287	Mus musculus	GATA1_Yu	19941827	PROTEIN BINDING ASSAY::CHROMATIN IMMUNOPRECIPITATION (CHIP)
TF0001124	ENSMUST00000033502	GATA-1_MOUSE	GS0236690	ENSMUSG00000056536	1	107417716	107555585	Mus musculus	GATA1_Yu	19941827	PROTEIN BINDING ASSAY::CHROMATIN IMMUNOPRECIPITATION (CHIP)
TF0001124	ENSMUST00000033502	GATA-1_MOUSE	GS0237605	ENSMUSG00000026321	1	107677300	107744558	Mus musculus	GATA1_Yu	19941827	PROTEIN BINDING ASSAY::CHROMATIN IMMUNOPRECIPITATION (CHIP)
TF0001124	ENSMUST00000033502	GATA-1_MOUSE	GS0232005	ENSMUSG00000057329	1	108434755	108610851	Mus musculus	GATA1_Yu	19941827	PROTEIN BINDING ASSAY::CHROMATIN IMMUNOPRECIPITATION (CHIP)
TF0001124	ENSMUST00000033502	GATA-1_MOUSE	GS0232005	ENSMUSG00000057329	1	108434755	108610851	Mus musculus	GATA1_Yu	19941827	PROTEIN BINDING ASSAY::CHROMATIN IMMUNOPRECIPITATION (CHIP)
TF0001124	ENSMUST00000033502	GATA-1_MOUSE	GS0232005	ENSMUSG00000057329	1	108434755	108610851	Mus musculus	GATA1_Yu	19941827	PROTEIN BINDING ASSAY::CHROMATIN IMMUNOPRECIPITATION (CHIP)
TF0001124	ENSMUST00000033502	GATA-1_MOUSE	GS0232005	ENSMUSG00000057329	1	108434755	108610851	Mus musculus	GATA1_Yu	19941827	PROTEIN BINDING ASSAY::CHROMATIN IMMUNOPRECIPITATION (CHIP)
TF0001124	ENSMUST00000033502	GATA-1_MOUSE	GS0232005	ENSMUSG00000057329	1	108434755	108610851	Mus musculus	GATA1_Yu	19941827	PROTEIN BINDING ASSAY::CHROMATIN IMMUNOPRECIPITATION (CHIP)
TF0001124	ENSMUST00000033502	GATA-1_MOUSE	GS0232241	ENSMUSG00000087210	1	109281777	109283989	Mus musculus	GATA1_Yu	19941827	PROTEIN BINDING ASSAY::CHROMATIN IMMUNOPRECIPITATION (CHIP)
TF0001124	ENSMUST00000033502	GATA-1_MOUSE	GS0237400	ENSMUSG00000004451	1	121366882	121401371	Mus musculus	GATA1_Yu	19941827	PROTEIN BINDING ASSAY::CHROMATIN IMMUNOPRECIPITATION (CHIP)
TF0001124	ENSMUST00000033502	GATA-1_MOUSE	GS0237435	ENSMUSG00000026389	1	122087334	122169282	Mus musculus	GATA1_Yu	19941827	PROTEIN BINDING ASSAY::CHROMATIN IMMUNOPRECIPITATION (CHIP)
TF0001124	ENSMUST00000033502	GATA-1_MOUSE	GS0233566	ENSMUSG00000049690	1	127810197	128727376	Mus musculus	GATA1_Yu	19941827	PROTEIN BINDING ASSAY::CHROMATIN IMMUNOPRECIPITATION (CHIP)
TF0001124	ENSMUST00000033502	GATA-1_MOUSE	GS0236459	ENSMUSG00000036155	1	129101563	129380281	Mus musculus	GATA1_Yu	19941827	PROTEIN BINDING ASSAY::CHROMATIN IMMUNOPRECIPITATION (CHIP)
TF0001124	ENSMUST00000033502	GATA-1_MOUSE	GS0230912	ENSMUSG00000042581	1	131169879	132115855	Mus musculus	GATA1_Yu	19941827	PROTEIN BINDING ASSAY::CHROMATIN IMMUNOPRECIPITATION (CHIP)
TF0001124	ENSMUST00000033502	GATA-1_MOUSE	GS0232365	ENSMUSG00000042510	1	132628553	132641198	Mus musculus	GATA1_Yu	19941827	PROTEIN BINDING ASSAY::CHROMATIN IMMUNOPRECIPITATION (CHIP)
TF0001124	ENSMUST00000033502	GATA-1_MOUSE	GS0233279	ENSMUSG00000016526	1	133025018	133034811	Mus musculus	GATA1_Yu	19941827	PROTEIN BINDING ASSAY::CHROMATIN IMMUNOPRECIPITATION (CHIP)
TF0001124	ENSMUST00000033502	GATA-1_MOUSE	GS0235079	ENSMUSG00000026425	1	133181828	133423938	Mus musculus	GATA1_Yu	19941827	PROTEIN BINDING ASSAY::CHROMATIN IMMUNOPRECIPITATION (CHIP)
TF0001124	ENSMUST00000033502	GATA-1_MOUSE	GS0236564	ENSMUSG00000004552	1	133534883	133572080	Mus musculus	GATA1_Yu	19941827	PROTEIN BINDING ASSAY::CHROMATIN IMMUNOPRECIPITATION (CHIP)
TF0001124	ENSMUST00000033502	GATA-1_MOUSE	GS0236341	ENSMUSG00000042268	1	133640599	133668081	Mus musculus	GATA1_Yu	19941827	PROTEIN BINDING ASSAY::CHROMATIN IMMUNOPRECIPITATION (CHIP)
TF0001124	ENSMUST00000033502	GATA-1_MOUSE	GS0235524	ENSMUSG00000026434	1	133807035	133832898	Mus musculus	GATA1_Yu	19941827	PROTEIN BINDING ASSAY::CHROMATIN IMMUNOPRECIPITATION (CHIP)
TF0001124	ENSMUST00000033502	GATA-1_MOUSE	GS0236536	ENSMUSG00000088779	1	133997216	133997331	Mus musculus	GATA1_Yu	19941827	PROTEIN BINDING ASSAY::CHROMATIN IMMUNOPRECIPITATION (CHIP)
TF0001124	ENSMUST00000033502	GATA-1_MOUSE	GS0234851	ENSMUSG00000009772	1	134212703	134230065	Mus musculus	GATA1_Yu	19941827	PROTEIN BINDING ASSAY::CHROMATIN IMMUNOPRECIPITATION (CHIP)
TF0001124	ENSMUST00000033502	GATA-1_MOUSE	GS0232460	ENSMUSG00000042066	1	134252892	134287858	Mus musculus	GATA1_Yu	19941827	PROTEIN BINDING ASSAY::CHROMATIN IMMUNOPRECIPITATION (CHIP)
TF0001124	ENSMUST00000033502	GATA-1_MOUSE	GS0232460	ENSMUSG00000042066	1	134252892	134287858	Mus musculus	GATA1_Yu	19941827	PROTEIN BINDING ASSAY::CHROMATIN IMMUNOPRECIPITATION (CHIP)
TF0001124	ENSMUST00000033502	GATA-1_MOUSE	GS0234611	ENSMUSG00000041757	1	135142674	135200012	Mus musculus	GATA1_Yu	19941827	PROTEIN BINDING ASSAY::CHROMATIN IMMUNOPRECIPITATION (CHIP)
TF0001124	ENSMUST00000033502	GATA-1_MOUSE	GS0235958	ENSMUSG00000026463	1	135599255	135697618	Mus musculus	GATA1_Yu	19941827	PROTEIN BINDING ASSAY::CHROMATIN IMMUNOPRECIPITATION (CHIP)
TF0001124	ENSMUST00000033502	GATA-1_MOUSE	GS0233139	ENSMUSG00000010311	1	135793773	135804576	Mus musculus	GATA1_Yu	19941827	PROTEIN BINDING ASSAY::CHROMATIN IMMUNOPRECIPITATION (CHIP)
TF0001124	ENSMUST00000033502	GATA-1_MOUSE	GS0235464	ENSMUSG00000020423	1	135971747	135975697	Mus musculus	GATA1_Yu	19941827	PROTEIN BINDING ASSAY::CHROMATIN IMMUNOPRECIPITATION (CHIP)
TF0001124	ENSMUST00000033502	GATA-1_MOUSE	GS0235464	ENSMUSG00000020423	1	135971747	135975697	Mus musculus	GATA1_Yu	19941827	PROTEIN BINDING ASSAY::CHROMATIN IMMUNOPRECIPITATION (CHIP)
TF0001124	ENSMUST00000033502	GATA-1_MOUSE	GS0234498	ENSMUSG00000026457	1	136311955	136329928	Mus musculus	GATA1_Yu	19941827	PROTEIN BINDING ASSAY::CHROMATIN IMMUNOPRECIPITATION (CHIP)
TF0001124	ENSMUST00000033502	GATA-1_MOUSE	GS0235927	ENSMUSG00000060342	1	136414607	136415258	Mus musculus	GATA1_Yu	19941827	PROTEIN BINDING ASSAY::CHROMATIN IMMUNOPRECIPITATION (CHIP)
TF0001124	ENSMUST00000033502	GATA-1_MOUSE	GS0231459	ENSMUSG00000026452	1	136605877	136649726	Mus musculus	GATA1_Yu	19941827	PROTEIN BINDING ASSAY::CHROMATIN IMMUNOPRECIPITATION (CHIP)
TF0001124	ENSMUST00000033502	GATA-1_MOUSE	GS0235613	ENSMUSG00000079139	1	137129022	137129801	Mus musculus	GATA1_Yu	19941827	PROTEIN BINDING ASSAY::CHROMATIN IMMUNOPRECIPITATION (CHIP)
TF0001124	ENSMUST00000033502	GATA-1_MOUSE	GS0236647	ENSMUSG00000090399	1	137503024	137584682	Mus musculus	GATA1_Yu	19941827	PROTEIN BINDING ASSAY::CHROMATIN IMMUNOPRECIPITATION (CHIP)
TF0001124	ENSMUST00000033502	GATA-1_MOUSE	GS0234750	ENSMUSG00000051985	1	137850155	137902919	Mus musculus	GATA1_Yu	19941827	PROTEIN BINDING ASSAY::CHROMATIN IMMUNOPRECIPITATION (CHIP)
TF0001124	ENSMUST00000033502	GATA-1_MOUSE	GS0232701	ENSMUSG00000026411	1	137904796	137931607	Mus musculus	GATA1_Yu	19941827	PROTEIN BINDING ASSAY::CHROMATIN IMMUNOPRECIPITATION (CHIP)
TF0001124	ENSMUST00000033502	GATA-1_MOUSE	GS0233102	ENSMUSG00000051079	1	145985797	146024502	Mus musculus	GATA1_Yu	19941827	PROTEIN BINDING ASSAY::CHROMATIN IMMUNOPRECIPITATION (CHIP)
TF0001124	ENSMUST00000033502	GATA-1_MOUSE	GS0233549	ENSMUSG00000026358	1	146091102	146096372	Mus musculus	GATA1_Yu	19941827	PROTEIN BINDING ASSAY::CHROMATIN IMMUNOPRECIPITATION (CHIP)
TF0001124	ENSMUST00000033502	GATA-1_MOUSE	GS0236966	ENSMUSG00000026357	1	146599813	146622565	Mus musculus	GATA1_Yu	19941827	PROTEIN BINDING ASSAY::CHROMATIN IMMUNOPRECIPITATION (CHIP)
TF0001124	ENSMUST00000033502	GATA-1_MOUSE	GS0236456	ENSMUSG00000088579	1	147138484	147138610	Mus musculus	GATA1_Yu	19941827	PROTEIN BINDING ASSAY::CHROMATIN IMMUNOPRECIPITATION (CHIP)
TF0001124	ENSMUST00000033502	GATA-1_MOUSE	GS0234915	ENSMUSG00000065624	1	152909134	152909240	Mus musculus	GATA1_Yu	19941827	PROTEIN BINDING ASSAY::CHROMATIN IMMUNOPRECIPITATION (CHIP)
TF0001124	ENSMUST00000033502	GATA-1_MOUSE	GS0234915	ENSMUSG00000065624	1	152909134	152909240	Mus musculus	GATA1_Yu	19941827	PROTEIN BINDING ASSAY::CHROMATIN IMMUNOPRECIPITATION (CHIP)
TF0001124	ENSMUST00000033502	GATA-1_MOUSE	GS0234748	ENSMUSG00000063886	1	153191499	153191866	Mus musculus	GATA1_Yu	19941827	PROTEIN BINDING ASSAY::CHROMATIN IMMUNOPRECIPITATION (CHIP)
TF0001124	ENSMUST00000033502	GATA-1_MOUSE	GS0232724	ENSMUSG00000032666	1	153731654	153937450	Mus musculus	GATA1_Yu	19941827	PROTEIN BINDING ASSAY::CHROMATIN IMMUNOPRECIPITATION (CHIP)
TF0001124	ENSMUST00000033502	GATA-1_MOUSE	GS0232724	ENSMUSG00000032666	1	153731654	153937450	Mus musculus	GATA1_Yu	19941827	PROTEIN BINDING ASSAY::CHROMATIN IMMUNOPRECIPITATION (CHIP)
TF0001124	ENSMUST00000033502	GATA-1_MOUSE	GS0232724	ENSMUSG00000032666	1	153731654	153937450	Mus musculus	GATA1_Yu	19941827	PROTEIN BINDING ASSAY::CHROMATIN IMMUNOPRECIPITATION (CHIP)
TF0001124	ENSMUST00000033502	GATA-1_MOUSE	GS0237180	ENSMUSG00000026482	1	154363889	154613481	Mus musculus	GATA1_Yu	19941827	PROTEIN BINDING ASSAY::CHROMATIN IMMUNOPRECIPITATION (CHIP)
TF0001124	ENSMUST00000033502	GATA-1_MOUSE	GS0234390	ENSMUSG00000042751	1	154802231	154966390	Mus musculus	GATA1_Yu	19941827	PROTEIN BINDING ASSAY::CHROMATIN IMMUNOPRECIPITATION (CHIP)
TF0001124	ENSMUST00000033502	GATA-1_MOUSE	GS0232179	ENSMUSG00000042684	1	155350146	155396844	Mus musculus	GATA1_Yu	19941827	PROTEIN BINDING ASSAY::CHROMATIN IMMUNOPRECIPITATION (CHIP)
TF0001124	ENSMUST00000033502	GATA-1_MOUSE	GS0231090	ENSMUSG00000088669	1	155927225	155927329	Mus musculus	GATA1_Yu	19941827	PROTEIN BINDING ASSAY::CHROMATIN IMMUNOPRECIPITATION (CHIP)
TF0001124	ENSMUST00000033502	GATA-1_MOUSE	GS0232857	ENSMUSG00000086217	1	156910653	156930396	Mus musculus	GATA1_Yu	19941827	PROTEIN BINDING ASSAY::CHROMATIN IMMUNOPRECIPITATION (CHIP)
TF0001124	ENSMUST00000033502	GATA-1_MOUSE	GS0237569	ENSMUSG00000015484	1	157923096	158135156	Mus musculus	GATA1_Yu	19941827	PROTEIN BINDING ASSAY::CHROMATIN IMMUNOPRECIPITATION (CHIP)
TF0001124	ENSMUST00000033502	GATA-1_MOUSE	GS0235658	ENSMUSG00000033557	1	158608676	158649132	Mus musculus	GATA1_Yu	19941827	PROTEIN BINDING ASSAY::CHROMATIN IMMUNOPRECIPITATION (CHIP)
TF0001124	ENSMUST00000033502	GATA-1_MOUSE	GS0231597	ENSMUSG00000033488	1	159388711	159419191	Mus musculus	GATA1_Yu	19941827	PROTEIN BINDING ASSAY::CHROMATIN IMMUNOPRECIPITATION (CHIP)
TF0001124	ENSMUST00000033502	GATA-1_MOUSE	GS0235431	ENSMUSG00000040782	1	161162457	161277711	Mus musculus	GATA1_Yu	19941827	PROTEIN BINDING ASSAY::CHROMATIN IMMUNOPRECIPITATION (CHIP)
TF0001124	ENSMUST00000033502	GATA-1_MOUSE	GS0232744	ENSMUSG00000040297	1	163746243	163806792	Mus musculus	GATA1_Yu	19941827	PROTEIN BINDING ASSAY::CHROMATIN IMMUNOPRECIPITATION (CHIP)
TF0001124	ENSMUST00000033502	GATA-1_MOUSE	GS0236457	ENSMUSG00000040265	1	163912584	164408165	Mus musculus	GATA1_Yu	19941827	PROTEIN BINDING ASSAY::CHROMATIN IMMUNOPRECIPITATION (CHIP)
TF0001124	ENSMUST00000033502	GATA-1_MOUSE	GS0234771	ENSMUSG00000026576	1	166367398	166388486	Mus musculus	GATA1_Yu	19941827	PROTEIN BINDING ASSAY::CHROMATIN IMMUNOPRECIPITATION (CHIP)
TF0001124	ENSMUST00000033502	GATA-1_MOUSE	GS0235661	ENSMUSG00000026572	1	167067986	167090904	Mus musculus	GATA1_Yu	19941827	PROTEIN BINDING ASSAY::CHROMATIN IMMUNOPRECIPITATION (CHIP)
TF0001124	ENSMUST00000033502	GATA-1_MOUSE	GS0235906	ENSMUSG00000026558	1	169156221	169215258	Mus musculus	GATA1_Yu	19941827	PROTEIN BINDING ASSAY::CHROMATIN IMMUNOPRECIPITATION (CHIP)
TF0001124	ENSMUST00000033502	GATA-1_MOUSE	GS0235906	ENSMUSG00000026558	1	169156221	169215258	Mus musculus	GATA1_Yu	19941827	PROTEIN BINDING ASSAY::CHROMATIN IMMUNOPRECIPITATION (CHIP)
TF0001124	ENSMUST00000033502	GATA-1_MOUSE	GS0232344	ENSMUSG00000026688	1	169302097	169323972	Mus musculus	GATA1_Yu	19941827	PROTEIN BINDING ASSAY::CHROMATIN IMMUNOPRECIPITATION (CHIP)
TF0001124	ENSMUST00000033502	GATA-1_MOUSE	GS0233615	ENSMUSG00000052534	1	170050130	170362300	Mus musculus	GATA1_Yu	19941827	PROTEIN BINDING ASSAY::CHROMATIN IMMUNOPRECIPITATION (CHIP)
TF0001124	ENSMUST00000033502	GATA-1_MOUSE	GS0237228	ENSMUSG00000038473	1	172232799	172519992	Mus musculus	GATA1_Yu	19941827	PROTEIN BINDING ASSAY::CHROMATIN IMMUNOPRECIPITATION (CHIP)
TF0001124	ENSMUST00000033502	GATA-1_MOUSE	GS0235192	ENSMUSG00000038463	1	172574663	172612920	Mus musculus	GATA1_Yu	19941827	PROTEIN BINDING ASSAY::CHROMATIN IMMUNOPRECIPITATION (CHIP)
TF0001124	ENSMUST00000033502	GATA-1_MOUSE	GS0231019	ENSMUSG00000026649	1	173044049	173057098	Mus musculus	GATA1_Yu	19941827	PROTEIN BINDING ASSAY::CHROMATIN IMMUNOPRECIPITATION (CHIP)
TF0001124	ENSMUST00000033502	GATA-1_MOUSE	GS0233181	ENSMUSG00000053483	1	173212076	173218122	Mus musculus	GATA1_Yu	19941827	PROTEIN BINDING ASSAY::CHROMATIN IMMUNOPRECIPITATION (CHIP)
TF0001124	ENSMUST00000033502	GATA-1_MOUSE	GS0236574	ENSMUSG00000004709	1	173489324	173515449	Mus musculus	GATA1_Yu	19941827	PROTEIN BINDING ASSAY::CHROMATIN IMMUNOPRECIPITATION (CHIP)
TF0001124	ENSMUST00000033502	GATA-1_MOUSE	GS0236574	ENSMUSG00000004709	1	173489324	173515449	Mus musculus	GATA1_Yu	19941827	PROTEIN BINDING ASSAY::CHROMATIN IMMUNOPRECIPITATION (CHIP)
TF0001124	ENSMUST00000033502	GATA-1_MOUSE	GS0234338	ENSMUSG00000038179	1	173562534	173579149	Mus musculus	GATA1_Yu	19941827	PROTEIN BINDING ASSAY::CHROMATIN IMMUNOPRECIPITATION (CHIP)
TF0001124	ENSMUST00000033502	GATA-1_MOUSE	GS0234338	ENSMUSG00000038179	1	173562534	173579149	Mus musculus	GATA1_Yu	19941827	PROTEIN BINDING ASSAY::CHROMATIN IMMUNOPRECIPITATION (CHIP)
TF0001124	ENSMUST00000033502	GATA-1_MOUSE	GS0230979	ENSMUSG00000015355	1	173612140	173635389	Mus musculus	GATA1_Yu	19941827	PROTEIN BINDING ASSAY::CHROMATIN IMMUNOPRECIPITATION (CHIP)
TF0001124	ENSMUST00000033502	GATA-1_MOUSE	GS0235448	ENSMUSG00000038147	1	173769828	173820849	Mus musculus	GATA1_Yu	19941827	PROTEIN BINDING ASSAY::CHROMATIN IMMUNOPRECIPITATION (CHIP)
TF0001124	ENSMUST00000033502	GATA-1_MOUSE	GS0237519	ENSMUSG00000026556	1	173931091	173958575	Mus musculus	GATA1_Yu	19941827	PROTEIN BINDING ASSAY::CHROMATIN IMMUNOPRECIPITATION (CHIP)
TF0001124	ENSMUST00000033502	GATA-1_MOUSE	GS0230779	ENSMUSG00000026547	1	174430178	174437511	Mus musculus	GATA1_Yu	19941827	PROTEIN BINDING ASSAY::CHROMATIN IMMUNOPRECIPITATION (CHIP)
TF0001124	ENSMUST00000033502	GATA-1_MOUSE	GS0236338	ENSMUSG00000026546	1	174451175	174476001	Mus musculus	GATA1_Yu	19941827	PROTEIN BINDING ASSAY::CHROMATIN IMMUNOPRECIPITATION (CHIP)
TF0001124	ENSMUST00000033502	GATA-1_MOUSE	GS0235496	ENSMUSG00000037872	1	175262017	175263634	Mus musculus	GATA1_Yu	19941827	PROTEIN BINDING ASSAY::CHROMATIN IMMUNOPRECIPITATION (CHIP)
TF0001124	ENSMUST00000033502	GATA-1_MOUSE	GS0232279	ENSMUSG00000026532	1	176102907	176178581	Mus musculus	GATA1_Yu	19941827	PROTEIN BINDING ASSAY::CHROMATIN IMMUNOPRECIPITATION (CHIP)
TF0001124	ENSMUST00000033502	GATA-1_MOUSE	GS0235359	ENSMUSG00000026494	1	180459256	180862986	Mus musculus	GATA1_Yu	19941827	PROTEIN BINDING ASSAY::CHROMATIN IMMUNOPRECIPITATION (CHIP)
TF0001124	ENSMUST00000033502	GATA-1_MOUSE	GS0231074	ENSMUSG00000038949	1	181476501	181557609	Mus musculus	GATA1_Yu	19941827	PROTEIN BINDING ASSAY::CHROMATIN IMMUNOPRECIPITATION (CHIP)
TF0001124	ENSMUST00000033502	GATA-1_MOUSE	GS0232848	ENSMUSG00000038936	1	181598341	181617320	Mus musculus	GATA1_Yu	19941827	PROTEIN BINDING ASSAY::CHROMATIN IMMUNOPRECIPITATION (CHIP)
TF0001124	ENSMUST00000033502	GATA-1_MOUSE	GS0234084	ENSMUSG00000073486	1	181733507	181734807	Mus musculus	GATA1_Yu	19941827	PROTEIN BINDING ASSAY::CHROMATIN IMMUNOPRECIPITATION (CHIP)
TF0001124	ENSMUST00000033502	GATA-1_MOUSE	GS0235510	ENSMUSG00000038806	1	182781282	182798228	Mus musculus	GATA1_Yu	19941827	PROTEIN BINDING ASSAY::CHROMATIN IMMUNOPRECIPITATION (CHIP)
TF0001124	ENSMUST00000033502	GATA-1_MOUSE	GS0236460	ENSMUSG00000026520	1	182834405	182838218	Mus musculus	GATA1_Yu	19941827	PROTEIN BINDING ASSAY::CHROMATIN IMMUNOPRECIPITATION (CHIP)
TF0001124	ENSMUST00000033502	GATA-1_MOUSE	GS0235848	ENSMUSG00000038768	1	182981368	182990798	Mus musculus	GATA1_Yu	19941827	PROTEIN BINDING ASSAY::CHROMATIN IMMUNOPRECIPITATION (CHIP)
TF0001124	ENSMUST00000033502	GATA-1_MOUSE	GS0233734	ENSMUSG00000081214	1	183172076	183172498	Mus musculus	GATA1_Yu	19941827	PROTEIN BINDING ASSAY::CHROMATIN IMMUNOPRECIPITATION (CHIP)
TF0001124	ENSMUST00000033502	GATA-1_MOUSE	GS0237143	ENSMUSG00000026514	1	183282759	183390772	Mus musculus	GATA1_Yu	19941827	PROTEIN BINDING ASSAY::CHROMATIN IMMUNOPRECIPITATION (CHIP)
TF0001124	ENSMUST00000033502	GATA-1_MOUSE	GS0237143	ENSMUSG00000026514	1	183282759	183390772	Mus musculus	GATA1_Yu	19941827	PROTEIN BINDING ASSAY::CHROMATIN IMMUNOPRECIPITATION (CHIP)
TF0001124	ENSMUST00000033502	GATA-1_MOUSE	GS0235035	ENSMUSG00000039384	1	185837181	185899515	Mus musculus	GATA1_Yu	19941827	PROTEIN BINDING ASSAY::CHROMATIN IMMUNOPRECIPITATION (CHIP)
TF0001124	ENSMUST00000033502	GATA-1_MOUSE	GS0236949	ENSMUSG00000059483	1	186441127	186441609	Mus musculus	GATA1_Yu	19941827	PROTEIN BINDING ASSAY::CHROMATIN IMMUNOPRECIPITATION (CHIP)
TF0001124	ENSMUST00000033502	GATA-1_MOUSE	GS0234951	ENSMUSG00000026620	1	186720322	186823428	Mus musculus	GATA1_Yu	19941827	PROTEIN BINDING ASSAY::CHROMATIN IMMUNOPRECIPITATION (CHIP)
TF0001124	ENSMUST00000033502	GATA-1_MOUSE	GS0234529	ENSMUSG00000085692	1	187270995	187279447	Mus musculus	GATA1_Yu	19941827	PROTEIN BINDING ASSAY::CHROMATIN IMMUNOPRECIPITATION (CHIP)
TF0001124	ENSMUST00000033502	GATA-1_MOUSE	GS0237680	ENSMUSG00000026614	1	187278727	187292641	Mus musculus	GATA1_Yu	19941827	PROTEIN BINDING ASSAY::CHROMATIN IMMUNOPRECIPITATION (CHIP)
TF0001124	ENSMUST00000033502	GATA-1_MOUSE	GS0233569	ENSMUSG00000026632	1	192866533	192886811	Mus musculus	GATA1_Yu	19941827	PROTEIN BINDING ASSAY::CHROMATIN IMMUNOPRECIPITATION (CHIP)
TF0001124	ENSMUST00000033502	GATA-1_MOUSE	GS0235836	ENSMUSG00000026630	1	192922293	192932822	Mus musculus	GATA1_Yu	19941827	PROTEIN BINDING ASSAY::CHROMATIN IMMUNOPRECIPITATION (CHIP)
TF0001124	ENSMUST00000033502	GATA-1_MOUSE	GS0233997	ENSMUSG00000026628	1	192994175	193007219	Mus musculus	GATA1_Yu	19941827	PROTEIN BINDING ASSAY::CHROMATIN IMMUNOPRECIPITATION (CHIP)
TF0001124	ENSMUST00000033502	GATA-1_MOUSE	GS0237277	ENSMUSG00000026626	1	193175860	193220920	Mus musculus	GATA1_Yu	19941827	PROTEIN BINDING ASSAY::CHROMATIN IMMUNOPRECIPITATION (CHIP)
TF0001124	ENSMUST00000033502	GATA-1_MOUSE	GS0237277	ENSMUSG00000026626	1	193175860	193220920	Mus musculus	GATA1_Yu	19941827	PROTEIN BINDING ASSAY::CHROMATIN IMMUNOPRECIPITATION (CHIP)
TF0001124	ENSMUST00000033502	GATA-1_MOUSE	GS0234814	ENSMUSG00000026623	1	193541713	193608134	Mus musculus	GATA1_Yu	19941827	PROTEIN BINDING ASSAY::CHROMATIN IMMUNOPRECIPITATION (CHIP)
TF0001124	ENSMUST00000033502	GATA-1_MOUSE	GS0236540	ENSMUSG00000026622	1	193645323	193656929	Mus musculus	GATA1_Yu	19941827	PROTEIN BINDING ASSAY::CHROMATIN IMMUNOPRECIPITATION (CHIP)
TF0001124	ENSMUST00000033502	GATA-1_MOUSE	GS0233108	ENSMUSG00000055833	1	193714112	193731406	Mus musculus	GATA1_Yu	19941827	PROTEIN BINDING ASSAY::CHROMATIN IMMUNOPRECIPITATION (CHIP)
TF0001124	ENSMUST00000033502	GATA-1_MOUSE	GS0232919	ENSMUSG00000091593	1	195333432	195335997	Mus musculus	GATA1_Yu	19941827	PROTEIN BINDING ASSAY::CHROMATIN IMMUNOPRECIPITATION (CHIP)
TF0001124	ENSMUST00000033502	GATA-1_MOUSE	GS0232919	ENSMUSG00000091593	1	195333432	195335997	Mus musculus	GATA1_Yu	19941827	PROTEIN BINDING ASSAY::CHROMATIN IMMUNOPRECIPITATION (CHIP)
TF0001124	ENSMUST00000033502	GATA-1_MOUSE	GS0234603	ENSMUSG00000026640	1	196446023	196643063	Mus musculus	GATA1_Yu	19941827	PROTEIN BINDING ASSAY::CHROMATIN IMMUNOPRECIPITATION (CHIP)
TF0001124	ENSMUST00000033502	GATA-1_MOUSE	GS0234603	ENSMUSG00000026640	1	196446023	196643063	Mus musculus	GATA1_Yu	19941827	PROTEIN BINDING ASSAY::CHROMATIN IMMUNOPRECIPITATION (CHIP)
TF0001124	ENSMUST00000033502	GATA-1_MOUSE	GS0234603	ENSMUSG00000026640	1	196446023	196643063	Mus musculus	GATA1_Yu	19941827	PROTEIN BINDING ASSAY::CHROMATIN IMMUNOPRECIPITATION (CHIP)
TF0001124	ENSMUST00000033502	GATA-1_MOUSE	GS0234603	ENSMUSG00000026640	1	196446023	196643063	Mus musculus	GATA1_Yu	19941827	PROTEIN BINDING ASSAY::CHROMATIN IMMUNOPRECIPITATION (CHIP)
TF0001124	ENSMUST00000033502	GATA-1_MOUSE	GS0234603	ENSMUSG00000026640	1	196446023	196643063	Mus musculus	GATA1_Yu	19941827	PROTEIN BINDING ASSAY::CHROMATIN IMMUNOPRECIPITATION (CHIP)
TF0001124	ENSMUST00000033502	GATA-1_MOUSE	GS0233285	ENSMUSG00000026616	1	196963005	197002909	Mus musculus	GATA1_Yu	19941827	PROTEIN BINDING ASSAY::CHROMATIN IMMUNOPRECIPITATION (CHIP)
TF0001124	ENSMUST00000033502	GATA-1_MOUSE	GS0231362	ENSMUSG00000040269	3	8802146	8923918	Mus musculus	GATA1_Yu	19941827	PROTEIN BINDING ASSAY::CHROMATIN IMMUNOPRECIPITATION (CHIP)
TF0001124	ENSMUST00000033502	GATA-1_MOUSE	GS0231960	ENSMUSG00000027556	3	14766217	14778459	Mus musculus	GATA1_Yu	19941827	PROTEIN BINDING ASSAY::CHROMATIN IMMUNOPRECIPITATION (CHIP)
TF0001124	ENSMUST00000033502	GATA-1_MOUSE	GS0233910	ENSMUSG00000027562	3	14886426	14900769	Mus musculus	GATA1_Yu	19941827	PROTEIN BINDING ASSAY::CHROMATIN IMMUNOPRECIPITATION (CHIP)
TF0001124	ENSMUST00000033502	GATA-1_MOUSE	GS0233931	ENSMUSG00000027601	3	19087327	19120817	Mus musculus	GATA1_Yu	19941827	PROTEIN BINDING ASSAY::CHROMATIN IMMUNOPRECIPITATION (CHIP)
TF0001124	ENSMUST00000033502	GATA-1_MOUSE	GS0231112	ENSMUSG00000027630	3	21975574	22115516	Mus musculus	GATA1_Yu	19941827	PROTEIN BINDING ASSAY::CHROMATIN IMMUNOPRECIPITATION (CHIP)
TF0001124	ENSMUST00000033502	GATA-1_MOUSE	GS0231112	ENSMUSG00000027630	3	21975574	22115516	Mus musculus	GATA1_Yu	19941827	PROTEIN BINDING ASSAY::CHROMATIN IMMUNOPRECIPITATION (CHIP)
TF0001124	ENSMUST00000033502	GATA-1_MOUSE	GS0234478	ENSMUSG00000087706	3	23467108	23467172	Mus musculus	GATA1_Yu	19941827	PROTEIN BINDING ASSAY::CHROMATIN IMMUNOPRECIPITATION (CHIP)
TF0001124	ENSMUST00000033502	GATA-1_MOUSE	GS0234956	ENSMUSG00000057036	3	24231969	24232474	Mus musculus	GATA1_Yu	19941827	PROTEIN BINDING ASSAY::CHROMATIN IMMUNOPRECIPITATION (CHIP)
TF0001124	ENSMUST00000033502	GATA-1_MOUSE	GS0234097	ENSMUSG00000063887	3	25330733	26032656	Mus musculus	GATA1_Yu	19941827	PROTEIN BINDING ASSAY::CHROMATIN IMMUNOPRECIPITATION (CHIP)
TF0001124	ENSMUST00000033502	GATA-1_MOUSE	GS0234097	ENSMUSG00000063887	3	25330733	26032656	Mus musculus	GATA1_Yu	19941827	PROTEIN BINDING ASSAY::CHROMATIN IMMUNOPRECIPITATION (CHIP)
TF0001124	ENSMUST00000033502	GATA-1_MOUSE	GS0237285	ENSMUSG00000091329	3	28601589	28680030	Mus musculus	GATA1_Yu	19941827	PROTEIN BINDING ASSAY::CHROMATIN IMMUNOPRECIPITATION (CHIP)
TF0001124	ENSMUST00000033502	GATA-1_MOUSE	GS0237285	ENSMUSG00000091329	3	28601589	28680030	Mus musculus	GATA1_Yu	19941827	PROTEIN BINDING ASSAY::CHROMATIN IMMUNOPRECIPITATION (CHIP)
TF0001124	ENSMUST00000033502	GATA-1_MOUSE	GS0236956	ENSMUSG00000074653	3	30577980	30598765	Mus musculus	GATA1_Yu	19941827	PROTEIN BINDING ASSAY::CHROMATIN IMMUNOPRECIPITATION (CHIP)
TF0001124	ENSMUST00000033502	GATA-1_MOUSE	GS0237674	ENSMUSG00000051860	3	30645215	30666089	Mus musculus	GATA1_Yu	19941827	PROTEIN BINDING ASSAY::CHROMATIN IMMUNOPRECIPITATION (CHIP)
TF0001124	ENSMUST00000033502	GATA-1_MOUSE	GS0233269	ENSMUSG00000037643	3	30894669	30951663	Mus musculus	GATA1_Yu	19941827	PROTEIN BINDING ASSAY::CHROMATIN IMMUNOPRECIPITATION (CHIP)
TF0001124	ENSMUST00000033502	GATA-1_MOUSE	GS0236576	ENSMUSG00000037225	3	37211441	37304299	Mus musculus	GATA1_Yu	19941827	PROTEIN BINDING ASSAY::CHROMATIN IMMUNOPRECIPITATION (CHIP)
TF0001124	ENSMUST00000033502	GATA-1_MOUSE	GS0235690	ENSMUSG00000058174	3	37613112	37623412	Mus musculus	GATA1_Yu	19941827	PROTEIN BINDING ASSAY::CHROMATIN IMMUNOPRECIPITATION (CHIP)
