TF0001046	ENSMUST00000067060	KLF1_MOUSE	GS0029994	ENSMUSG00000071252	13	77274797	77752940	Mus musculus	KLF1_Tallack	20508144	PROTEIN BINDING ASSAY::CHROMATIN IMMUNOPRECIPITATION (CHIP)
TF0001046	ENSMUST00000067060	KLF1_MOUSE	GS0030336	ENSMUSG00000074564	9	3015654	3017210	Mus musculus	KLF1_Tallack	20508144	PROTEIN BINDING ASSAY::CHROMATIN IMMUNOPRECIPITATION (CHIP)
TF0001046	ENSMUST00000067060	KLF1_MOUSE	GS0030177	ENSMUSG00000003534	17	35818512	35841566	Mus musculus	KLF1_Tallack	20508144	PROTEIN BINDING ASSAY::CHROMATIN IMMUNOPRECIPITATION (CHIP)
TF0001046	ENSMUST00000067060	KLF1_MOUSE	GS0030617	ENSMUSG00000028232	4	3476188	3502000	Mus musculus	KLF1_Tallack	20508144	PROTEIN BINDING ASSAY::CHROMATIN IMMUNOPRECIPITATION (CHIP)
TF0001046	ENSMUST00000067060	KLF1_MOUSE	GS0030703	ENSMUSG00000082286	11	3025907	3031007	Mus musculus	KLF1_Tallack	20508144	PROTEIN BINDING ASSAY::CHROMATIN IMMUNOPRECIPITATION (CHIP)
TF0001046	ENSMUST00000067060	KLF1_MOUSE	GS0029878	ENSMUSG00000056370	6	72254619	72262926	Mus musculus	KLF1_Tallack	20508144	PROTEIN BINDING ASSAY::CHROMATIN IMMUNOPRECIPITATION (CHIP)
TF0001046	ENSMUST00000067060	KLF1_MOUSE	GS0030232	ENSMUSG00000074449	8	19933242	19958788	Mus musculus	KLF1_Tallack	20508144	PROTEIN BINDING ASSAY::CHROMATIN IMMUNOPRECIPITATION (CHIP)
TF0001046	ENSMUST00000067060	KLF1_MOUSE	GS0030336	ENSMUSG00000074564	9	3015654	3017210	Mus musculus	KLF1_Tallack	20508144	PROTEIN BINDING ASSAY::CHROMATIN IMMUNOPRECIPITATION (CHIP)
TF0001046	ENSMUST00000067060	KLF1_MOUSE	GS0029686	ENSMUSG00000024190	17	26642535	26645464	Mus musculus	KLF1_Tallack	20508144	PROTEIN BINDING ASSAY::CHROMATIN IMMUNOPRECIPITATION (CHIP)
TF0001046	ENSMUST00000067060	KLF1_MOUSE	GS0030748	ENSMUSG00000003469	14	70857283	70868639	Mus musculus	KLF1_Tallack	20508144	PROTEIN BINDING ASSAY::CHROMATIN IMMUNOPRECIPITATION (CHIP)
TF0001046	ENSMUST00000067060	KLF1_MOUSE	GS0030336	ENSMUSG00000074564	9	3015654	3017210	Mus musculus	KLF1_Tallack	20508144	PROTEIN BINDING ASSAY::CHROMATIN IMMUNOPRECIPITATION (CHIP)
TF0001046	ENSMUST00000067060	KLF1_MOUSE	GS0030362	ENSMUSG00000022711	16	8637767	8657624	Mus musculus	KLF1_Tallack	20508144	PROTEIN BINDING ASSAY::CHROMATIN IMMUNOPRECIPITATION (CHIP)
TF0001046	ENSMUST00000067060	KLF1_MOUSE	GS0029790	ENSMUSG00000035900	15	85888125	85968064	Mus musculus	KLF1_Tallack	20508144	PROTEIN BINDING ASSAY::CHROMATIN IMMUNOPRECIPITATION (CHIP)
TF0001046	ENSMUST00000067060	KLF1_MOUSE	GS0029796	ENSMUSG00000027242	2	121332459	121370596	Mus musculus	KLF1_Tallack	20508144	PROTEIN BINDING ASSAY::CHROMATIN IMMUNOPRECIPITATION (CHIP)
TF0001046	ENSMUST00000067060	KLF1_MOUSE	GS0030173	ENSMUSG00000020289	11	32125628	32167707	Mus musculus	KLF1_Tallack	20508144	PROTEIN BINDING ASSAY::CHROMATIN IMMUNOPRECIPITATION (CHIP)
TF0001046	ENSMUST00000067060	KLF1_MOUSE	GS0030543	ENSMUSG00000088225	16	3535485	3535611	Mus musculus	KLF1_Tallack	20508144	PROTEIN BINDING ASSAY::CHROMATIN IMMUNOPRECIPITATION (CHIP)
TF0001046	ENSMUST00000067060	KLF1_MOUSE	GS0030716	ENSMUSG00000027843	3	103663718	103716170	Mus musculus	KLF1_Tallack	20508144	PROTEIN BINDING ASSAY::CHROMATIN IMMUNOPRECIPITATION (CHIP)
TF0001046	ENSMUST00000067060	KLF1_MOUSE	GS0030486	ENSMUSG00000028393	4	62170203	62180952	Mus musculus	KLF1_Tallack	20508144	PROTEIN BINDING ASSAY::CHROMATIN IMMUNOPRECIPITATION (CHIP)
TF0001046	ENSMUST00000067060	KLF1_MOUSE	GS0029755	ENSMUSG00000046295	8	73929909	73933803	Mus musculus	KLF1_Tallack	20508144	PROTEIN BINDING ASSAY::CHROMATIN IMMUNOPRECIPITATION (CHIP)
TF0001046	ENSMUST00000067060	KLF1_MOUSE	GS0030531	ENSMUSG00000045216	1	36125245	36163291	Mus musculus	KLF1_Tallack	20508144	PROTEIN BINDING ASSAY::CHROMATIN IMMUNOPRECIPITATION (CHIP)
TF0001046	ENSMUST00000067060	KLF1_MOUSE	GS0030290	ENSMUSG00000047888	15	80590016	80771516	Mus musculus	KLF1_Tallack	20508144	PROTEIN BINDING ASSAY::CHROMATIN IMMUNOPRECIPITATION (CHIP)
TF0001046	ENSMUST00000067060	KLF1_MOUSE	GS0030271	ENSMUSG00000024380	18	32689316	32689630	Mus musculus	KLF1_Tallack	20508144	PROTEIN BINDING ASSAY::CHROMATIN IMMUNOPRECIPITATION (CHIP)
TF0001046	ENSMUST00000067060	KLF1_MOUSE	GS0029871	ENSMUSG00000014592	4	150433633	151235985	Mus musculus	KLF1_Tallack	20508144	PROTEIN BINDING ASSAY::CHROMATIN IMMUNOPRECIPITATION (CHIP)
TF0001046	ENSMUST00000067060	KLF1_MOUSE	GS0030674	ENSMUSG00000039768	4	151307800	151356246	Mus musculus	KLF1_Tallack	20508144	PROTEIN BINDING ASSAY::CHROMATIN IMMUNOPRECIPITATION (CHIP)
TF0001046	ENSMUST00000067060	KLF1_MOUSE	GS0030017	ENSMUSG00000045378	17	29071236	29079207	Mus musculus	KLF1_Tallack	20508144	PROTEIN BINDING ASSAY::CHROMATIN IMMUNOPRECIPITATION (CHIP)
TF0001046	ENSMUST00000067060	KLF1_MOUSE	GS0030093	ENSMUSG00000022367	15	56497182	56526094	Mus musculus	KLF1_Tallack	20508144	PROTEIN BINDING ASSAY::CHROMATIN IMMUNOPRECIPITATION (CHIP)
TF0001046	ENSMUST00000067060	KLF1_MOUSE	GS0030747	ENSMUSG00000090113	17	26079178	26081906	Mus musculus	KLF1_Tallack	20508144	PROTEIN BINDING ASSAY::CHROMATIN IMMUNOPRECIPITATION (CHIP)
TF0001046	ENSMUST00000067060	KLF1_MOUSE	GS0030088	ENSMUSG00000088868	2	46161856	46161978	Mus musculus	KLF1_Tallack	20508144	PROTEIN BINDING ASSAY::CHROMATIN IMMUNOPRECIPITATION (CHIP)
TF0001046	ENSMUST00000067060	KLF1_MOUSE	GS0030348	ENSMUSG00000028291	4	34498186	34514157	Mus musculus	KLF1_Tallack	20508144	PROTEIN BINDING ASSAY::CHROMATIN IMMUNOPRECIPITATION (CHIP)
TF0001046	ENSMUST00000067060	KLF1_MOUSE	GS0030471	ENSMUSG00000089704	8	122434741	126869624	Mus musculus	KLF1_Tallack	20508144	PROTEIN BINDING ASSAY::CHROMATIN IMMUNOPRECIPITATION (CHIP)
TF0001046	ENSMUST00000067060	KLF1_MOUSE	GS0030316	ENSMUSG00000028644	4	118848062	118862616	Mus musculus	KLF1_Tallack	20508144	PROTEIN BINDING ASSAY::CHROMATIN IMMUNOPRECIPITATION (CHIP)
TF0001046	ENSMUST00000067060	KLF1_MOUSE	GS0029789	ENSMUSG00000029178	5	65194628	65221368	Mus musculus	KLF1_Tallack	20508144	PROTEIN BINDING ASSAY::CHROMATIN IMMUNOPRECIPITATION (CHIP)
TF0001046	ENSMUST00000067060	KLF1_MOUSE	GS0029770	ENSMUSG00000030000	6	86028078	86069549	Mus musculus	KLF1_Tallack	20508144	PROTEIN BINDING ASSAY::CHROMATIN IMMUNOPRECIPITATION (CHIP)
TF0001046	ENSMUST00000067060	KLF1_MOUSE	GS0030412	ENSMUSG00000045217	X	14687712	14688588	Mus musculus	KLF1_Tallack	20508144	PROTEIN BINDING ASSAY::CHROMATIN IMMUNOPRECIPITATION (CHIP)
TF0001046	ENSMUST00000067060	KLF1_MOUSE	GS0029614	ENSMUSG00000051985	1	137850155	137902919	Mus musculus	KLF1_Tallack	20508144	PROTEIN BINDING ASSAY::CHROMATIN IMMUNOPRECIPITATION (CHIP)
TF0001046	ENSMUST00000067060	KLF1_MOUSE	GS0029876	ENSMUSG00000019831	10	40603281	40658376	Mus musculus	KLF1_Tallack	20508144	PROTEIN BINDING ASSAY::CHROMATIN IMMUNOPRECIPITATION (CHIP)
TF0001046	ENSMUST00000067060	KLF1_MOUSE	GS0030647	ENSMUSG00000034248	14	69859908	69903160	Mus musculus	KLF1_Tallack	20508144	PROTEIN BINDING ASSAY::CHROMATIN IMMUNOPRECIPITATION (CHIP)
TF0001046	ENSMUST00000067060	KLF1_MOUSE	GS0030777	ENSMUSG00000051219	4	124287174	124288046	Mus musculus	KLF1_Tallack	20508144	PROTEIN BINDING ASSAY::CHROMATIN IMMUNOPRECIPITATION (CHIP)
TF0001046	ENSMUST00000067060	KLF1_MOUSE	GS0030671	ENSMUSG00000018983	4	135728309	135751972	Mus musculus	KLF1_Tallack	20508144	PROTEIN BINDING ASSAY::CHROMATIN IMMUNOPRECIPITATION (CHIP)
TF0001046	ENSMUST00000067060	KLF1_MOUSE	GS0029831	ENSMUSG00000025857	5	139626177	139662464	Mus musculus	KLF1_Tallack	20508144	PROTEIN BINDING ASSAY::CHROMATIN IMMUNOPRECIPITATION (CHIP)
TF0001046	ENSMUST00000067060	KLF1_MOUSE	GS0029792	ENSMUSG00000031543	8	24085294	24260969	Mus musculus	KLF1_Tallack	20508144	PROTEIN BINDING ASSAY::CHROMATIN IMMUNOPRECIPITATION (CHIP)
TF0001046	ENSMUST00000067060	KLF1_MOUSE	GS0030783	ENSMUSG00000014859	8	107821563	107829269	Mus musculus	KLF1_Tallack	20508144	PROTEIN BINDING ASSAY::CHROMATIN IMMUNOPRECIPITATION (CHIP)
TF0001046	ENSMUST00000067060	KLF1_MOUSE	GS0029851	ENSMUSG00000071324	10	41634796	41738248	Mus musculus	KLF1_Tallack	20508144	PROTEIN BINDING ASSAY::CHROMATIN IMMUNOPRECIPITATION (CHIP)
TF0001046	ENSMUST00000067060	KLF1_MOUSE	GS0030476	ENSMUSG00000088209	12	5850518	5850632	Mus musculus	KLF1_Tallack	20508144	PROTEIN BINDING ASSAY::CHROMATIN IMMUNOPRECIPITATION (CHIP)
TF0001046	ENSMUST00000067060	KLF1_MOUSE	GS0029892	ENSMUSG00000007411	12	112812721	112894438	Mus musculus	KLF1_Tallack	20508144	PROTEIN BINDING ASSAY::CHROMATIN IMMUNOPRECIPITATION (CHIP)
TF0001046	ENSMUST00000067060	KLF1_MOUSE	GS0030296	ENSMUSG00000032671	2	103962926	103964906	Mus musculus	KLF1_Tallack	20508144	PROTEIN BINDING ASSAY::CHROMATIN IMMUNOPRECIPITATION (CHIP)
TF0001046	ENSMUST00000067060	KLF1_MOUSE	GS0030070	ENSMUSG00000027209	2	125809219	125977740	Mus musculus	KLF1_Tallack	20508144	PROTEIN BINDING ASSAY::CHROMATIN IMMUNOPRECIPITATION (CHIP)
TF0001046	ENSMUST00000067060	KLF1_MOUSE	GS0030604	ENSMUSG00000069118	3	6615413	6620443	Mus musculus	KLF1_Tallack	20508144	PROTEIN BINDING ASSAY::CHROMATIN IMMUNOPRECIPITATION (CHIP)
TF0001046	ENSMUST00000067060	KLF1_MOUSE	GS0029882	ENSMUSG00000065053	4	31102059	31102162	Mus musculus	KLF1_Tallack	20508144	PROTEIN BINDING ASSAY::CHROMATIN IMMUNOPRECIPITATION (CHIP)
TF0001046	ENSMUST00000067060	KLF1_MOUSE	GS0209465	ENSMUSG00000087580	9	3000282	3038313	Mus musculus	KLF1_Tallack	20508144	PROTEIN BINDING ASSAY::CHROMATIN IMMUNOPRECIPITATION (CHIP)
TF0001046	ENSMUST00000067060	KLF1_MOUSE	GS0030673	ENSMUSG00000063334	10	111409720	111425488	Mus musculus	KLF1_Tallack	20508144	PROTEIN BINDING ASSAY::CHROMATIN IMMUNOPRECIPITATION (CHIP)
TF0001046	ENSMUST00000067060	KLF1_MOUSE	GS0030703	ENSMUSG00000082286	11	3025907	3031007	Mus musculus	KLF1_Tallack	20508144	PROTEIN BINDING ASSAY::CHROMATIN IMMUNOPRECIPITATION (CHIP)
TF0001046	ENSMUST00000067060	KLF1_MOUSE	GS0030326	ENSMUSG00000089031	13	15226457	15226515	Mus musculus	KLF1_Tallack	20508144	PROTEIN BINDING ASSAY::CHROMATIN IMMUNOPRECIPITATION (CHIP)
TF0001046	ENSMUST00000067060	KLF1_MOUSE	GS0029678	ENSMUSG00000021754	13	112536636	112599201	Mus musculus	KLF1_Tallack	20508144	PROTEIN BINDING ASSAY::CHROMATIN IMMUNOPRECIPITATION (CHIP)
TF0001046	ENSMUST00000067060	KLF1_MOUSE	GS0030653	ENSMUSG00000040452	15	21041207	21519288	Mus musculus	KLF1_Tallack	20508144	PROTEIN BINDING ASSAY::CHROMATIN IMMUNOPRECIPITATION (CHIP)
TF0001046	ENSMUST00000067060	KLF1_MOUSE	GS0029936	ENSMUSG00000023827	17	12311570	12412511	Mus musculus	KLF1_Tallack	20508144	PROTEIN BINDING ASSAY::CHROMATIN IMMUNOPRECIPITATION (CHIP)
TF0001046	ENSMUST00000067060	KLF1_MOUSE	GS0029609	ENSMUSG00000024163	17	25029098	25073922	Mus musculus	KLF1_Tallack	20508144	PROTEIN BINDING ASSAY::CHROMATIN IMMUNOPRECIPITATION (CHIP)
TF0001046	ENSMUST00000067060	KLF1_MOUSE	GS0029619	ENSMUSG00000020690	11	104924906	104978851	Mus musculus	KLF1_Tallack	20508144	PROTEIN BINDING ASSAY::CHROMATIN IMMUNOPRECIPITATION (CHIP)
TF0001046	ENSMUST00000067060	KLF1_MOUSE	GS0030756	ENSMUSG00000047977	14	69907401	69912356	Mus musculus	KLF1_Tallack	20508144	PROTEIN BINDING ASSAY::CHROMATIN IMMUNOPRECIPITATION (CHIP)
TF0001046	ENSMUST00000067060	KLF1_MOUSE	GS0030490	ENSMUSG00000022382	15	85365869	85412251	Mus musculus	KLF1_Tallack	20508144	PROTEIN BINDING ASSAY::CHROMATIN IMMUNOPRECIPITATION (CHIP)
TF0001046	ENSMUST00000067060	KLF1_MOUSE	GS0029731	ENSMUSG00000024014	17	29627757	29632390	Mus musculus	KLF1_Tallack	20508144	PROTEIN BINDING ASSAY::CHROMATIN IMMUNOPRECIPITATION (CHIP)
TF0001046	ENSMUST00000067060	KLF1_MOUSE	GS0030377	ENSMUSG00000001403	2	164595398	164604322	Mus musculus	KLF1_Tallack	20508144	PROTEIN BINDING ASSAY::CHROMATIN IMMUNOPRECIPITATION (CHIP)
TF0001046	ENSMUST00000067060	KLF1_MOUSE	GS0030526	ENSMUSG00000038537	2	172073992	172076614	Mus musculus	KLF1_Tallack	20508144	PROTEIN BINDING ASSAY::CHROMATIN IMMUNOPRECIPITATION (CHIP)
TF0001046	ENSMUST00000067060	KLF1_MOUSE	GS0029890	ENSMUSG00000046862	4	143002329	143010994	Mus musculus	KLF1_Tallack	20508144	PROTEIN BINDING ASSAY::CHROMATIN IMMUNOPRECIPITATION (CHIP)
TF0001046	ENSMUST00000067060	KLF1_MOUSE	GS0030076	ENSMUSG00000038664	9	66198257	66356582	Mus musculus	KLF1_Tallack	20508144	PROTEIN BINDING ASSAY::CHROMATIN IMMUNOPRECIPITATION (CHIP)
TF0001046	ENSMUST00000067060	KLF1_MOUSE	GS0030319	ENSMUSG00000063856	9	108241607	108242671	Mus musculus	KLF1_Tallack	20508144	PROTEIN BINDING ASSAY::CHROMATIN IMMUNOPRECIPITATION (CHIP)
TF0001046	ENSMUST00000067060	KLF1_MOUSE	GS0029777	ENSMUSG00000059288	13	35751731	35965933	Mus musculus	KLF1_Tallack	20508144	PROTEIN BINDING ASSAY::CHROMATIN IMMUNOPRECIPITATION (CHIP)
TF0001046	ENSMUST00000067060	KLF1_MOUSE	GS0030523	ENSMUSG00000042348	13	114584716	114947669	Mus musculus	KLF1_Tallack	20508144	PROTEIN BINDING ASSAY::CHROMATIN IMMUNOPRECIPITATION (CHIP)
TF0001046	ENSMUST00000067060	KLF1_MOUSE	GS0030162	ENSMUSG00000071711	15	78237142	78244432	Mus musculus	KLF1_Tallack	20508144	PROTEIN BINDING ASSAY::CHROMATIN IMMUNOPRECIPITATION (CHIP)
TF0001046	ENSMUST00000067060	KLF1_MOUSE	GS0030187	ENSMUSG00000033182	6	88497716	88577439	Mus musculus	KLF1_Tallack	20508144	PROTEIN BINDING ASSAY::CHROMATIN IMMUNOPRECIPITATION (CHIP)
TF0001046	ENSMUST00000067060	KLF1_MOUSE	GS0029865	ENSMUSG00000053081	7	128850703	128851525	Mus musculus	KLF1_Tallack	20508144	PROTEIN BINDING ASSAY::CHROMATIN IMMUNOPRECIPITATION (CHIP)
TF0001046	ENSMUST00000067060	KLF1_MOUSE	GS0030749	ENSMUSG00000025860	X	39412856	39462833	Mus musculus	KLF1_Tallack	20508144	PROTEIN BINDING ASSAY::CHROMATIN IMMUNOPRECIPITATION (CHIP)
TF0001046	ENSMUST00000067060	KLF1_MOUSE	GS0030372	ENSMUSG00000019189	11	44332466	44379022	Mus musculus	KLF1_Tallack	20508144	PROTEIN BINDING ASSAY::CHROMATIN IMMUNOPRECIPITATION (CHIP)
TF0001046	ENSMUST00000067060	KLF1_MOUSE	GS0029743	ENSMUSG00000075485	11	105008207	105008575	Mus musculus	KLF1_Tallack	20508144	PROTEIN BINDING ASSAY::CHROMATIN IMMUNOPRECIPITATION (CHIP)
TF0001046	ENSMUST00000067060	KLF1_MOUSE	GS0030739	ENSMUSG00000028730	4	118227156	118293382	Mus musculus	KLF1_Tallack	20508144	PROTEIN BINDING ASSAY::CHROMATIN IMMUNOPRECIPITATION (CHIP)
TF0001046	ENSMUST00000067060	KLF1_MOUSE	GS0030676	ENSMUSG00000029029	4	153516481	153542372	Mus musculus	KLF1_Tallack	20508144	PROTEIN BINDING ASSAY::CHROMATIN IMMUNOPRECIPITATION (CHIP)
TF0001046	ENSMUST00000067060	KLF1_MOUSE	GS0030364	ENSMUSG00000029106	5	34916313	34974957	Mus musculus	KLF1_Tallack	20508144	PROTEIN BINDING ASSAY::CHROMATIN IMMUNOPRECIPITATION (CHIP)
TF0001046	ENSMUST00000067060	KLF1_MOUSE	GS0030683	ENSMUSG00000029174	5	64547544	64742725	Mus musculus	KLF1_Tallack	20508144	PROTEIN BINDING ASSAY::CHROMATIN IMMUNOPRECIPITATION (CHIP)
TF0001046	ENSMUST00000067060	KLF1_MOUSE	GS0030626	ENSMUSG00000029366	5	89194021	89212306	Mus musculus	KLF1_Tallack	20508144	PROTEIN BINDING ASSAY::CHROMATIN IMMUNOPRECIPITATION (CHIP)
TF0001046	ENSMUST00000067060	KLF1_MOUSE	GS0029733	ENSMUSG00000026425	1	133181828	133423938	Mus musculus	KLF1_Tallack	20508144	PROTEIN BINDING ASSAY::CHROMATIN IMMUNOPRECIPITATION (CHIP)
TF0001046	ENSMUST00000067060	KLF1_MOUSE	GS0030509	ENSMUSG00000075184	10	43313233	43350722	Mus musculus	KLF1_Tallack	20508144	PROTEIN BINDING ASSAY::CHROMATIN IMMUNOPRECIPITATION (CHIP)
TF0001046	ENSMUST00000067060	KLF1_MOUSE	GS0030555	ENSMUSG00000020990	12	70847835	70891694	Mus musculus	KLF1_Tallack	20508144	PROTEIN BINDING ASSAY::CHROMATIN IMMUNOPRECIPITATION (CHIP)
TF0001046	ENSMUST00000067060	KLF1_MOUSE	GS0030423	ENSMUSG00000043319	12	104137516	104138744	Mus musculus	KLF1_Tallack	20508144	PROTEIN BINDING ASSAY::CHROMATIN IMMUNOPRECIPITATION (CHIP)
TF0001046	ENSMUST00000067060	KLF1_MOUSE	GS0030799	ENSMUSG00000015968	14	30853135	31304342	Mus musculus	KLF1_Tallack	20508144	PROTEIN BINDING ASSAY::CHROMATIN IMMUNOPRECIPITATION (CHIP)
TF0001046	ENSMUST00000067060	KLF1_MOUSE	GS0030009	ENSMUSG00000075813	17	4678020	4678126	Mus musculus	KLF1_Tallack	20508144	PROTEIN BINDING ASSAY::CHROMATIN IMMUNOPRECIPITATION (CHIP)
TF0001046	ENSMUST00000067060	KLF1_MOUSE	GS0030463	ENSMUSG00000028278	4	33070012	33109155	Mus musculus	KLF1_Tallack	20508144	PROTEIN BINDING ASSAY::CHROMATIN IMMUNOPRECIPITATION (CHIP)
TF0001046	ENSMUST00000067060	KLF1_MOUSE	GS0029710	ENSMUSG00000028821	4	134486813	134493463	Mus musculus	KLF1_Tallack	20508144	PROTEIN BINDING ASSAY::CHROMATIN IMMUNOPRECIPITATION (CHIP)
TF0001046	ENSMUST00000067060	KLF1_MOUSE	GS0030193	ENSMUSG00000042010	5	114596544	114700770	Mus musculus	KLF1_Tallack	20508144	PROTEIN BINDING ASSAY::CHROMATIN IMMUNOPRECIPITATION (CHIP)
TF0001046	ENSMUST00000067060	KLF1_MOUSE	GS0030755	ENSMUSG00000029722	5	138091711	138125954	Mus musculus	KLF1_Tallack	20508144	PROTEIN BINDING ASSAY::CHROMATIN IMMUNOPRECIPITATION (CHIP)
TF0001046	ENSMUST00000067060	KLF1_MOUSE	GS0030265	ENSMUSG00000059495	9	42771925	42913801	Mus musculus	KLF1_Tallack	20508144	PROTEIN BINDING ASSAY::CHROMATIN IMMUNOPRECIPITATION (CHIP)
TF0001046	ENSMUST00000067060	KLF1_MOUSE	GS0029812	ENSMUSG00000026452	1	136605877	136649726	Mus musculus	KLF1_Tallack	20508144	PROTEIN BINDING ASSAY::CHROMATIN IMMUNOPRECIPITATION (CHIP)
TF0001046	ENSMUST00000067060	KLF1_MOUSE	GS0030537	ENSMUSG00000020019	10	93103426	93209952	Mus musculus	KLF1_Tallack	20508144	PROTEIN BINDING ASSAY::CHROMATIN IMMUNOPRECIPITATION (CHIP)
TF0001046	ENSMUST00000067060	KLF1_MOUSE	GS0030446	ENSMUSG00000018566	11	69756045	69761690	Mus musculus	KLF1_Tallack	20508144	PROTEIN BINDING ASSAY::CHROMATIN IMMUNOPRECIPITATION (CHIP)
TF0001046	ENSMUST00000067060	KLF1_MOUSE	GS0029626	ENSMUSG00000000282	11	74644422	74659227	Mus musculus	KLF1_Tallack	20508144	PROTEIN BINDING ASSAY::CHROMATIN IMMUNOPRECIPITATION (CHIP)
TF0001046	ENSMUST00000067060	KLF1_MOUSE	GS0029687	ENSMUSG00000038976	11	94852349	94868213	Mus musculus	KLF1_Tallack	20508144	PROTEIN BINDING ASSAY::CHROMATIN IMMUNOPRECIPITATION (CHIP)
TF0001046	ENSMUST00000067060	KLF1_MOUSE	GS0030478	ENSMUSG00000025572	11	117627302	117643512	Mus musculus	KLF1_Tallack	20508144	PROTEIN BINDING ASSAY::CHROMATIN IMMUNOPRECIPITATION (CHIP)
TF0001046	ENSMUST00000067060	KLF1_MOUSE	GS0030714	ENSMUSG00000060343	13	3853419	3854007	Mus musculus	KLF1_Tallack	20508144	PROTEIN BINDING ASSAY::CHROMATIN IMMUNOPRECIPITATION (CHIP)
TF0001046	ENSMUST00000067060	KLF1_MOUSE	GS0030350	ENSMUSG00000023484	15	98885605	98889409	Mus musculus	KLF1_Tallack	20508144	PROTEIN BINDING ASSAY::CHROMATIN IMMUNOPRECIPITATION (CHIP)
TF0001046	ENSMUST00000067060	KLF1_MOUSE	GS0030587	ENSMUSG00000022500	16	10959368	11066250	Mus musculus	KLF1_Tallack	20508144	PROTEIN BINDING ASSAY::CHROMATIN IMMUNOPRECIPITATION (CHIP)
TF0001046	ENSMUST00000067060	KLF1_MOUSE	GS0029944	ENSMUSG00000022604	16	55900001	55934968	Mus musculus	KLF1_Tallack	20508144	PROTEIN BINDING ASSAY::CHROMATIN IMMUNOPRECIPITATION (CHIP)
TF0001046	ENSMUST00000067060	KLF1_MOUSE	GS0030540	ENSMUSG00000027601	3	19087327	19120817	Mus musculus	KLF1_Tallack	20508144	PROTEIN BINDING ASSAY::CHROMATIN IMMUNOPRECIPITATION (CHIP)
TF0001046	ENSMUST00000067060	KLF1_MOUSE	GS0030063	ENSMUSG00000028862	4	132796733	132808844	Mus musculus	KLF1_Tallack	20508144	PROTEIN BINDING ASSAY::CHROMATIN IMMUNOPRECIPITATION (CHIP)
TF0001046	ENSMUST00000067060	KLF1_MOUSE	GS0030539	ENSMUSG00000029291	5	88994065	89080415	Mus musculus	KLF1_Tallack	20508144	PROTEIN BINDING ASSAY::CHROMATIN IMMUNOPRECIPITATION (CHIP)
TF0001046	ENSMUST00000067060	KLF1_MOUSE	GS0030557	ENSMUSG00000029925	6	38825403	39034584	Mus musculus	KLF1_Tallack	20508144	PROTEIN BINDING ASSAY::CHROMATIN IMMUNOPRECIPITATION (CHIP)
TF0001046	ENSMUST00000067060	KLF1_MOUSE	GS0030557	ENSMUSG00000029925	6	38825403	39034584	Mus musculus	KLF1_Tallack	20508144	PROTEIN BINDING ASSAY::CHROMATIN IMMUNOPRECIPITATION (CHIP)
TF0001046	ENSMUST00000067060	KLF1_MOUSE	GS0030227	ENSMUSG00000054499	7	25987859	26004878	Mus musculus	KLF1_Tallack	20508144	PROTEIN BINDING ASSAY::CHROMATIN IMMUNOPRECIPITATION (CHIP)
TF0001046	ENSMUST00000067060	KLF1_MOUSE	GS0030086	ENSMUSG00000035354	7	106035253	106289654	Mus musculus	KLF1_Tallack	20508144	PROTEIN BINDING ASSAY::CHROMATIN IMMUNOPRECIPITATION (CHIP)
TF0001046	ENSMUST00000067060	KLF1_MOUSE	GS0030390	ENSMUSG00000031779	8	97269490	97275599	Mus musculus	KLF1_Tallack	20508144	PROTEIN BINDING ASSAY::CHROMATIN IMMUNOPRECIPITATION (CHIP)
TF0001046	ENSMUST00000067060	KLF1_MOUSE	GS0030154	ENSMUSG00000019977	10	21015785	21088695	Mus musculus	KLF1_Tallack	20508144	PROTEIN BINDING ASSAY::CHROMATIN IMMUNOPRECIPITATION (CHIP)
TF0001046	ENSMUST00000067060	KLF1_MOUSE	GS0030260	ENSMUSG00000065802	10	108805144	108805249	Mus musculus	KLF1_Tallack	20508144	PROTEIN BINDING ASSAY::CHROMATIN IMMUNOPRECIPITATION (CHIP)
TF0001046	ENSMUST00000067060	KLF1_MOUSE	GS0030541	ENSMUSG00000006574	11	102210138	102227517	Mus musculus	KLF1_Tallack	20508144	PROTEIN BINDING ASSAY::CHROMATIN IMMUNOPRECIPITATION (CHIP)
TF0001046	ENSMUST00000067060	KLF1_MOUSE	GS0030772	ENSMUSG00000025175	11	121296227	121311805	Mus musculus	KLF1_Tallack	20508144	PROTEIN BINDING ASSAY::CHROMATIN IMMUNOPRECIPITATION (CHIP)
TF0001046	ENSMUST00000067060	KLF1_MOUSE	GS0030210	ENSMUSG00000021277	12	112404581	112505364	Mus musculus	KLF1_Tallack	20508144	PROTEIN BINDING ASSAY::CHROMATIN IMMUNOPRECIPITATION (CHIP)
TF0001046	ENSMUST00000067060	KLF1_MOUSE	GS0030596	ENSMUSG00000049985	13	113078659	113174210	Mus musculus	KLF1_Tallack	20508144	PROTEIN BINDING ASSAY::CHROMATIN IMMUNOPRECIPITATION (CHIP)
TF0001046	ENSMUST00000067060	KLF1_MOUSE	GS0218016	ENSMUSG00000048349	14	104862737	104867216	Mus musculus	KLF1_Tallack	20508144	PROTEIN BINDING ASSAY::CHROMATIN IMMUNOPRECIPITATION (CHIP)
TF0001046	ENSMUST00000067060	KLF1_MOUSE	GS0030273	ENSMUSG00000063952	17	28938035	28975491	Mus musculus	KLF1_Tallack	20508144	PROTEIN BINDING ASSAY::CHROMATIN IMMUNOPRECIPITATION (CHIP)
TF0001046	ENSMUST00000067060	KLF1_MOUSE	GS0029991	ENSMUSG00000024256	17	93598762	93604825	Mus musculus	KLF1_Tallack	20508144	PROTEIN BINDING ASSAY::CHROMATIN IMMUNOPRECIPITATION (CHIP)
TF0001046	ENSMUST00000067060	KLF1_MOUSE	GS0030085	ENSMUSG00000027200	2	123915705	124493506	Mus musculus	KLF1_Tallack	20508144	PROTEIN BINDING ASSAY::CHROMATIN IMMUNOPRECIPITATION (CHIP)
TF0001046	ENSMUST00000067060	KLF1_MOUSE	GS0030349	ENSMUSG00000027831	3	65857483	66100759	Mus musculus	KLF1_Tallack	20508144	PROTEIN BINDING ASSAY::CHROMATIN IMMUNOPRECIPITATION (CHIP)
TF0001046	ENSMUST00000067060	KLF1_MOUSE	GS0030705	ENSMUSG00000028478	4	44017324	44045718	Mus musculus	KLF1_Tallack	20508144	PROTEIN BINDING ASSAY::CHROMATIN IMMUNOPRECIPITATION (CHIP)
TF0001046	ENSMUST00000067060	KLF1_MOUSE	GS0030385	ENSMUSG00000044197	5	139853696	139872369	Mus musculus	KLF1_Tallack	20508144	PROTEIN BINDING ASSAY::CHROMATIN IMMUNOPRECIPITATION (CHIP)
TF0001046	ENSMUST00000067060	KLF1_MOUSE	GS0030327	ENSMUSG00000012483	6	8205936	8209173	Mus musculus	KLF1_Tallack	20508144	PROTEIN BINDING ASSAY::CHROMATIN IMMUNOPRECIPITATION (CHIP)
TF0001046	ENSMUST00000067060	KLF1_MOUSE	GS0029823	ENSMUSG00000030861	7	138554115	138589725	Mus musculus	KLF1_Tallack	20508144	PROTEIN BINDING ASSAY::CHROMATIN IMMUNOPRECIPITATION (CHIP)
TF0001046	ENSMUST00000067060	KLF1_MOUSE	GS0029824	ENSMUSG00000003813	8	87357918	87364564	Mus musculus	KLF1_Tallack	20508144	PROTEIN BINDING ASSAY::CHROMATIN IMMUNOPRECIPITATION (CHIP)
TF0001046	ENSMUST00000067060	KLF1_MOUSE	GS0029602	ENSMUSG00000032590	9	107987748	107996811	Mus musculus	KLF1_Tallack	20508144	PROTEIN BINDING ASSAY::CHROMATIN IMMUNOPRECIPITATION (CHIP)
TF0001046	ENSMUST00000067060	KLF1_MOUSE	GS0030693	ENSMUSG00000077669	11	25138588	25138715	Mus musculus	KLF1_Tallack	20508144	PROTEIN BINDING ASSAY::CHROMATIN IMMUNOPRECIPITATION (CHIP)
TF0001046	ENSMUST00000067060	KLF1_MOUSE	GS0030453	ENSMUSG00000089603	12	61836485	61836591	Mus musculus	KLF1_Tallack	20508144	PROTEIN BINDING ASSAY::CHROMATIN IMMUNOPRECIPITATION (CHIP)
TF0001046	ENSMUST00000067060	KLF1_MOUSE	GS0030621	ENSMUSG00000044461	14	60244118	60250495	Mus musculus	KLF1_Tallack	20508144	PROTEIN BINDING ASSAY::CHROMATIN IMMUNOPRECIPITATION (CHIP)
TF0001046	ENSMUST00000067060	KLF1_MOUSE	GS0030516	ENSMUSG00000068579	15	36237857	36238722	Mus musculus	KLF1_Tallack	20508144	PROTEIN BINDING ASSAY::CHROMATIN IMMUNOPRECIPITATION (CHIP)
TF0001046	ENSMUST00000067060	KLF1_MOUSE	GS0029877	ENSMUSG00000065811	16	91349947	91350029	Mus musculus	KLF1_Tallack	20508144	PROTEIN BINDING ASSAY::CHROMATIN IMMUNOPRECIPITATION (CHIP)
TF0001046	ENSMUST00000067060	KLF1_MOUSE	GS0030323	ENSMUSG00000029648	5	148373180	148537587	Mus musculus	KLF1_Tallack	20508144	PROTEIN BINDING ASSAY::CHROMATIN IMMUNOPRECIPITATION (CHIP)
TF0001046	ENSMUST00000067060	KLF1_MOUSE	GS0030637	ENSMUSG00000040466	7	28232997	28251163	Mus musculus	KLF1_Tallack	20508144	PROTEIN BINDING ASSAY::CHROMATIN IMMUNOPRECIPITATION (CHIP)
TF0001046	ENSMUST00000067060	KLF1_MOUSE	GS0030657	ENSMUSG00000049580	7	105499178	105509838	Mus musculus	KLF1_Tallack	20508144	PROTEIN BINDING ASSAY::CHROMATIN IMMUNOPRECIPITATION (CHIP)
TF0001046	ENSMUST00000067060	KLF1_MOUSE	GS0030709	ENSMUSG00000038417	10	40907978	41023047	Mus musculus	KLF1_Tallack	20508144	PROTEIN BINDING ASSAY::CHROMATIN IMMUNOPRECIPITATION (CHIP)
TF0001046	ENSMUST00000067060	KLF1_MOUSE	GS0030701	ENSMUSG00000020111	10	59165225	59326880	Mus musculus	KLF1_Tallack	20508144	PROTEIN BINDING ASSAY::CHROMATIN IMMUNOPRECIPITATION (CHIP)
TF0001046	ENSMUST00000067060	KLF1_MOUSE	GS0029620	ENSMUSG00000020864	11	94189315	94203155	Mus musculus	KLF1_Tallack	20508144	PROTEIN BINDING ASSAY::CHROMATIN IMMUNOPRECIPITATION (CHIP)
TF0001046	ENSMUST00000067060	KLF1_MOUSE	GS0030571	ENSMUSG00000056222	13	57524451	58008948	Mus musculus	KLF1_Tallack	20508144	PROTEIN BINDING ASSAY::CHROMATIN IMMUNOPRECIPITATION (CHIP)
TF0001046	ENSMUST00000067060	KLF1_MOUSE	GS0029763	ENSMUSG00000074634	13	120281511	120284277	Mus musculus	KLF1_Tallack	20508144	PROTEIN BINDING ASSAY::CHROMATIN IMMUNOPRECIPITATION (CHIP)
TF0001046	ENSMUST00000067060	KLF1_MOUSE	GS0029839	ENSMUSG00000022066	14	69955208	69985327	Mus musculus	KLF1_Tallack	20508144	PROTEIN BINDING ASSAY::CHROMATIN IMMUNOPRECIPITATION (CHIP)
TF0001046	ENSMUST00000067060	KLF1_MOUSE	GS0030753	ENSMUSG00000084573	16	5324129	5324250	Mus musculus	KLF1_Tallack	20508144	PROTEIN BINDING ASSAY::CHROMATIN IMMUNOPRECIPITATION (CHIP)
TF0001046	ENSMUST00000067060	KLF1_MOUSE	GS0029586	ENSMUSG00000022538	16	30560580	30587678	Mus musculus	KLF1_Tallack	20508144	PROTEIN BINDING ASSAY::CHROMATIN IMMUNOPRECIPITATION (CHIP)
TF0001046	ENSMUST00000067060	KLF1_MOUSE	GS0030629	ENSMUSG00000023868	17	8718237	9179513	Mus musculus	KLF1_Tallack	20508144	PROTEIN BINDING ASSAY::CHROMATIN IMMUNOPRECIPITATION (CHIP)
TF0001046	ENSMUST00000067060	KLF1_MOUSE	GS0029855	ENSMUSG00000024646	18	85020730	85049793	Mus musculus	KLF1_Tallack	20508144	PROTEIN BINDING ASSAY::CHROMATIN IMMUNOPRECIPITATION (CHIP)
TF0001046	ENSMUST00000067060	KLF1_MOUSE	GS0029592	ENSMUSG00000024939	19	5728087	5729653	Mus musculus	KLF1_Tallack	20508144	PROTEIN BINDING ASSAY::CHROMATIN IMMUNOPRECIPITATION (CHIP)
TF0001046	ENSMUST00000067060	KLF1_MOUSE	GS0029933	ENSMUSG00000025212	19	45122091	45130873	Mus musculus	KLF1_Tallack	20508144	PROTEIN BINDING ASSAY::CHROMATIN IMMUNOPRECIPITATION (CHIP)
TF0001046	ENSMUST00000067060	KLF1_MOUSE	GS0030155	ENSMUSG00000026880	2	35169506	35192529	Mus musculus	KLF1_Tallack	20508144	PROTEIN BINDING ASSAY::CHROMATIN IMMUNOPRECIPITATION (CHIP)
TF0001046	ENSMUST00000067060	KLF1_MOUSE	GS0029880	ENSMUSG00000044991	2	132512667	132576791	Mus musculus	KLF1_Tallack	20508144	PROTEIN BINDING ASSAY::CHROMATIN IMMUNOPRECIPITATION (CHIP)
TF0001046	ENSMUST00000067060	KLF1_MOUSE	GS0030305	ENSMUSG00000053277	2	181725841	181731135	Mus musculus	KLF1_Tallack	20508144	PROTEIN BINDING ASSAY::CHROMATIN IMMUNOPRECIPITATION (CHIP)
TF0001046	ENSMUST00000067060	KLF1_MOUSE	GS0030722	ENSMUSG00000065029	3	103249620	103249723	Mus musculus	KLF1_Tallack	20508144	PROTEIN BINDING ASSAY::CHROMATIN IMMUNOPRECIPITATION (CHIP)
TF0001046	ENSMUST00000067060	KLF1_MOUSE	GS0030208	ENSMUSG00000009108	3	107895707	107904350	Mus musculus	KLF1_Tallack	20508144	PROTEIN BINDING ASSAY::CHROMATIN IMMUNOPRECIPITATION (CHIP)
TF0001046	ENSMUST00000067060	KLF1_MOUSE	GS0030570	ENSMUSG00000028035	3	151841475	151873243	Mus musculus	KLF1_Tallack	20508144	PROTEIN BINDING ASSAY::CHROMATIN IMMUNOPRECIPITATION (CHIP)
TF0001046	ENSMUST00000067060	KLF1_MOUSE	GS0030084	ENSMUSG00000028555	4	109079228	109117350	Mus musculus	KLF1_Tallack	20508144	PROTEIN BINDING ASSAY::CHROMATIN IMMUNOPRECIPITATION (CHIP)
TF0001046	ENSMUST00000067060	KLF1_MOUSE	GS0030663	ENSMUSG00000011257	4	122939594	122976168	Mus musculus	KLF1_Tallack	20508144	PROTEIN BINDING ASSAY::CHROMATIN IMMUNOPRECIPITATION (CHIP)
TF0001046	ENSMUST00000067060	KLF1_MOUSE	GS0029681	ENSMUSG00000088734	5	57127329	57127458	Mus musculus	KLF1_Tallack	20508144	PROTEIN BINDING ASSAY::CHROMATIN IMMUNOPRECIPITATION (CHIP)
TF0001046	ENSMUST00000067060	KLF1_MOUSE	GS0030452	ENSMUSG00000029673	5	131913205	133019214	Mus musculus	KLF1_Tallack	20508144	PROTEIN BINDING ASSAY::CHROMATIN IMMUNOPRECIPITATION (CHIP)
TF0001046	ENSMUST00000067060	KLF1_MOUSE	GS0030548	ENSMUSG00000018999	6	34103380	34127111	Mus musculus	KLF1_Tallack	20508144	PROTEIN BINDING ASSAY::CHROMATIN IMMUNOPRECIPITATION (CHIP)
TF0001046	ENSMUST00000067060	KLF1_MOUSE	GS0030719	ENSMUSG00000053898	7	29610236	29617266	Mus musculus	KLF1_Tallack	20508144	PROTEIN BINDING ASSAY::CHROMATIN IMMUNOPRECIPITATION (CHIP)
TF0001046	ENSMUST00000067060	KLF1_MOUSE	GS0030728	ENSMUSG00000030780	7	135414893	135441684	Mus musculus	KLF1_Tallack	20508144	PROTEIN BINDING ASSAY::CHROMATIN IMMUNOPRECIPITATION (CHIP)
TF0001046	ENSMUST00000067060	KLF1_MOUSE	GS0029760	ENSMUSG00000031877	8	107485618	107493437	Mus musculus	KLF1_Tallack	20508144	PROTEIN BINDING ASSAY::CHROMATIN IMMUNOPRECIPITATION (CHIP)
TF0001046	ENSMUST00000067060	KLF1_MOUSE	GS0030631	ENSMUSG00000026116	1	36849036	36996372	Mus musculus	KLF1_Tallack	20508144	PROTEIN BINDING ASSAY::CHROMATIN IMMUNOPRECIPITATION (CHIP)
TF0001046	ENSMUST00000067060	KLF1_MOUSE	GS0029674	ENSMUSG00000026235	1	77363760	77511663	Mus musculus	KLF1_Tallack	20508144	PROTEIN BINDING ASSAY::CHROMATIN IMMUNOPRECIPITATION (CHIP)
TF0001046	ENSMUST00000067060	KLF1_MOUSE	GS0029945	ENSMUSG00000047216	1	112785772	112873949	Mus musculus	KLF1_Tallack	20508144	PROTEIN BINDING ASSAY::CHROMATIN IMMUNOPRECIPITATION (CHIP)
TF0001046	ENSMUST00000067060	KLF1_MOUSE	GS0030180	ENSMUSG00000021549	13	85354304	85429091	Mus musculus	KLF1_Tallack	20508144	PROTEIN BINDING ASSAY::CHROMATIN IMMUNOPRECIPITATION (CHIP)
TF0001046	ENSMUST00000067060	KLF1_MOUSE	GS0030036	ENSMUSG00000007617	13	94073712	94174917	Mus musculus	KLF1_Tallack	20508144	PROTEIN BINDING ASSAY::CHROMATIN IMMUNOPRECIPITATION (CHIP)
TF0001046	ENSMUST00000067060	KLF1_MOUSE	GS0030140	ENSMUSG00000022024	14	79987498	80029562	Mus musculus	KLF1_Tallack	20508144	PROTEIN BINDING ASSAY::CHROMATIN IMMUNOPRECIPITATION (CHIP)
TF0001046	ENSMUST00000067060	KLF1_MOUSE	GS0029727	ENSMUSG00000022710	16	8688815	8792401	Mus musculus	KLF1_Tallack	20508144	PROTEIN BINDING ASSAY::CHROMATIN IMMUNOPRECIPITATION (CHIP)
TF0001046	ENSMUST00000067060	KLF1_MOUSE	GS0029775	ENSMUSG00000039851	16	91054180	91095367	Mus musculus	KLF1_Tallack	20508144	PROTEIN BINDING ASSAY::CHROMATIN IMMUNOPRECIPITATION (CHIP)
TF0001046	ENSMUST00000067060	KLF1_MOUSE	GS0029688	ENSMUSG00000039463	2	167247212	167302500	Mus musculus	KLF1_Tallack	20508144	PROTEIN BINDING ASSAY::CHROMATIN IMMUNOPRECIPITATION (CHIP)
TF0001046	ENSMUST00000067060	KLF1_MOUSE	GS0030354	ENSMUSG00000039131	3	151756497	151829194	Mus musculus	KLF1_Tallack	20508144	PROTEIN BINDING ASSAY::CHROMATIN IMMUNOPRECIPITATION (CHIP)
TF0001046	ENSMUST00000067060	KLF1_MOUSE	GS0030801	ENSMUSG00000040183	4	32891010	33037816	Mus musculus	KLF1_Tallack	20508144	PROTEIN BINDING ASSAY::CHROMATIN IMMUNOPRECIPITATION (CHIP)
TF0001046	ENSMUST00000067060	KLF1_MOUSE	GS0030384	ENSMUSG00000028729	4	118293404	118300381	Mus musculus	KLF1_Tallack	20508144	PROTEIN BINDING ASSAY::CHROMATIN IMMUNOPRECIPITATION (CHIP)
TF0001046	ENSMUST00000067060	KLF1_MOUSE	GS0029668	ENSMUSG00000040859	4	129138825	129165742	Mus musculus	KLF1_Tallack	20508144	PROTEIN BINDING ASSAY::CHROMATIN IMMUNOPRECIPITATION (CHIP)
TF0001046	ENSMUST00000067060	KLF1_MOUSE	GS0029996	ENSMUSG00000033623	5	108890251	108935995	Mus musculus	KLF1_Tallack	20508144	PROTEIN BINDING ASSAY::CHROMATIN IMMUNOPRECIPITATION (CHIP)
TF0001046	ENSMUST00000067060	KLF1_MOUSE	GS0030549	ENSMUSG00000025702	6	116288042	116359558	Mus musculus	KLF1_Tallack	20508144	PROTEIN BINDING ASSAY::CHROMATIN IMMUNOPRECIPITATION (CHIP)
TF0001046	ENSMUST00000067060	KLF1_MOUSE	GS0030800	ENSMUSG00000030189	6	131314876	131338468	Mus musculus	KLF1_Tallack	20508144	PROTEIN BINDING ASSAY::CHROMATIN IMMUNOPRECIPITATION (CHIP)
TF0001046	ENSMUST00000067060	KLF1_MOUSE	GS0029978	ENSMUSG00000030287	6	146056821	146450745	Mus musculus	KLF1_Tallack	20508144	PROTEIN BINDING ASSAY::CHROMATIN IMMUNOPRECIPITATION (CHIP)
TF0001046	ENSMUST00000067060	KLF1_MOUSE	GS0030221	ENSMUSG00000052214	7	19813683	19841892	Mus musculus	KLF1_Tallack	20508144	PROTEIN BINDING ASSAY::CHROMATIN IMMUNOPRECIPITATION (CHIP)
TF0001046	ENSMUST00000067060	KLF1_MOUSE	GS0030792	ENSMUSG00000032020	9	40819181	40969780	Mus musculus	KLF1_Tallack	20508144	PROTEIN BINDING ASSAY::CHROMATIN IMMUNOPRECIPITATION (CHIP)
TF0001046	ENSMUST00000067060	KLF1_MOUSE	GS0030076	ENSMUSG00000038664	9	66198257	66356582	Mus musculus	KLF1_Tallack	20508144	PROTEIN BINDING ASSAY::CHROMATIN IMMUNOPRECIPITATION (CHIP)
TF0001046	ENSMUST00000067060	KLF1_MOUSE	GS0030356	ENSMUSG00000054693	9	70526804	70628036	Mus musculus	KLF1_Tallack	20508144	PROTEIN BINDING ASSAY::CHROMATIN IMMUNOPRECIPITATION (CHIP)
TF0001046	ENSMUST00000067060	KLF1_MOUSE	GS0029903	ENSMUSG00000031273	X	137599946	137908619	Mus musculus	KLF1_Tallack	20508144	PROTEIN BINDING ASSAY::CHROMATIN IMMUNOPRECIPITATION (CHIP)
TF0001046	ENSMUST00000067060	KLF1_MOUSE	GS0030420	ENSMUSG00000052534	1	170050130	170362300	Mus musculus	KLF1_Tallack	20508144	PROTEIN BINDING ASSAY::CHROMATIN IMMUNOPRECIPITATION (CHIP)
TF0001046	ENSMUST00000067060	KLF1_MOUSE	GS0029689	ENSMUSG00000025417	10	126634123	126648678	Mus musculus	KLF1_Tallack	20508144	PROTEIN BINDING ASSAY::CHROMATIN IMMUNOPRECIPITATION (CHIP)
TF0001046	ENSMUST00000067060	KLF1_MOUSE	GS0030609	ENSMUSG00000018678	11	96814654	96844273	Mus musculus	KLF1_Tallack	20508144	PROTEIN BINDING ASSAY::CHROMATIN IMMUNOPRECIPITATION (CHIP)
TF0001046	ENSMUST00000067060	KLF1_MOUSE	GS0030160	ENSMUSG00000056899	12	41750677	43056575	Mus musculus	KLF1_Tallack	20508144	PROTEIN BINDING ASSAY::CHROMATIN IMMUNOPRECIPITATION (CHIP)
TF0001046	ENSMUST00000067060	KLF1_MOUSE	GS0029833	ENSMUSG00000076723	12	116699210	116699642	Mus musculus	KLF1_Tallack	20508144	PROTEIN BINDING ASSAY::CHROMATIN IMMUNOPRECIPITATION (CHIP)
TF0001046	ENSMUST00000067060	KLF1_MOUSE	GS0030024	ENSMUSG00000021608	13	73604645	73653870	Mus musculus	KLF1_Tallack	20508144	PROTEIN BINDING ASSAY::CHROMATIN IMMUNOPRECIPITATION (CHIP)
TF0001046	ENSMUST00000067060	KLF1_MOUSE	GS0030805	ENSMUSG00000065424	13	83878411	83878497	Mus musculus	KLF1_Tallack	20508144	PROTEIN BINDING ASSAY::CHROMATIN IMMUNOPRECIPITATION (CHIP)
TF0001046	ENSMUST00000067060	KLF1_MOUSE	GS0029841	ENSMUSG00000021759	13	113591102	113658089	Mus musculus	KLF1_Tallack	20508144	PROTEIN BINDING ASSAY::CHROMATIN IMMUNOPRECIPITATION (CHIP)
TF0001046	ENSMUST00000067060	KLF1_MOUSE	GS0030304	ENSMUSG00000064399	14	63718373	63718479	Mus musculus	KLF1_Tallack	20508144	PROTEIN BINDING ASSAY::CHROMATIN IMMUNOPRECIPITATION (CHIP)
TF0001046	ENSMUST00000067060	KLF1_MOUSE	GS0030045	ENSMUSG00000022329	15	34805251	35085561	Mus musculus	KLF1_Tallack	20508144	PROTEIN BINDING ASSAY::CHROMATIN IMMUNOPRECIPITATION (CHIP)
TF0001046	ENSMUST00000067060	KLF1_MOUSE	GS0030804	ENSMUSG00000022762	16	81200942	81624530	Mus musculus	KLF1_Tallack	20508144	PROTEIN BINDING ASSAY::CHROMATIN IMMUNOPRECIPITATION (CHIP)
TF0001046	ENSMUST00000067060	KLF1_MOUSE	GS0030605	ENSMUSG00000023826	17	11259991	12254519	Mus musculus	KLF1_Tallack	20508144	PROTEIN BINDING ASSAY::CHROMATIN IMMUNOPRECIPITATION (CHIP)
TF0001046	ENSMUST00000067060	KLF1_MOUSE	GS0030149	ENSMUSG00000036473	17	24312376	24342507	Mus musculus	KLF1_Tallack	20508144	PROTEIN BINDING ASSAY::CHROMATIN IMMUNOPRECIPITATION (CHIP)
TF0001046	ENSMUST00000067060	KLF1_MOUSE	GS0030564	ENSMUSG00000023965	17	63395305	63849929	Mus musculus	KLF1_Tallack	20508144	PROTEIN BINDING ASSAY::CHROMATIN IMMUNOPRECIPITATION (CHIP)
TF0001046	ENSMUST00000067060	KLF1_MOUSE	GS0029663	ENSMUSG00000024777	19	6227765	6235872	Mus musculus	KLF1_Tallack	20508144	PROTEIN BINDING ASSAY::CHROMATIN IMMUNOPRECIPITATION (CHIP)
TF0001046	ENSMUST00000067060	KLF1_MOUSE	GS0030039	ENSMUSG00000055523	19	55272787	55315726	Mus musculus	KLF1_Tallack	20508144	PROTEIN BINDING ASSAY::CHROMATIN IMMUNOPRECIPITATION (CHIP)
TF0001046	ENSMUST00000067060	KLF1_MOUSE	GS0030630	ENSMUSG00000049252	2	40450768	42509118	Mus musculus	KLF1_Tallack	20508144	PROTEIN BINDING ASSAY::CHROMATIN IMMUNOPRECIPITATION (CHIP)
TF0001046	ENSMUST00000067060	KLF1_MOUSE	GS0030723	ENSMUSG00000078923	2	167433138	167457595	Mus musculus	KLF1_Tallack	20508144	PROTEIN BINDING ASSAY::CHROMATIN IMMUNOPRECIPITATION (CHIP)
TF0001046	ENSMUST00000067060	KLF1_MOUSE	GS0030604	ENSMUSG00000069118	3	6615413	6620443	Mus musculus	KLF1_Tallack	20508144	PROTEIN BINDING ASSAY::CHROMATIN IMMUNOPRECIPITATION (CHIP)
