TF0001147	ENST00000431565	SOX2_HUMAN	GS0350996	ENSG00000233476	7	22550231	22551618	Homo sapiens	Sox2_Fang	21211035	PROTEIN BINDING ASSAY::CHROMATIN IMMUNOPRECIPITATION (CHIP)
TF0001147	ENST00000431565	SOX2_HUMAN	GS0350996	ENSG00000233476	7	22550231	22551618	Homo sapiens	Sox2_Fang	21211035	PROTEIN BINDING ASSAY::CHROMATIN IMMUNOPRECIPITATION (CHIP)
TF0001147	ENST00000431565	SOX2_HUMAN	GS0350962	ENSG00000136244	7	22765503	22771621	Homo sapiens	Sox2_Fang	21211035	PROTEIN BINDING ASSAY::CHROMATIN IMMUNOPRECIPITATION (CHIP)
TF0001147	ENST00000431565	SOX2_HUMAN	GS0352974	ENSG00000165995	10	18429606	18830798	Homo sapiens	Sox2_Fang	21211035	PROTEIN BINDING ASSAY::CHROMATIN IMMUNOPRECIPITATION (CHIP)
TF0001147	ENST00000431565	SOX2_HUMAN	GS0349652	ENSG00000157168	8	31496902	32622548	Homo sapiens	Sox2_Fang	21211035	PROTEIN BINDING ASSAY::CHROMATIN IMMUNOPRECIPITATION (CHIP)
TF0001147	ENST00000431565	SOX2_HUMAN	GS0346293	ENSG00000222361	15	98617896	98617992	Homo sapiens	Sox2_Fang	21211035	PROTEIN BINDING ASSAY::CHROMATIN IMMUNOPRECIPITATION (CHIP)
TF0001147	ENST00000431565	SOX2_HUMAN	GS0353212	ENSG00000251729	15	98015356	98015482	Homo sapiens	Sox2_Fang	21211035	PROTEIN BINDING ASSAY::CHROMATIN IMMUNOPRECIPITATION (CHIP)
TF0001147	ENST00000431565	SOX2_HUMAN	GS0351206	ENSG00000204186	2	207139387	207179148	Homo sapiens	Sox2_Fang	21211035	PROTEIN BINDING ASSAY::CHROMATIN IMMUNOPRECIPITATION (CHIP)
TF0001147	ENST00000431565	SOX2_HUMAN	GS0350763	ENSG00000113448	5	58264865	59817947	Homo sapiens	Sox2_Fang	21211035	PROTEIN BINDING ASSAY::CHROMATIN IMMUNOPRECIPITATION (CHIP)
TF0001147	ENST00000431565	SOX2_HUMAN	GS0350763	ENSG00000113448	5	58264865	59817947	Homo sapiens	Sox2_Fang	21211035	PROTEIN BINDING ASSAY::CHROMATIN IMMUNOPRECIPITATION (CHIP)
TF0001147	ENST00000431565	SOX2_HUMAN	GS0348419	ENSG00000177106	11	694438	727727	Homo sapiens	Sox2_Fang	21211035	PROTEIN BINDING ASSAY::CHROMATIN IMMUNOPRECIPITATION (CHIP)
TF0001147	ENST00000431565	SOX2_HUMAN	GS0350781	ENSG00000152503	5	114460459	114516243	Homo sapiens	Sox2_Fang	21211035	PROTEIN BINDING ASSAY::CHROMATIN IMMUNOPRECIPITATION (CHIP)
TF0001147	ENST00000431565	SOX2_HUMAN	GS0348379	ENSG00000223361	5	17353804	17354733	Homo sapiens	Sox2_Fang	21211035	PROTEIN BINDING ASSAY::CHROMATIN IMMUNOPRECIPITATION (CHIP)
TF0001147	ENST00000431565	SOX2_HUMAN	GS0348379	ENSG00000223361	5	17353804	17354733	Homo sapiens	Sox2_Fang	21211035	PROTEIN BINDING ASSAY::CHROMATIN IMMUNOPRECIPITATION (CHIP)
TF0001147	ENST00000431565	SOX2_HUMAN	GS0348379	ENSG00000223361	5	17353804	17354733	Homo sapiens	Sox2_Fang	21211035	PROTEIN BINDING ASSAY::CHROMATIN IMMUNOPRECIPITATION (CHIP)
TF0001147	ENST00000431565	SOX2_HUMAN	GS0348379	ENSG00000223361	5	17353804	17354733	Homo sapiens	Sox2_Fang	21211035	PROTEIN BINDING ASSAY::CHROMATIN IMMUNOPRECIPITATION (CHIP)
TF0001147	ENST00000431565	SOX2_HUMAN	GS0350159	ENSG00000087494	12	28111017	28125638	Homo sapiens	Sox2_Fang	21211035	PROTEIN BINDING ASSAY::CHROMATIN IMMUNOPRECIPITATION (CHIP)
TF0001147	ENST00000431565	SOX2_HUMAN	GS0351893	ENSG00000146555	7	3341080	4308632	Homo sapiens	Sox2_Fang	21211035	PROTEIN BINDING ASSAY::CHROMATIN IMMUNOPRECIPITATION (CHIP)
TF0001147	ENST00000431565	SOX2_HUMAN	GS0351893	ENSG00000146555	7	3341080	4308632	Homo sapiens	Sox2_Fang	21211035	PROTEIN BINDING ASSAY::CHROMATIN IMMUNOPRECIPITATION (CHIP)
TF0001147	ENST00000431565	SOX2_HUMAN	GS0351893	ENSG00000146555	7	3341080	4308632	Homo sapiens	Sox2_Fang	21211035	PROTEIN BINDING ASSAY::CHROMATIN IMMUNOPRECIPITATION (CHIP)
TF0001147	ENST00000431565	SOX2_HUMAN	GS0351893	ENSG00000146555	7	3341080	4308632	Homo sapiens	Sox2_Fang	21211035	PROTEIN BINDING ASSAY::CHROMATIN IMMUNOPRECIPITATION (CHIP)
TF0001147	ENST00000431565	SOX2_HUMAN	GS0348885	ENSG00000118503	6	138188351	138204449	Homo sapiens	Sox2_Fang	21211035	PROTEIN BINDING ASSAY::CHROMATIN IMMUNOPRECIPITATION (CHIP)
TF0001147	ENST00000431565	SOX2_HUMAN	GS0349423	ENSG00000172260	1	71868625	72748417	Homo sapiens	Sox2_Fang	21211035	PROTEIN BINDING ASSAY::CHROMATIN IMMUNOPRECIPITATION (CHIP)
TF0001147	ENST00000431565	SOX2_HUMAN	GS0349423	ENSG00000172260	1	71868625	72748417	Homo sapiens	Sox2_Fang	21211035	PROTEIN BINDING ASSAY::CHROMATIN IMMUNOPRECIPITATION (CHIP)
TF0001147	ENST00000431565	SOX2_HUMAN	GS0351928	ENSG00000212366	1	73183346	73183452	Homo sapiens	Sox2_Fang	21211035	PROTEIN BINDING ASSAY::CHROMATIN IMMUNOPRECIPITATION (CHIP)
TF0001147	ENST00000431565	SOX2_HUMAN	GS0349787	ENSG00000116761	1	70876901	70905534	Homo sapiens	Sox2_Fang	21211035	PROTEIN BINDING ASSAY::CHROMATIN IMMUNOPRECIPITATION (CHIP)
TF0001147	ENST00000431565	SOX2_HUMAN	GS0349787	ENSG00000116761	1	70876901	70905534	Homo sapiens	Sox2_Fang	21211035	PROTEIN BINDING ASSAY::CHROMATIN IMMUNOPRECIPITATION (CHIP)
TF0001147	ENST00000431565	SOX2_HUMAN	GS0350650	ENSG00000170385	1	211744910	211752084	Homo sapiens	Sox2_Fang	21211035	PROTEIN BINDING ASSAY::CHROMATIN IMMUNOPRECIPITATION (CHIP)
TF0001147	ENST00000431565	SOX2_HUMAN	GS0349379	ENSG00000202250	18	41412124	41412230	Homo sapiens	Sox2_Fang	21211035	PROTEIN BINDING ASSAY::CHROMATIN IMMUNOPRECIPITATION (CHIP)
TF0001147	ENST00000431565	SOX2_HUMAN	GS0347555	ENSG00000132872	18	40847859	40857615	Homo sapiens	Sox2_Fang	21211035	PROTEIN BINDING ASSAY::CHROMATIN IMMUNOPRECIPITATION (CHIP)
TF0001147	ENST00000431565	SOX2_HUMAN	GS0347613	ENSG00000060982	12	24964295	25102393	Homo sapiens	Sox2_Fang	21211035	PROTEIN BINDING ASSAY::CHROMATIN IMMUNOPRECIPITATION (CHIP)
TF0001147	ENST00000431565	SOX2_HUMAN	GS0347613	ENSG00000060982	12	24964295	25102393	Homo sapiens	Sox2_Fang	21211035	PROTEIN BINDING ASSAY::CHROMATIN IMMUNOPRECIPITATION (CHIP)
TF0001147	ENST00000431565	SOX2_HUMAN	GS0346668	ENSG00000170214	5	159343790	159399551	Homo sapiens	Sox2_Fang	21211035	PROTEIN BINDING ASSAY::CHROMATIN IMMUNOPRECIPITATION (CHIP)
TF0001147	ENST00000431565	SOX2_HUMAN	GS0346668	ENSG00000170214	5	159343790	159399551	Homo sapiens	Sox2_Fang	21211035	PROTEIN BINDING ASSAY::CHROMATIN IMMUNOPRECIPITATION (CHIP)
TF0001147	ENST00000431565	SOX2_HUMAN	GS0346668	ENSG00000170214	5	159343790	159399551	Homo sapiens	Sox2_Fang	21211035	PROTEIN BINDING ASSAY::CHROMATIN IMMUNOPRECIPITATION (CHIP)
TF0001147	ENST00000431565	SOX2_HUMAN	GS0352393	ENSG00000116717	1	68150744	68154021	Homo sapiens	Sox2_Fang	21211035	PROTEIN BINDING ASSAY::CHROMATIN IMMUNOPRECIPITATION (CHIP)
TF0001147	ENST00000431565	SOX2_HUMAN	GS0346678	ENSG00000070669	7	97481430	97501854	Homo sapiens	Sox2_Fang	21211035	PROTEIN BINDING ASSAY::CHROMATIN IMMUNOPRECIPITATION (CHIP)
TF0001147	ENST00000431565	SOX2_HUMAN	GS0351983	ENSG00000139496	13	25875662	25923938	Homo sapiens	Sox2_Fang	21211035	PROTEIN BINDING ASSAY::CHROMATIN IMMUNOPRECIPITATION (CHIP)
TF0001147	ENST00000431565	SOX2_HUMAN	GS0352894	ENSG00000168386	3	99548985	99833357	Homo sapiens	Sox2_Fang	21211035	PROTEIN BINDING ASSAY::CHROMATIN IMMUNOPRECIPITATION (CHIP)
TF0001147	ENST00000431565	SOX2_HUMAN	GS0351795	ENSG00000139514	13	30083547	30169721	Homo sapiens	Sox2_Fang	21211035	PROTEIN BINDING ASSAY::CHROMATIN IMMUNOPRECIPITATION (CHIP)
TF0001147	ENST00000431565	SOX2_HUMAN	GS0351795	ENSG00000139514	13	30083547	30169721	Homo sapiens	Sox2_Fang	21211035	PROTEIN BINDING ASSAY::CHROMATIN IMMUNOPRECIPITATION (CHIP)
TF0001147	ENST00000431565	SOX2_HUMAN	GS0350505	ENSG00000188818	5	710471	851101	Homo sapiens	Sox2_Fang	21211035	PROTEIN BINDING ASSAY::CHROMATIN IMMUNOPRECIPITATION (CHIP)
TF0001147	ENST00000431565	SOX2_HUMAN	GS0352512	ENSG00000169429	4	74606223	74609433	Homo sapiens	Sox2_Fang	21211035	PROTEIN BINDING ASSAY::CHROMATIN IMMUNOPRECIPITATION (CHIP)
TF0001147	ENST00000431565	SOX2_HUMAN	GS0350612	ENSG00000183579	22	29279580	29453475	Homo sapiens	Sox2_Fang	21211035	PROTEIN BINDING ASSAY::CHROMATIN IMMUNOPRECIPITATION (CHIP)
TF0001147	ENST00000431565	SOX2_HUMAN	GS0347974	ENSG00000100060	22	37865101	37882439	Homo sapiens	Sox2_Fang	21211035	PROTEIN BINDING ASSAY::CHROMATIN IMMUNOPRECIPITATION (CHIP)
TF0001147	ENST00000431565	SOX2_HUMAN	GS0347757	ENSG00000144452	2	215796266	216003151	Homo sapiens	Sox2_Fang	21211035	PROTEIN BINDING ASSAY::CHROMATIN IMMUNOPRECIPITATION (CHIP)
TF0001147	ENST00000431565	SOX2_HUMAN	GS0350614	ENSG00000103196	16	84853537	84943114	Homo sapiens	Sox2_Fang	21211035	PROTEIN BINDING ASSAY::CHROMATIN IMMUNOPRECIPITATION (CHIP)
TF0001147	ENST00000431565	SOX2_HUMAN	GS0347662	ENSG00000144218	2	100163718	100759201	Homo sapiens	Sox2_Fang	21211035	PROTEIN BINDING ASSAY::CHROMATIN IMMUNOPRECIPITATION (CHIP)
TF0001147	ENST00000431565	SOX2_HUMAN	GS0352407	ENSG00000175175	17	56833232	57062532	Homo sapiens	Sox2_Fang	21211035	PROTEIN BINDING ASSAY::CHROMATIN IMMUNOPRECIPITATION (CHIP)
TF0001147	ENST00000431565	SOX2_HUMAN	GS0350820	ENSG00000154380	1	225677502	225840844	Homo sapiens	Sox2_Fang	21211035	PROTEIN BINDING ASSAY::CHROMATIN IMMUNOPRECIPITATION (CHIP)
TF0001147	ENST00000431565	SOX2_HUMAN	GS0351772	ENSG00000159216	21	36160098	37357047	Homo sapiens	Sox2_Fang	21211035	PROTEIN BINDING ASSAY::CHROMATIN IMMUNOPRECIPITATION (CHIP)
TF0001147	ENST00000431565	SOX2_HUMAN	GS0347723	ENSG00000168994	6	3722854	3752260	Homo sapiens	Sox2_Fang	21211035	PROTEIN BINDING ASSAY::CHROMATIN IMMUNOPRECIPITATION (CHIP)
TF0001147	ENST00000431565	SOX2_HUMAN	GS0351634	ENSG00000169856	15	53049186	53082209	Homo sapiens	Sox2_Fang	21211035	PROTEIN BINDING ASSAY::CHROMATIN IMMUNOPRECIPITATION (CHIP)
TF0001147	ENST00000431565	SOX2_HUMAN	GS0351672	ENSG00000196754	1	153533584	153540366	Homo sapiens	Sox2_Fang	21211035	PROTEIN BINDING ASSAY::CHROMATIN IMMUNOPRECIPITATION (CHIP)
TF0001147	ENST00000431565	SOX2_HUMAN	GS0348307	ENSG00000179583	16	10971039	11023624	Homo sapiens	Sox2_Fang	21211035	PROTEIN BINDING ASSAY::CHROMATIN IMMUNOPRECIPITATION (CHIP)
TF0001147	ENST00000431565	SOX2_HUMAN	GS0352656	ENSG00000168003	11	62623518	62656352	Homo sapiens	Sox2_Fang	21211035	PROTEIN BINDING ASSAY::CHROMATIN IMMUNOPRECIPITATION (CHIP)
TF0001147	ENST00000431565	SOX2_HUMAN	GS0353265	ENSG00000069869	15	56119120	56285835	Homo sapiens	Sox2_Fang	21211035	PROTEIN BINDING ASSAY::CHROMATIN IMMUNOPRECIPITATION (CHIP)
TF0001147	ENST00000431565	SOX2_HUMAN	GS0351357	ENSG00000203875	6	86386725	86388451	Homo sapiens	Sox2_Fang	21211035	PROTEIN BINDING ASSAY::CHROMATIN IMMUNOPRECIPITATION (CHIP)
TF0001147	ENST00000431565	SOX2_HUMAN	GS0349945	ENSG00000188385	10	133918175	133998313	Homo sapiens	Sox2_Fang	21211035	PROTEIN BINDING ASSAY::CHROMATIN IMMUNOPRECIPITATION (CHIP)
TF0001147	ENST00000431565	SOX2_HUMAN	GS0349471	ENSG00000167085	17	47481414	47492246	Homo sapiens	Sox2_Fang	21211035	PROTEIN BINDING ASSAY::CHROMATIN IMMUNOPRECIPITATION (CHIP)
TF0001147	ENST00000431565	SOX2_HUMAN	GS0346994	ENSG00000200267	13	73687052	73687155	Homo sapiens	Sox2_Fang	21211035	PROTEIN BINDING ASSAY::CHROMATIN IMMUNOPRECIPITATION (CHIP)
TF0001147	ENST00000431565	SOX2_HUMAN	GS0353191	ENSG00000178772	3	194060494	194072057	Homo sapiens	Sox2_Fang	21211035	PROTEIN BINDING ASSAY::CHROMATIN IMMUNOPRECIPITATION (CHIP)
TF0001147	ENST00000431565	SOX2_HUMAN	GS0353259	ENSG00000197410	4	155155527	155412930	Homo sapiens	Sox2_Fang	21211035	PROTEIN BINDING ASSAY::CHROMATIN IMMUNOPRECIPITATION (CHIP)
TF0001147	ENST00000431565	SOX2_HUMAN	GS0349887	ENSG00000108950	17	66531258	66597095	Homo sapiens	Sox2_Fang	21211035	PROTEIN BINDING ASSAY::CHROMATIN IMMUNOPRECIPITATION (CHIP)
TF0001147	ENST00000431565	SOX2_HUMAN	GS0348382	ENSG00000152256	2	173420101	173489823	Homo sapiens	Sox2_Fang	21211035	PROTEIN BINDING ASSAY::CHROMATIN IMMUNOPRECIPITATION (CHIP)
TF0001147	ENST00000431565	SOX2_HUMAN	GS0348666	ENSG00000201465	7	137872744	137872875	Homo sapiens	Sox2_Fang	21211035	PROTEIN BINDING ASSAY::CHROMATIN IMMUNOPRECIPITATION (CHIP)
TF0001147	ENST00000431565	SOX2_HUMAN	GS0348332	ENSG00000170017	3	105085753	105295744	Homo sapiens	Sox2_Fang	21211035	PROTEIN BINDING ASSAY::CHROMATIN IMMUNOPRECIPITATION (CHIP)
TF0001147	ENST00000431565	SOX2_HUMAN	GS0348332	ENSG00000170017	3	105085753	105295744	Homo sapiens	Sox2_Fang	21211035	PROTEIN BINDING ASSAY::CHROMATIN IMMUNOPRECIPITATION (CHIP)
TF0001147	ENST00000431565	SOX2_HUMAN	GS0352724	ENSG00000172794	17	72666717	72743474	Homo sapiens	Sox2_Fang	21211035	PROTEIN BINDING ASSAY::CHROMATIN IMMUNOPRECIPITATION (CHIP)
TF0001147	ENST00000431565	SOX2_HUMAN	GS0350622	ENSG00000108001	10	131633547	131762538	Homo sapiens	Sox2_Fang	21211035	PROTEIN BINDING ASSAY::CHROMATIN IMMUNOPRECIPITATION (CHIP)
TF0001147	ENST00000431565	SOX2_HUMAN	GS0351906	ENSG00000083067	9	73149949	74061820	Homo sapiens	Sox2_Fang	21211035	PROTEIN BINDING ASSAY::CHROMATIN IMMUNOPRECIPITATION (CHIP)
TF0001147	ENST00000431565	SOX2_HUMAN	GS0351906	ENSG00000083067	9	73149949	74061820	Homo sapiens	Sox2_Fang	21211035	PROTEIN BINDING ASSAY::CHROMATIN IMMUNOPRECIPITATION (CHIP)
TF0001147	ENST00000431565	SOX2_HUMAN	GS0346470	ENSG00000121898	10	125465729	125699783	Homo sapiens	Sox2_Fang	21211035	PROTEIN BINDING ASSAY::CHROMATIN IMMUNOPRECIPITATION (CHIP)
TF0001147	ENST00000431565	SOX2_HUMAN	GS0346470	ENSG00000121898	10	125465729	125699783	Homo sapiens	Sox2_Fang	21211035	PROTEIN BINDING ASSAY::CHROMATIN IMMUNOPRECIPITATION (CHIP)
TF0001147	ENST00000431565	SOX2_HUMAN	GS0351097	ENSG00000202164	2	209785271	209785388	Homo sapiens	Sox2_Fang	21211035	PROTEIN BINDING ASSAY::CHROMATIN IMMUNOPRECIPITATION (CHIP)
TF0001147	ENST00000431565	SOX2_HUMAN	GS0351097	ENSG00000202164	2	209785271	209785388	Homo sapiens	Sox2_Fang	21211035	PROTEIN BINDING ASSAY::CHROMATIN IMMUNOPRECIPITATION (CHIP)
TF0001147	ENST00000431565	SOX2_HUMAN	GS0353024	ENSG00000213236	2	127315012	127315739	Homo sapiens	Sox2_Fang	21211035	PROTEIN BINDING ASSAY::CHROMATIN IMMUNOPRECIPITATION (CHIP)
TF0001147	ENST00000431565	SOX2_HUMAN	GS0347090	ENSG00000206963	2	127460415	127460518	Homo sapiens	Sox2_Fang	21211035	PROTEIN BINDING ASSAY::CHROMATIN IMMUNOPRECIPITATION (CHIP)
TF0001147	ENST00000431565	SOX2_HUMAN	GS0352774	ENSG00000101096	20	50003494	50179339	Homo sapiens	Sox2_Fang	21211035	PROTEIN BINDING ASSAY::CHROMATIN IMMUNOPRECIPITATION (CHIP)
TF0001147	ENST00000431565	SOX2_HUMAN	GS0352774	ENSG00000101096	20	50003494	50179339	Homo sapiens	Sox2_Fang	21211035	PROTEIN BINDING ASSAY::CHROMATIN IMMUNOPRECIPITATION (CHIP)
TF0001147	ENST00000431565	SOX2_HUMAN	GS0352774	ENSG00000101096	20	50003494	50179339	Homo sapiens	Sox2_Fang	21211035	PROTEIN BINDING ASSAY::CHROMATIN IMMUNOPRECIPITATION (CHIP)
TF0001147	ENST00000431565	SOX2_HUMAN	GS0353150	ENSG00000188153	X	107683074	107940775	Homo sapiens	Sox2_Fang	21211035	PROTEIN BINDING ASSAY::CHROMATIN IMMUNOPRECIPITATION (CHIP)
TF0001147	ENST00000431565	SOX2_HUMAN	GS0347707	ENSG00000187546	7	15239943	15601640	Homo sapiens	Sox2_Fang	21211035	PROTEIN BINDING ASSAY::CHROMATIN IMMUNOPRECIPITATION (CHIP)
TF0001147	ENST00000431565	SOX2_HUMAN	GS0350007	ENSG00000184599	1	113263041	113269857	Homo sapiens	Sox2_Fang	21211035	PROTEIN BINDING ASSAY::CHROMATIN IMMUNOPRECIPITATION (CHIP)
TF0001147	ENST00000431565	SOX2_HUMAN	GS0349627	ENSG00000172346	22	41956767	42069998	Homo sapiens	Sox2_Fang	21211035	PROTEIN BINDING ASSAY::CHROMATIN IMMUNOPRECIPITATION (CHIP)
TF0001147	ENST00000431565	SOX2_HUMAN	GS0352054	ENSG00000149089	11	34874641	34938046	Homo sapiens	Sox2_Fang	21211035	PROTEIN BINDING ASSAY::CHROMATIN IMMUNOPRECIPITATION (CHIP)
TF0001147	ENST00000431565	SOX2_HUMAN	GS0352945	ENSG00000177570	8	119201698	119634234	Homo sapiens	Sox2_Fang	21211035	PROTEIN BINDING ASSAY::CHROMATIN IMMUNOPRECIPITATION (CHIP)
TF0001147	ENST00000431565	SOX2_HUMAN	GS0349055	ENSG00000120833	12	93963590	93977263	Homo sapiens	Sox2_Fang	21211035	PROTEIN BINDING ASSAY::CHROMATIN IMMUNOPRECIPITATION (CHIP)
TF0001147	ENST00000431565	SOX2_HUMAN	GS0353078	ENSG00000225176	4	149624678	149624984	Homo sapiens	Sox2_Fang	21211035	PROTEIN BINDING ASSAY::CHROMATIN IMMUNOPRECIPITATION (CHIP)
TF0001147	ENST00000431565	SOX2_HUMAN	GS0351130	ENSG00000151623	4	148999913	149365850	Homo sapiens	Sox2_Fang	21211035	PROTEIN BINDING ASSAY::CHROMATIN IMMUNOPRECIPITATION (CHIP)
TF0001147	ENST00000431565	SOX2_HUMAN	GS0347313	ENSG00000251759	3	166387817	166387910	Homo sapiens	Sox2_Fang	21211035	PROTEIN BINDING ASSAY::CHROMATIN IMMUNOPRECIPITATION (CHIP)
TF0001147	ENST00000431565	SOX2_HUMAN	GS0350900	ENSG00000111799	6	75794042	75915767	Homo sapiens	Sox2_Fang	21211035	PROTEIN BINDING ASSAY::CHROMATIN IMMUNOPRECIPITATION (CHIP)
TF0001147	ENST00000431565	SOX2_HUMAN	GS0346482	ENSG00000135547	6	126068810	126082415	Homo sapiens	Sox2_Fang	21211035	PROTEIN BINDING ASSAY::CHROMATIN IMMUNOPRECIPITATION (CHIP)
TF0001147	ENST00000431565	SOX2_HUMAN	GS0346407	ENSG00000071282	3	8543393	8609805	Homo sapiens	Sox2_Fang	21211035	PROTEIN BINDING ASSAY::CHROMATIN IMMUNOPRECIPITATION (CHIP)
TF0001147	ENST00000431565	SOX2_HUMAN	GS0348834	ENSG00000138650	4	134070470	134129356	Homo sapiens	Sox2_Fang	21211035	PROTEIN BINDING ASSAY::CHROMATIN IMMUNOPRECIPITATION (CHIP)
TF0001147	ENST00000431565	SOX2_HUMAN	GS0348619	ENSG00000251847	9	120493653	120493749	Homo sapiens	Sox2_Fang	21211035	PROTEIN BINDING ASSAY::CHROMATIN IMMUNOPRECIPITATION (CHIP)
TF0001147	ENST00000431565	SOX2_HUMAN	GS0346417	ENSG00000155100	8	92082424	92099323	Homo sapiens	Sox2_Fang	21211035	PROTEIN BINDING ASSAY::CHROMATIN IMMUNOPRECIPITATION (CHIP)
TF0001147	ENST00000431565	SOX2_HUMAN	GS0351296	ENSG00000188763	7	72848109	72850450	Homo sapiens	Sox2_Fang	21211035	PROTEIN BINDING ASSAY::CHROMATIN IMMUNOPRECIPITATION (CHIP)
TF0001147	ENST00000431565	SOX2_HUMAN	GS0352139	ENSG00000112902	5	9035138	9546187	Homo sapiens	Sox2_Fang	21211035	PROTEIN BINDING ASSAY::CHROMATIN IMMUNOPRECIPITATION (CHIP)
TF0001147	ENST00000431565	SOX2_HUMAN	GS0352139	ENSG00000112902	5	9035138	9546187	Homo sapiens	Sox2_Fang	21211035	PROTEIN BINDING ASSAY::CHROMATIN IMMUNOPRECIPITATION (CHIP)
TF0001147	ENST00000431565	SOX2_HUMAN	GS0352139	ENSG00000112902	5	9035138	9546187	Homo sapiens	Sox2_Fang	21211035	PROTEIN BINDING ASSAY::CHROMATIN IMMUNOPRECIPITATION (CHIP)
TF0001147	ENST00000431565	SOX2_HUMAN	GS0347192	ENSG00000232859	17	26205386	26220409	Homo sapiens	Sox2_Fang	21211035	PROTEIN BINDING ASSAY::CHROMATIN IMMUNOPRECIPITATION (CHIP)
TF0001147	ENST00000431565	SOX2_HUMAN	GS0351708	ENSG00000140479	15	101844134	102030187	Homo sapiens	Sox2_Fang	21211035	PROTEIN BINDING ASSAY::CHROMATIN IMMUNOPRECIPITATION (CHIP)
TF0001147	ENST00000431565	SOX2_HUMAN	GS0351708	ENSG00000140479	15	101844134	102030187	Homo sapiens	Sox2_Fang	21211035	PROTEIN BINDING ASSAY::CHROMATIN IMMUNOPRECIPITATION (CHIP)
TF0001147	ENST00000431565	SOX2_HUMAN	GS0351708	ENSG00000140479	15	101844134	102030187	Homo sapiens	Sox2_Fang	21211035	PROTEIN BINDING ASSAY::CHROMATIN IMMUNOPRECIPITATION (CHIP)
TF0001147	ENST00000431565	SOX2_HUMAN	GS0351708	ENSG00000140479	15	101844134	102030187	Homo sapiens	Sox2_Fang	21211035	PROTEIN BINDING ASSAY::CHROMATIN IMMUNOPRECIPITATION (CHIP)
TF0001147	ENST00000431565	SOX2_HUMAN	GS0351708	ENSG00000140479	15	101844134	102030187	Homo sapiens	Sox2_Fang	21211035	PROTEIN BINDING ASSAY::CHROMATIN IMMUNOPRECIPITATION (CHIP)
TF0001147	ENST00000431565	SOX2_HUMAN	GS0346811	ENSG00000204291	9	101705461	101833069	Homo sapiens	Sox2_Fang	21211035	PROTEIN BINDING ASSAY::CHROMATIN IMMUNOPRECIPITATION (CHIP)
TF0001147	ENST00000431565	SOX2_HUMAN	GS0352559	ENSG00000148985	11	3818954	3847601	Homo sapiens	Sox2_Fang	21211035	PROTEIN BINDING ASSAY::CHROMATIN IMMUNOPRECIPITATION (CHIP)
TF0001147	ENST00000431565	SOX2_HUMAN	GS0348472	ENSG00000171791	18	60790579	60987361	Homo sapiens	Sox2_Fang	21211035	PROTEIN BINDING ASSAY::CHROMATIN IMMUNOPRECIPITATION (CHIP)
TF0001147	ENST00000431565	SOX2_HUMAN	GS0346473	ENSG00000154556	4	186506598	186877806	Homo sapiens	Sox2_Fang	21211035	PROTEIN BINDING ASSAY::CHROMATIN IMMUNOPRECIPITATION (CHIP)
TF0001147	ENST00000431565	SOX2_HUMAN	GS0350877	ENSG00000199318	1	87918923	87919056	Homo sapiens	Sox2_Fang	21211035	PROTEIN BINDING ASSAY::CHROMATIN IMMUNOPRECIPITATION (CHIP)
TF0001147	ENST00000431565	SOX2_HUMAN	GS0350877	ENSG00000199318	1	87918923	87919056	Homo sapiens	Sox2_Fang	21211035	PROTEIN BINDING ASSAY::CHROMATIN IMMUNOPRECIPITATION (CHIP)
TF0001147	ENST00000431565	SOX2_HUMAN	GS0350481	ENSG00000106034	7	120628731	120937498	Homo sapiens	Sox2_Fang	21211035	PROTEIN BINDING ASSAY::CHROMATIN IMMUNOPRECIPITATION (CHIP)
TF0001147	ENST00000431565	SOX2_HUMAN	GS0346716	ENSG00000252415	12	74072968	74073076	Homo sapiens	Sox2_Fang	21211035	PROTEIN BINDING ASSAY::CHROMATIN IMMUNOPRECIPITATION (CHIP)
TF0001147	ENST00000431565	SOX2_HUMAN	GS0346716	ENSG00000252415	12	74072968	74073076	Homo sapiens	Sox2_Fang	21211035	PROTEIN BINDING ASSAY::CHROMATIN IMMUNOPRECIPITATION (CHIP)
TF0001147	ENST00000431565	SOX2_HUMAN	GS0352982	ENSG00000244754	13	33006924	33112970	Homo sapiens	Sox2_Fang	21211035	PROTEIN BINDING ASSAY::CHROMATIN IMMUNOPRECIPITATION (CHIP)
TF0001147	ENST00000431565	SOX2_HUMAN	GS0347985	ENSG00000157404	4	55524085	55606881	Homo sapiens	Sox2_Fang	21211035	PROTEIN BINDING ASSAY::CHROMATIN IMMUNOPRECIPITATION (CHIP)
TF0001147	ENST00000431565	SOX2_HUMAN	GS0347985	ENSG00000157404	4	55524085	55606881	Homo sapiens	Sox2_Fang	21211035	PROTEIN BINDING ASSAY::CHROMATIN IMMUNOPRECIPITATION (CHIP)
TF0001147	ENST00000431565	SOX2_HUMAN	GS0351624	ENSG00000131620	11	69924408	70035634	Homo sapiens	Sox2_Fang	21211035	PROTEIN BINDING ASSAY::CHROMATIN IMMUNOPRECIPITATION (CHIP)
TF0001147	ENST00000431565	SOX2_HUMAN	GS0346852	ENSG00000254417	11	69918540	69921539	Homo sapiens	Sox2_Fang	21211035	PROTEIN BINDING ASSAY::CHROMATIN IMMUNOPRECIPITATION (CHIP)
TF0001147	ENST00000431565	SOX2_HUMAN	GS0346241	ENSG00000212282	4	12314212	12314314	Homo sapiens	Sox2_Fang	21211035	PROTEIN BINDING ASSAY::CHROMATIN IMMUNOPRECIPITATION (CHIP)
TF0001147	ENST00000431565	SOX2_HUMAN	GS0349334	ENSG00000002587	4	11394774	11431389	Homo sapiens	Sox2_Fang	21211035	PROTEIN BINDING ASSAY::CHROMATIN IMMUNOPRECIPITATION (CHIP)
TF0001147	ENST00000431565	SOX2_HUMAN	GS0349334	ENSG00000002587	4	11394774	11431389	Homo sapiens	Sox2_Fang	21211035	PROTEIN BINDING ASSAY::CHROMATIN IMMUNOPRECIPITATION (CHIP)
TF0001147	ENST00000431565	SOX2_HUMAN	GS0349612	ENSG00000236565	13	66362064	66362896	Homo sapiens	Sox2_Fang	21211035	PROTEIN BINDING ASSAY::CHROMATIN IMMUNOPRECIPITATION (CHIP)
TF0001147	ENST00000431565	SOX2_HUMAN	GS0350652	ENSG00000234765	13	68863811	68865412	Homo sapiens	Sox2_Fang	21211035	PROTEIN BINDING ASSAY::CHROMATIN IMMUNOPRECIPITATION (CHIP)
TF0001147	ENST00000431565	SOX2_HUMAN	GS0350330	ENSG00000187498	13	110801311	110959496	Homo sapiens	Sox2_Fang	21211035	PROTEIN BINDING ASSAY::CHROMATIN IMMUNOPRECIPITATION (CHIP)
TF0001147	ENST00000431565	SOX2_HUMAN	GS0348904	ENSG00000131269	X	74273109	74376567	Homo sapiens	Sox2_Fang	21211035	PROTEIN BINDING ASSAY::CHROMATIN IMMUNOPRECIPITATION (CHIP)
TF0001147	ENST00000431565	SOX2_HUMAN	GS0347890	ENSG00000166016	11	34172535	34379555	Homo sapiens	Sox2_Fang	21211035	PROTEIN BINDING ASSAY::CHROMATIN IMMUNOPRECIPITATION (CHIP)
TF0001147	ENST00000431565	SOX2_HUMAN	GS0347890	ENSG00000166016	11	34172535	34379555	Homo sapiens	Sox2_Fang	21211035	PROTEIN BINDING ASSAY::CHROMATIN IMMUNOPRECIPITATION (CHIP)
TF0001147	ENST00000431565	SOX2_HUMAN	GS0352256	ENSG00000100813	14	23527776	23564823	Homo sapiens	Sox2_Fang	21211035	PROTEIN BINDING ASSAY::CHROMATIN IMMUNOPRECIPITATION (CHIP)
TF0001147	ENST00000431565	SOX2_HUMAN	GS0346659	ENSG00000138107	10	104238986	104262482	Homo sapiens	Sox2_Fang	21211035	PROTEIN BINDING ASSAY::CHROMATIN IMMUNOPRECIPITATION (CHIP)
TF0001147	ENST00000431565	SOX2_HUMAN	GS0352205	ENSG00000042980	8	24151553	24216531	Homo sapiens	Sox2_Fang	21211035	PROTEIN BINDING ASSAY::CHROMATIN IMMUNOPRECIPITATION (CHIP)
TF0001147	ENST00000431565	SOX2_HUMAN	GS0351807	ENSG00000164151	5	5420777	5490347	Homo sapiens	Sox2_Fang	21211035	PROTEIN BINDING ASSAY::CHROMATIN IMMUNOPRECIPITATION (CHIP)
TF0001147	ENST00000431565	SOX2_HUMAN	GS0351807	ENSG00000164151	5	5420777	5490347	Homo sapiens	Sox2_Fang	21211035	PROTEIN BINDING ASSAY::CHROMATIN IMMUNOPRECIPITATION (CHIP)
TF0001147	ENST00000431565	SOX2_HUMAN	GS0351697	ENSG00000223007	5	5126159	5126450	Homo sapiens	Sox2_Fang	21211035	PROTEIN BINDING ASSAY::CHROMATIN IMMUNOPRECIPITATION (CHIP)
TF0001147	ENST00000431565	SOX2_HUMAN	GS0348709	ENSG00000145536	5	5140443	5320417	Homo sapiens	Sox2_Fang	21211035	PROTEIN BINDING ASSAY::CHROMATIN IMMUNOPRECIPITATION (CHIP)
TF0001147	ENST00000431565	SOX2_HUMAN	GS0347624	ENSG00000145808	5	128795958	129074376	Homo sapiens	Sox2_Fang	21211035	PROTEIN BINDING ASSAY::CHROMATIN IMMUNOPRECIPITATION (CHIP)
TF0001147	ENST00000431565	SOX2_HUMAN	GS0346987	ENSG00000178031	9	18473892	18910948	Homo sapiens	Sox2_Fang	21211035	PROTEIN BINDING ASSAY::CHROMATIN IMMUNOPRECIPITATION (CHIP)
TF0001147	ENST00000431565	SOX2_HUMAN	GS0351995	ENSG00000120907	8	26605667	26724790	Homo sapiens	Sox2_Fang	21211035	PROTEIN BINDING ASSAY::CHROMATIN IMMUNOPRECIPITATION (CHIP)
TF0001147	ENST00000431565	SOX2_HUMAN	GS0349492	ENSG00000100058	22	25844072	25916821	Homo sapiens	Sox2_Fang	21211035	PROTEIN BINDING ASSAY::CHROMATIN IMMUNOPRECIPITATION (CHIP)
TF0001147	ENST00000431565	SOX2_HUMAN	GS0349338	ENSG00000196581	1	4714792	4843850	Homo sapiens	Sox2_Fang	21211035	PROTEIN BINDING ASSAY::CHROMATIN IMMUNOPRECIPITATION (CHIP)
TF0001147	ENST00000431565	SOX2_HUMAN	GS0349338	ENSG00000196581	1	4714792	4843850	Homo sapiens	Sox2_Fang	21211035	PROTEIN BINDING ASSAY::CHROMATIN IMMUNOPRECIPITATION (CHIP)
TF0001147	ENST00000431565	SOX2_HUMAN	GS0349338	ENSG00000196581	1	4714792	4843850	Homo sapiens	Sox2_Fang	21211035	PROTEIN BINDING ASSAY::CHROMATIN IMMUNOPRECIPITATION (CHIP)
TF0001147	ENST00000431565	SOX2_HUMAN	GS0348578	ENSG00000107104	9	470291	746105	Homo sapiens	Sox2_Fang	21211035	PROTEIN BINDING ASSAY::CHROMATIN IMMUNOPRECIPITATION (CHIP)
TF0001147	ENST00000431565	SOX2_HUMAN	GS0348578	ENSG00000107104	9	470291	746105	Homo sapiens	Sox2_Fang	21211035	PROTEIN BINDING ASSAY::CHROMATIN IMMUNOPRECIPITATION (CHIP)
TF0001147	ENST00000431565	SOX2_HUMAN	GS0348578	ENSG00000107104	9	470291	746105	Homo sapiens	Sox2_Fang	21211035	PROTEIN BINDING ASSAY::CHROMATIN IMMUNOPRECIPITATION (CHIP)
TF0001147	ENST00000431565	SOX2_HUMAN	GS0353104	ENSG00000196961	19	50270180	50310369	Homo sapiens	Sox2_Fang	21211035	PROTEIN BINDING ASSAY::CHROMATIN IMMUNOPRECIPITATION (CHIP)
TF0001147	ENST00000431565	SOX2_HUMAN	GS0352811	ENSG00000132842	5	77296349	77590579	Homo sapiens	Sox2_Fang	21211035	PROTEIN BINDING ASSAY::CHROMATIN IMMUNOPRECIPITATION (CHIP)
TF0001147	ENST00000431565	SOX2_HUMAN	GS0350442	ENSG00000142192	21	27252861	27543446	Homo sapiens	Sox2_Fang	21211035	PROTEIN BINDING ASSAY::CHROMATIN IMMUNOPRECIPITATION (CHIP)
TF0001147	ENST00000431565	SOX2_HUMAN	GS0350442	ENSG00000142192	21	27252861	27543446	Homo sapiens	Sox2_Fang	21211035	PROTEIN BINDING ASSAY::CHROMATIN IMMUNOPRECIPITATION (CHIP)
TF0001147	ENST00000431565	SOX2_HUMAN	GS0352084	ENSG00000167580	12	50344524	50352664	Homo sapiens	Sox2_Fang	21211035	PROTEIN BINDING ASSAY::CHROMATIN IMMUNOPRECIPITATION (CHIP)
TF0001147	ENST00000431565	SOX2_HUMAN	GS0349211	ENSG00000066777	8	68085747	68255912	Homo sapiens	Sox2_Fang	21211035	PROTEIN BINDING ASSAY::CHROMATIN IMMUNOPRECIPITATION (CHIP)
TF0001147	ENST00000431565	SOX2_HUMAN	GS0353282	ENSG00000212295	6	156699884	156699958	Homo sapiens	Sox2_Fang	21211035	PROTEIN BINDING ASSAY::CHROMATIN IMMUNOPRECIPITATION (CHIP)
TF0001147	ENST00000431565	SOX2_HUMAN	GS0348692	ENSG00000150347	10	63661059	63856703	Homo sapiens	Sox2_Fang	21211035	PROTEIN BINDING ASSAY::CHROMATIN IMMUNOPRECIPITATION (CHIP)
TF0001147	ENST00000431565	SOX2_HUMAN	GS0348692	ENSG00000150347	10	63661059	63856703	Homo sapiens	Sox2_Fang	21211035	PROTEIN BINDING ASSAY::CHROMATIN IMMUNOPRECIPITATION (CHIP)
TF0001147	ENST00000431565	SOX2_HUMAN	GS0348692	ENSG00000150347	10	63661059	63856703	Homo sapiens	Sox2_Fang	21211035	PROTEIN BINDING ASSAY::CHROMATIN IMMUNOPRECIPITATION (CHIP)
TF0001147	ENST00000431565	SOX2_HUMAN	GS0347699	ENSG00000080224	3	96533425	97471304	Homo sapiens	Sox2_Fang	21211035	PROTEIN BINDING ASSAY::CHROMATIN IMMUNOPRECIPITATION (CHIP)
TF0001147	ENST00000431565	SOX2_HUMAN	GS0347619	ENSG00000248826	5	91139695	91140346	Homo sapiens	Sox2_Fang	21211035	PROTEIN BINDING ASSAY::CHROMATIN IMMUNOPRECIPITATION (CHIP)
TF0001147	ENST00000431565	SOX2_HUMAN	GS0352239	ENSG00000113369	5	90664541	90679176	Homo sapiens	Sox2_Fang	21211035	PROTEIN BINDING ASSAY::CHROMATIN IMMUNOPRECIPITATION (CHIP)
TF0001147	ENST00000431565	SOX2_HUMAN	GS0347619	ENSG00000248826	5	91139695	91140346	Homo sapiens	Sox2_Fang	21211035	PROTEIN BINDING ASSAY::CHROMATIN IMMUNOPRECIPITATION (CHIP)
TF0001147	ENST00000431565	SOX2_HUMAN	GS0348304	ENSG00000238530	9	117327530	117327632	Homo sapiens	Sox2_Fang	21211035	PROTEIN BINDING ASSAY::CHROMATIN IMMUNOPRECIPITATION (CHIP)
TF0001147	ENST00000431565	SOX2_HUMAN	GS0349581	ENSG00000148090	9	93976097	94124195	Homo sapiens	Sox2_Fang	21211035	PROTEIN BINDING ASSAY::CHROMATIN IMMUNOPRECIPITATION (CHIP)
TF0001147	ENST00000431565	SOX2_HUMAN	GS0351458	ENSG00000204365	10	29135337	29170827	Homo sapiens	Sox2_Fang	21211035	PROTEIN BINDING ASSAY::CHROMATIN IMMUNOPRECIPITATION (CHIP)
TF0001147	ENST00000431565	SOX2_HUMAN	GS0348871	ENSG00000232882	1	91358549	91359169	Homo sapiens	Sox2_Fang	21211035	PROTEIN BINDING ASSAY::CHROMATIN IMMUNOPRECIPITATION (CHIP)
TF0001147	ENST00000431565	SOX2_HUMAN	GS0351555	ENSG00000199666	1	91123307	91123520	Homo sapiens	Sox2_Fang	21211035	PROTEIN BINDING ASSAY::CHROMATIN IMMUNOPRECIPITATION (CHIP)
TF0001147	ENST00000431565	SOX2_HUMAN	GS0350076	ENSG00000125845	20	6748311	6760910	Homo sapiens	Sox2_Fang	21211035	PROTEIN BINDING ASSAY::CHROMATIN IMMUNOPRECIPITATION (CHIP)
TF0001147	ENST00000431565	SOX2_HUMAN	GS0350076	ENSG00000125845	20	6748311	6760910	Homo sapiens	Sox2_Fang	21211035	PROTEIN BINDING ASSAY::CHROMATIN IMMUNOPRECIPITATION (CHIP)
TF0001147	ENST00000431565	SOX2_HUMAN	GS0349690	ENSG00000251833	20	6841661	6841755	Homo sapiens	Sox2_Fang	21211035	PROTEIN BINDING ASSAY::CHROMATIN IMMUNOPRECIPITATION (CHIP)
TF0001147	ENST00000431565	SOX2_HUMAN	GS0350242	ENSG00000101144	20	55743804	55841685	Homo sapiens	Sox2_Fang	21211035	PROTEIN BINDING ASSAY::CHROMATIN IMMUNOPRECIPITATION (CHIP)
TF0001147	ENST00000431565	SOX2_HUMAN	GS0350242	ENSG00000101144	20	55743804	55841685	Homo sapiens	Sox2_Fang	21211035	PROTEIN BINDING ASSAY::CHROMATIN IMMUNOPRECIPITATION (CHIP)
TF0001147	ENST00000431565	SOX2_HUMAN	GS0349651	ENSG00000207158	20	55361037	55361143	Homo sapiens	Sox2_Fang	21211035	PROTEIN BINDING ASSAY::CHROMATIN IMMUNOPRECIPITATION (CHIP)
TF0001147	ENST00000431565	SOX2_HUMAN	GS0347951	ENSG00000133639	12	92536286	92539673	Homo sapiens	Sox2_Fang	21211035	PROTEIN BINDING ASSAY::CHROMATIN IMMUNOPRECIPITATION (CHIP)
TF0001147	ENST00000431565	SOX2_HUMAN	GS0353277	ENSG00000087884	11	77532155	77629478	Homo sapiens	Sox2_Fang	21211035	PROTEIN BINDING ASSAY::CHROMATIN IMMUNOPRECIPITATION (CHIP)
TF0001147	ENST00000431565	SOX2_HUMAN	GS0353094	ENSG00000171451	18	65173819	65184217	Homo sapiens	Sox2_Fang	21211035	PROTEIN BINDING ASSAY::CHROMATIN IMMUNOPRECIPITATION (CHIP)
TF0001147	ENST00000431565	SOX2_HUMAN	GS0353094	ENSG00000171451	18	65173819	65184217	Homo sapiens	Sox2_Fang	21211035	PROTEIN BINDING ASSAY::CHROMATIN IMMUNOPRECIPITATION (CHIP)
TF0001147	ENST00000431565	SOX2_HUMAN	GS0353094	ENSG00000171451	18	65173819	65184217	Homo sapiens	Sox2_Fang	21211035	PROTEIN BINDING ASSAY::CHROMATIN IMMUNOPRECIPITATION (CHIP)
TF0001147	ENST00000431565	SOX2_HUMAN	GS0347264	ENSG00000198912	1	3805689	3816857	Homo sapiens	Sox2_Fang	21211035	PROTEIN BINDING ASSAY::CHROMATIN IMMUNOPRECIPITATION (CHIP)
TF0001147	ENST00000431565	SOX2_HUMAN	GS0348261	ENSG00000172264	20	13976015	16033842	Homo sapiens	Sox2_Fang	21211035	PROTEIN BINDING ASSAY::CHROMATIN IMMUNOPRECIPITATION (CHIP)
TF0001147	ENST00000431565	SOX2_HUMAN	GS0348261	ENSG00000172264	20	13976015	16033842	Homo sapiens	Sox2_Fang	21211035	PROTEIN BINDING ASSAY::CHROMATIN IMMUNOPRECIPITATION (CHIP)
TF0001147	ENST00000431565	SOX2_HUMAN	GS0348261	ENSG00000172264	20	13976015	16033842	Homo sapiens	Sox2_Fang	21211035	PROTEIN BINDING ASSAY::CHROMATIN IMMUNOPRECIPITATION (CHIP)
TF0001147	ENST00000431565	SOX2_HUMAN	GS0351022	ENSG00000135338	6	80194708	80247175	Homo sapiens	Sox2_Fang	21211035	PROTEIN BINDING ASSAY::CHROMATIN IMMUNOPRECIPITATION (CHIP)
TF0001147	ENST00000431565	SOX2_HUMAN	GS0350808	ENSG00000170279	7	148287657	148312952	Homo sapiens	Sox2_Fang	21211035	PROTEIN BINDING ASSAY::CHROMATIN IMMUNOPRECIPITATION (CHIP)
TF0001147	ENST00000431565	SOX2_HUMAN	GS0353233	ENSG00000106686	9	4553386	4666674	Homo sapiens	Sox2_Fang	21211035	PROTEIN BINDING ASSAY::CHROMATIN IMMUNOPRECIPITATION (CHIP)
TF0001147	ENST00000431565	SOX2_HUMAN	GS0348565	ENSG00000164989	9	15552895	16061661	Homo sapiens	Sox2_Fang	21211035	PROTEIN BINDING ASSAY::CHROMATIN IMMUNOPRECIPITATION (CHIP)
TF0001147	ENST00000431565	SOX2_HUMAN	GS0352171	ENSG00000205549	9	16203933	16276311	Homo sapiens	Sox2_Fang	21211035	PROTEIN BINDING ASSAY::CHROMATIN IMMUNOPRECIPITATION (CHIP)
TF0001147	ENST00000431565	SOX2_HUMAN	GS0348565	ENSG00000164989	9	15552895	16061661	Homo sapiens	Sox2_Fang	21211035	PROTEIN BINDING ASSAY::CHROMATIN IMMUNOPRECIPITATION (CHIP)
TF0001147	ENST00000431565	SOX2_HUMAN	GS0350689	ENSG00000167434	17	58227302	58236902	Homo sapiens	Sox2_Fang	21211035	PROTEIN BINDING ASSAY::CHROMATIN IMMUNOPRECIPITATION (CHIP)
TF0001147	ENST00000431565	SOX2_HUMAN	GS0349287	ENSG00000141837	19	13317256	13617274	Homo sapiens	Sox2_Fang	21211035	PROTEIN BINDING ASSAY::CHROMATIN IMMUNOPRECIPITATION (CHIP)
TF0001147	ENST00000431565	SOX2_HUMAN	GS0349262	ENSG00000186472	7	82383321	82792246	Homo sapiens	Sox2_Fang	21211035	PROTEIN BINDING ASSAY::CHROMATIN IMMUNOPRECIPITATION (CHIP)
TF0001147	ENST00000431565	SOX2_HUMAN	GS0352483	ENSG00000153956	7	81575760	82073114	Homo sapiens	Sox2_Fang	21211035	PROTEIN BINDING ASSAY::CHROMATIN IMMUNOPRECIPITATION (CHIP)
TF0001147	ENST00000431565	SOX2_HUMAN	GS0352483	ENSG00000153956	7	81575760	82073114	Homo sapiens	Sox2_Fang	21211035	PROTEIN BINDING ASSAY::CHROMATIN IMMUNOPRECIPITATION (CHIP)
TF0001147	ENST00000431565	SOX2_HUMAN	GS0352483	ENSG00000153956	7	81575760	82073114	Homo sapiens	Sox2_Fang	21211035	PROTEIN BINDING ASSAY::CHROMATIN IMMUNOPRECIPITATION (CHIP)
TF0001147	ENST00000431565	SOX2_HUMAN	GS0352483	ENSG00000153956	7	81575760	82073114	Homo sapiens	Sox2_Fang	21211035	PROTEIN BINDING ASSAY::CHROMATIN IMMUNOPRECIPITATION (CHIP)
TF0001147	ENST00000431565	SOX2_HUMAN	GS0352483	ENSG00000153956	7	81575760	82073114	Homo sapiens	Sox2_Fang	21211035	PROTEIN BINDING ASSAY::CHROMATIN IMMUNOPRECIPITATION (CHIP)
TF0001147	ENST00000431565	SOX2_HUMAN	GS0349162	ENSG00000003400	2	202047604	202094129	Homo sapiens	Sox2_Fang	21211035	PROTEIN BINDING ASSAY::CHROMATIN IMMUNOPRECIPITATION (CHIP)
TF0001147	ENST00000431565	SOX2_HUMAN	GS0351522	ENSG00000110092	11	69455855	69469242	Homo sapiens	Sox2_Fang	21211035	PROTEIN BINDING ASSAY::CHROMATIN IMMUNOPRECIPITATION (CHIP)
TF0001147	ENST00000431565	SOX2_HUMAN	GS0347507	ENSG00000085117	11	44585977	44641913	Homo sapiens	Sox2_Fang	21211035	PROTEIN BINDING ASSAY::CHROMATIN IMMUNOPRECIPITATION (CHIP)
TF0001147	ENST00000431565	SOX2_HUMAN	GS0349456	ENSG00000170558	18	25530930	25757410	Homo sapiens	Sox2_Fang	21211035	PROTEIN BINDING ASSAY::CHROMATIN IMMUNOPRECIPITATION (CHIP)
TF0001147	ENST00000431565	SOX2_HUMAN	GS0349456	ENSG00000170558	18	25530930	25757410	Homo sapiens	Sox2_Fang	21211035	PROTEIN BINDING ASSAY::CHROMATIN IMMUNOPRECIPITATION (CHIP)
