TF0001148	ENST00000343380	E2F1_HUMAN	GS0355052	ENSG00000187634	1	860260	879955	Homo sapiens	Cao	21310950	PROTEIN BINDING ASSAY::CHROMATIN IMMUNOPRECIPITATION (CHIP)
TF0001148	ENST00000343380	E2F1_HUMAN	GS0353008	ENSG00000188290	1	934342	935552	Homo sapiens	Cao	21310950	PROTEIN BINDING ASSAY::CHROMATIN IMMUNOPRECIPITATION (CHIP)
TF0001148	ENST00000343380	E2F1_HUMAN	GS0352990	ENSG00000237330	1	1007126	1009687	Homo sapiens	Cao	21310950	PROTEIN BINDING ASSAY::CHROMATIN IMMUNOPRECIPITATION (CHIP)
TF0001148	ENST00000343380	E2F1_HUMAN	GS0353910	ENSG00000207730	1	1102484	1102578	Homo sapiens	Cao	21310950	PROTEIN BINDING ASSAY::CHROMATIN IMMUNOPRECIPITATION (CHIP)
TF0001148	ENST00000343380	E2F1_HUMAN	GS0354507	ENSG00000131584	1	1227756	1244989	Homo sapiens	Cao	21310950	PROTEIN BINDING ASSAY::CHROMATIN IMMUNOPRECIPITATION (CHIP)
TF0001148	ENST00000343380	E2F1_HUMAN	GS0355851	ENSG00000160072	1	1407143	1433228	Homo sapiens	Cao	21310950	PROTEIN BINDING ASSAY::CHROMATIN IMMUNOPRECIPITATION (CHIP)
TF0001148	ENST00000343380	E2F1_HUMAN	GS0352659	ENSG00000197785	1	1447531	1470067	Homo sapiens	Cao	21310950	PROTEIN BINDING ASSAY::CHROMATIN IMMUNOPRECIPITATION (CHIP)
TF0001148	ENST00000343380	E2F1_HUMAN	GS0354542	ENSG00000160075	1	1477053	1510249	Homo sapiens	Cao	21310950	PROTEIN BINDING ASSAY::CHROMATIN IMMUNOPRECIPITATION (CHIP)
TF0001148	ENST00000343380	E2F1_HUMAN	GS0348041	ENSG00000197530	1	1550795	1565990	Homo sapiens	Cao	21310950	PROTEIN BINDING ASSAY::CHROMATIN IMMUNOPRECIPITATION (CHIP)
TF0001148	ENST00000343380	E2F1_HUMAN	GS0354693	ENSG00000008128	1	1634169	1655966	Homo sapiens	Cao	21310950	PROTEIN BINDING ASSAY::CHROMATIN IMMUNOPRECIPITATION (CHIP)
TF0001148	ENST00000343380	E2F1_HUMAN	GS0354796	ENSG00000169885	1	1846266	1848735	Homo sapiens	Cao	21310950	PROTEIN BINDING ASSAY::CHROMATIN IMMUNOPRECIPITATION (CHIP)
TF0001148	ENST00000343380	E2F1_HUMAN	GS0347482	ENSG00000116151	1	2252692	2356219	Homo sapiens	Cao	21310950	PROTEIN BINDING ASSAY::CHROMATIN IMMUNOPRECIPITATION (CHIP)
TF0001148	ENST00000343380	E2F1_HUMAN	GS0353532	ENSG00000157916	1	2323267	2335190	Homo sapiens	Cao	21310950	PROTEIN BINDING ASSAY::CHROMATIN IMMUNOPRECIPITATION (CHIP)
TF0001148	ENST00000343380	E2F1_HUMAN	GS0355353	ENSG00000157881	1	2439972	2458039	Homo sapiens	Cao	21310950	PROTEIN BINDING ASSAY::CHROMATIN IMMUNOPRECIPITATION (CHIP)
TF0001148	ENST00000343380	E2F1_HUMAN	GS0348760	ENSG00000142611	1	2985732	3355185	Homo sapiens	Cao	21310950	PROTEIN BINDING ASSAY::CHROMATIN IMMUNOPRECIPITATION (CHIP)
TF0001148	ENST00000343380	E2F1_HUMAN	GS0348760	ENSG00000142611	1	2985732	3355185	Homo sapiens	Cao	21310950	PROTEIN BINDING ASSAY::CHROMATIN IMMUNOPRECIPITATION (CHIP)
TF0001148	ENST00000343380	E2F1_HUMAN	GS0355293	ENSG00000162591	1	3406484	3528059	Homo sapiens	Cao	21310950	PROTEIN BINDING ASSAY::CHROMATIN IMMUNOPRECIPITATION (CHIP)
TF0001148	ENST00000343380	E2F1_HUMAN	GS0356132	ENSG00000116213	1	3547331	3569325	Homo sapiens	Cao	21310950	PROTEIN BINDING ASSAY::CHROMATIN IMMUNOPRECIPITATION (CHIP)
TF0001148	ENST00000343380	E2F1_HUMAN	GS0356132	ENSG00000116213	1	3547331	3569325	Homo sapiens	Cao	21310950	PROTEIN BINDING ASSAY::CHROMATIN IMMUNOPRECIPITATION (CHIP)
TF0001148	ENST00000343380	E2F1_HUMAN	GS0349691	ENSG00000078900	1	3569084	3652765	Homo sapiens	Cao	21310950	PROTEIN BINDING ASSAY::CHROMATIN IMMUNOPRECIPITATION (CHIP)
TF0001148	ENST00000343380	E2F1_HUMAN	GS0349691	ENSG00000078900	1	3569084	3652765	Homo sapiens	Cao	21310950	PROTEIN BINDING ASSAY::CHROMATIN IMMUNOPRECIPITATION (CHIP)
TF0001148	ENST00000343380	E2F1_HUMAN	GS0347430	ENSG00000198912	1	3805689	3816857	Homo sapiens	Cao	21310950	PROTEIN BINDING ASSAY::CHROMATIN IMMUNOPRECIPITATION (CHIP)
TF0001148	ENST00000343380	E2F1_HUMAN	GS0347430	ENSG00000198912	1	3805689	3816857	Homo sapiens	Cao	21310950	PROTEIN BINDING ASSAY::CHROMATIN IMMUNOPRECIPITATION (CHIP)
TF0001148	ENST00000343380	E2F1_HUMAN	GS0355255	ENSG00000131697	1	5922871	6052533	Homo sapiens	Cao	21310950	PROTEIN BINDING ASSAY::CHROMATIN IMMUNOPRECIPITATION (CHIP)
TF0001148	ENST00000343380	E2F1_HUMAN	GS0355255	ENSG00000131697	1	5922871	6052533	Homo sapiens	Cao	21310950	PROTEIN BINDING ASSAY::CHROMATIN IMMUNOPRECIPITATION (CHIP)
TF0001148	ENST00000343380	E2F1_HUMAN	GS0354264	ENSG00000116254	1	6161853	6240183	Homo sapiens	Cao	21310950	PROTEIN BINDING ASSAY::CHROMATIN IMMUNOPRECIPITATION (CHIP)
TF0001148	ENST00000343380	E2F1_HUMAN	GS0348357	ENSG00000097021	1	6324333	6454451	Homo sapiens	Cao	21310950	PROTEIN BINDING ASSAY::CHROMATIN IMMUNOPRECIPITATION (CHIP)
TF0001148	ENST00000343380	E2F1_HUMAN	GS0348357	ENSG00000097021	1	6324333	6454451	Homo sapiens	Cao	21310950	PROTEIN BINDING ASSAY::CHROMATIN IMMUNOPRECIPITATION (CHIP)
TF0001148	ENST00000343380	E2F1_HUMAN	GS0347091	ENSG00000171680	1	6526152	6580121	Homo sapiens	Cao	21310950	PROTEIN BINDING ASSAY::CHROMATIN IMMUNOPRECIPITATION (CHIP)
TF0001148	ENST00000343380	E2F1_HUMAN	GS0354063	ENSG00000162408	1	6581407	6614595	Homo sapiens	Cao	21310950	PROTEIN BINDING ASSAY::CHROMATIN IMMUNOPRECIPITATION (CHIP)
TF0001148	ENST00000343380	E2F1_HUMAN	GS0352299	ENSG00000116273	1	6673745	6684093	Homo sapiens	Cao	21310950	PROTEIN BINDING ASSAY::CHROMATIN IMMUNOPRECIPITATION (CHIP)
TF0001148	ENST00000343380	E2F1_HUMAN	GS0355394	ENSG00000007923	1	6694228	6761984	Homo sapiens	Cao	21310950	PROTEIN BINDING ASSAY::CHROMATIN IMMUNOPRECIPITATION (CHIP)
TF0001148	ENST00000343380	E2F1_HUMAN	GS0347708	ENSG00000171735	1	6845384	7829764	Homo sapiens	Cao	21310950	PROTEIN BINDING ASSAY::CHROMATIN IMMUNOPRECIPITATION (CHIP)
TF0001148	ENST00000343380	E2F1_HUMAN	GS0347708	ENSG00000171735	1	6845384	7829764	Homo sapiens	Cao	21310950	PROTEIN BINDING ASSAY::CHROMATIN IMMUNOPRECIPITATION (CHIP)
TF0001148	ENST00000343380	E2F1_HUMAN	GS0347708	ENSG00000171735	1	6845384	7829764	Homo sapiens	Cao	21310950	PROTEIN BINDING ASSAY::CHROMATIN IMMUNOPRECIPITATION (CHIP)
TF0001148	ENST00000343380	E2F1_HUMAN	GS0354172	ENSG00000049247	1	7903143	7913572	Homo sapiens	Cao	21310950	PROTEIN BINDING ASSAY::CHROMATIN IMMUNOPRECIPITATION (CHIP)
TF0001148	ENST00000343380	E2F1_HUMAN	GS0348827	ENSG00000116285	1	8064464	8086368	Homo sapiens	Cao	21310950	PROTEIN BINDING ASSAY::CHROMATIN IMMUNOPRECIPITATION (CHIP)
TF0001148	ENST00000343380	E2F1_HUMAN	GS0353563	ENSG00000200975	1	8266494	8266657	Homo sapiens	Cao	21310950	PROTEIN BINDING ASSAY::CHROMATIN IMMUNOPRECIPITATION (CHIP)
TF0001148	ENST00000343380	E2F1_HUMAN	GS0352120	ENSG00000142599	1	8412457	8877702	Homo sapiens	Cao	21310950	PROTEIN BINDING ASSAY::CHROMATIN IMMUNOPRECIPITATION (CHIP)
TF0001148	ENST00000343380	E2F1_HUMAN	GS0352120	ENSG00000142599	1	8412457	8877702	Homo sapiens	Cao	21310950	PROTEIN BINDING ASSAY::CHROMATIN IMMUNOPRECIPITATION (CHIP)
TF0001148	ENST00000343380	E2F1_HUMAN	GS0352120	ENSG00000142599	1	8412457	8877702	Homo sapiens	Cao	21310950	PROTEIN BINDING ASSAY::CHROMATIN IMMUNOPRECIPITATION (CHIP)
TF0001148	ENST00000343380	E2F1_HUMAN	GS0352120	ENSG00000142599	1	8412457	8877702	Homo sapiens	Cao	21310950	PROTEIN BINDING ASSAY::CHROMATIN IMMUNOPRECIPITATION (CHIP)
TF0001148	ENST00000343380	E2F1_HUMAN	GS0352120	ENSG00000142599	1	8412457	8877702	Homo sapiens	Cao	21310950	PROTEIN BINDING ASSAY::CHROMATIN IMMUNOPRECIPITATION (CHIP)
TF0001148	ENST00000343380	E2F1_HUMAN	GS0352120	ENSG00000142599	1	8412457	8877702	Homo sapiens	Cao	21310950	PROTEIN BINDING ASSAY::CHROMATIN IMMUNOPRECIPITATION (CHIP)
TF0001148	ENST00000343380	E2F1_HUMAN	GS0352120	ENSG00000142599	1	8412457	8877702	Homo sapiens	Cao	21310950	PROTEIN BINDING ASSAY::CHROMATIN IMMUNOPRECIPITATION (CHIP)
TF0001148	ENST00000343380	E2F1_HUMAN	GS0349512	ENSG00000049239	1	9294863	9331396	Homo sapiens	Cao	21310950	PROTEIN BINDING ASSAY::CHROMATIN IMMUNOPRECIPITATION (CHIP)
TF0001148	ENST00000343380	E2F1_HUMAN	GS0348475	ENSG00000171621	1	9352939	9429591	Homo sapiens	Cao	21310950	PROTEIN BINDING ASSAY::CHROMATIN IMMUNOPRECIPITATION (CHIP)
TF0001148	ENST00000343380	E2F1_HUMAN	GS0348475	ENSG00000171621	1	9352939	9429591	Homo sapiens	Cao	21310950	PROTEIN BINDING ASSAY::CHROMATIN IMMUNOPRECIPITATION (CHIP)
TF0001148	ENST00000343380	E2F1_HUMAN	GS0348074	ENSG00000252956	1	9497728	9497837	Homo sapiens	Cao	21310950	PROTEIN BINDING ASSAY::CHROMATIN IMMUNOPRECIPITATION (CHIP)
TF0001148	ENST00000343380	E2F1_HUMAN	GS0348074	ENSG00000252956	1	9497728	9497837	Homo sapiens	Cao	21310950	PROTEIN BINDING ASSAY::CHROMATIN IMMUNOPRECIPITATION (CHIP)
TF0001148	ENST00000343380	E2F1_HUMAN	GS0354852	ENSG00000171612	1	9599541	9642831	Homo sapiens	Cao	21310950	PROTEIN BINDING ASSAY::CHROMATIN IMMUNOPRECIPITATION (CHIP)
TF0001148	ENST00000343380	E2F1_HUMAN	GS0354852	ENSG00000171612	1	9599541	9642831	Homo sapiens	Cao	21310950	PROTEIN BINDING ASSAY::CHROMATIN IMMUNOPRECIPITATION (CHIP)
TF0001148	ENST00000343380	E2F1_HUMAN	GS0356255	ENSG00000171603	1	9789084	9884584	Homo sapiens	Cao	21310950	PROTEIN BINDING ASSAY::CHROMATIN IMMUNOPRECIPITATION (CHIP)
TF0001148	ENST00000343380	E2F1_HUMAN	GS0356255	ENSG00000171603	1	9789084	9884584	Homo sapiens	Cao	21310950	PROTEIN BINDING ASSAY::CHROMATIN IMMUNOPRECIPITATION (CHIP)
TF0001148	ENST00000343380	E2F1_HUMAN	GS0346751	ENSG00000178585	1	9908334	9970394	Homo sapiens	Cao	21310950	PROTEIN BINDING ASSAY::CHROMATIN IMMUNOPRECIPITATION (CHIP)
TF0001148	ENST00000343380	E2F1_HUMAN	GS0349986	ENSG00000173614	1	10003486	10045559	Homo sapiens	Cao	21310950	PROTEIN BINDING ASSAY::CHROMATIN IMMUNOPRECIPITATION (CHIP)
TF0001148	ENST00000343380	E2F1_HUMAN	GS0349986	ENSG00000173614	1	10003486	10045559	Homo sapiens	Cao	21310950	PROTEIN BINDING ASSAY::CHROMATIN IMMUNOPRECIPITATION (CHIP)
TF0001148	ENST00000343380	E2F1_HUMAN	GS0346424	ENSG00000054523	1	10270764	10441661	Homo sapiens	Cao	21310950	PROTEIN BINDING ASSAY::CHROMATIN IMMUNOPRECIPITATION (CHIP)
TF0001148	ENST00000343380	E2F1_HUMAN	GS0346424	ENSG00000054523	1	10270764	10441661	Homo sapiens	Cao	21310950	PROTEIN BINDING ASSAY::CHROMATIN IMMUNOPRECIPITATION (CHIP)
TF0001148	ENST00000343380	E2F1_HUMAN	GS0346424	ENSG00000054523	1	10270764	10441661	Homo sapiens	Cao	21310950	PROTEIN BINDING ASSAY::CHROMATIN IMMUNOPRECIPITATION (CHIP)
TF0001148	ENST00000343380	E2F1_HUMAN	GS0346424	ENSG00000054523	1	10270764	10441661	Homo sapiens	Cao	21310950	PROTEIN BINDING ASSAY::CHROMATIN IMMUNOPRECIPITATION (CHIP)
TF0001148	ENST00000343380	E2F1_HUMAN	GS0350329	ENSG00000142657	1	10458649	10480233	Homo sapiens	Cao	21310950	PROTEIN BINDING ASSAY::CHROMATIN IMMUNOPRECIPITATION (CHIP)
TF0001148	ENST00000343380	E2F1_HUMAN	GS0355110	ENSG00000142655	1	10532345	10690815	Homo sapiens	Cao	21310950	PROTEIN BINDING ASSAY::CHROMATIN IMMUNOPRECIPITATION (CHIP)
TF0001148	ENST00000343380	E2F1_HUMAN	GS0354563	ENSG00000130940	1	10696661	10856707	Homo sapiens	Cao	21310950	PROTEIN BINDING ASSAY::CHROMATIN IMMUNOPRECIPITATION (CHIP)
TF0001148	ENST00000343380	E2F1_HUMAN	GS0354563	ENSG00000130940	1	10696661	10856707	Homo sapiens	Cao	21310950	PROTEIN BINDING ASSAY::CHROMATIN IMMUNOPRECIPITATION (CHIP)
TF0001148	ENST00000343380	E2F1_HUMAN	GS0354563	ENSG00000130940	1	10696661	10856707	Homo sapiens	Cao	21310950	PROTEIN BINDING ASSAY::CHROMATIN IMMUNOPRECIPITATION (CHIP)
TF0001148	ENST00000343380	E2F1_HUMAN	GS0349095	ENSG00000175262	1	11006528	11042094	Homo sapiens	Cao	21310950	PROTEIN BINDING ASSAY::CHROMATIN IMMUNOPRECIPITATION (CHIP)
TF0001148	ENST00000343380	E2F1_HUMAN	GS0349095	ENSG00000175262	1	11006528	11042094	Homo sapiens	Cao	21310950	PROTEIN BINDING ASSAY::CHROMATIN IMMUNOPRECIPITATION (CHIP)
TF0001148	ENST00000343380	E2F1_HUMAN	GS0355126	ENSG00000120942	1	11333263	11356106	Homo sapiens	Cao	21310950	PROTEIN BINDING ASSAY::CHROMATIN IMMUNOPRECIPITATION (CHIP)
TF0001148	ENST00000343380	E2F1_HUMAN	GS0355104	ENSG00000204624	1	11539223	11597641	Homo sapiens	Cao	21310950	PROTEIN BINDING ASSAY::CHROMATIN IMMUNOPRECIPITATION (CHIP)
TF0001148	ENST00000343380	E2F1_HUMAN	GS0350797	ENSG00000132879	1	11714432	11723384	Homo sapiens	Cao	21310950	PROTEIN BINDING ASSAY::CHROMATIN IMMUNOPRECIPITATION (CHIP)
TF0001148	ENST00000343380	E2F1_HUMAN	GS0353692	ENSG00000177674	1	11796141	11814859	Homo sapiens	Cao	21310950	PROTEIN BINDING ASSAY::CHROMATIN IMMUNOPRECIPITATION (CHIP)
TF0001148	ENST00000343380	E2F1_HUMAN	GS0350973	ENSG00000011021	1	11866207	11903201	Homo sapiens	Cao	21310950	PROTEIN BINDING ASSAY::CHROMATIN IMMUNOPRECIPITATION (CHIP)
TF0001148	ENST00000343380	E2F1_HUMAN	GS0355459	ENSG00000199347	1	11968209	11968328	Homo sapiens	Cao	21310950	PROTEIN BINDING ASSAY::CHROMATIN IMMUNOPRECIPITATION (CHIP)
TF0001148	ENST00000343380	E2F1_HUMAN	GS0355415	ENSG00000120949	1	12123434	12204264	Homo sapiens	Cao	21310950	PROTEIN BINDING ASSAY::CHROMATIN IMMUNOPRECIPITATION (CHIP)
TF0001148	ENST00000343380	E2F1_HUMAN	GS0355415	ENSG00000120949	1	12123434	12204264	Homo sapiens	Cao	21310950	PROTEIN BINDING ASSAY::CHROMATIN IMMUNOPRECIPITATION (CHIP)
TF0001148	ENST00000343380	E2F1_HUMAN	GS0350376	ENSG00000048707	1	12290124	12572099	Homo sapiens	Cao	21310950	PROTEIN BINDING ASSAY::CHROMATIN IMMUNOPRECIPITATION (CHIP)
TF0001148	ENST00000343380	E2F1_HUMAN	GS0354127	ENSG00000162493	1	13909960	13944452	Homo sapiens	Cao	21310950	PROTEIN BINDING ASSAY::CHROMATIN IMMUNOPRECIPITATION (CHIP)
TF0001148	ENST00000343380	E2F1_HUMAN	GS0353867	ENSG00000222952	1	13949679	13949779	Homo sapiens	Cao	21310950	PROTEIN BINDING ASSAY::CHROMATIN IMMUNOPRECIPITATION (CHIP)
TF0001148	ENST00000343380	E2F1_HUMAN	GS0353867	ENSG00000222952	1	13949679	13949779	Homo sapiens	Cao	21310950	PROTEIN BINDING ASSAY::CHROMATIN IMMUNOPRECIPITATION (CHIP)
TF0001148	ENST00000343380	E2F1_HUMAN	GS0346532	ENSG00000218328	1	14219052	14507087	Homo sapiens	Cao	21310950	PROTEIN BINDING ASSAY::CHROMATIN IMMUNOPRECIPITATION (CHIP)
TF0001148	ENST00000343380	E2F1_HUMAN	GS0353341	ENSG00000189337	1	14925200	15444539	Homo sapiens	Cao	21310950	PROTEIN BINDING ASSAY::CHROMATIN IMMUNOPRECIPITATION (CHIP)
TF0001148	ENST00000343380	E2F1_HUMAN	GS0353341	ENSG00000189337	1	14925200	15444539	Homo sapiens	Cao	21310950	PROTEIN BINDING ASSAY::CHROMATIN IMMUNOPRECIPITATION (CHIP)
TF0001148	ENST00000343380	E2F1_HUMAN	GS0353341	ENSG00000189337	1	14925200	15444539	Homo sapiens	Cao	21310950	PROTEIN BINDING ASSAY::CHROMATIN IMMUNOPRECIPITATION (CHIP)
TF0001148	ENST00000343380	E2F1_HUMAN	GS0352791	ENSG00000142621	1	15573768	15726858	Homo sapiens	Cao	21310950	PROTEIN BINDING ASSAY::CHROMATIN IMMUNOPRECIPITATION (CHIP)
TF0001148	ENST00000343380	E2F1_HUMAN	GS0352791	ENSG00000142621	1	15573768	15726858	Homo sapiens	Cao	21310950	PROTEIN BINDING ASSAY::CHROMATIN IMMUNOPRECIPITATION (CHIP)
TF0001148	ENST00000343380	E2F1_HUMAN	GS0354836	ENSG00000142615	1	15783223	15798586	Homo sapiens	Cao	21310950	PROTEIN BINDING ASSAY::CHROMATIN IMMUNOPRECIPITATION (CHIP)
TF0001148	ENST00000343380	E2F1_HUMAN	GS0348230	ENSG00000215704	1	15792404	15817895	Homo sapiens	Cao	21310950	PROTEIN BINDING ASSAY::CHROMATIN IMMUNOPRECIPITATION (CHIP)
TF0001148	ENST00000343380	E2F1_HUMAN	GS0348230	ENSG00000215704	1	15792404	15817895	Homo sapiens	Cao	21310950	PROTEIN BINDING ASSAY::CHROMATIN IMMUNOPRECIPITATION (CHIP)
TF0001148	ENST00000343380	E2F1_HUMAN	GS0354338	ENSG00000116786	1	16010827	16061264	Homo sapiens	Cao	21310950	PROTEIN BINDING ASSAY::CHROMATIN IMMUNOPRECIPITATION (CHIP)
TF0001148	ENST00000343380	E2F1_HUMAN	GS0354338	ENSG00000116786	1	16010827	16061264	Homo sapiens	Cao	21310950	PROTEIN BINDING ASSAY::CHROMATIN IMMUNOPRECIPITATION (CHIP)
TF0001148	ENST00000343380	E2F1_HUMAN	GS0354338	ENSG00000116786	1	16010827	16061264	Homo sapiens	Cao	21310950	PROTEIN BINDING ASSAY::CHROMATIN IMMUNOPRECIPITATION (CHIP)
TF0001148	ENST00000343380	E2F1_HUMAN	GS0356267	ENSG00000065526	1	16174359	16266955	Homo sapiens	Cao	21310950	PROTEIN BINDING ASSAY::CHROMATIN IMMUNOPRECIPITATION (CHIP)
TF0001148	ENST00000343380	E2F1_HUMAN	GS0348084	ENSG00000185519	1	16384264	16400127	Homo sapiens	Cao	21310950	PROTEIN BINDING ASSAY::CHROMATIN IMMUNOPRECIPITATION (CHIP)
TF0001148	ENST00000343380	E2F1_HUMAN	GS0351194	ENSG00000142627	1	16450832	16482582	Homo sapiens	Cao	21310950	PROTEIN BINDING ASSAY::CHROMATIN IMMUNOPRECIPITATION (CHIP)
TF0001148	ENST00000343380	E2F1_HUMAN	GS0353915	ENSG00000132881	1	16555170	16563495	Homo sapiens	Cao	21310950	PROTEIN BINDING ASSAY::CHROMATIN IMMUNOPRECIPITATION (CHIP)
TF0001148	ENST00000343380	E2F1_HUMAN	GS0354149	ENSG00000233929	1	16567708	16567893	Homo sapiens	Cao	21310950	PROTEIN BINDING ASSAY::CHROMATIN IMMUNOPRECIPITATION (CHIP)
TF0001148	ENST00000343380	E2F1_HUMAN	GS0348012	ENSG00000080947	1	16793931	16819196	Homo sapiens	Cao	21310950	PROTEIN BINDING ASSAY::CHROMATIN IMMUNOPRECIPITATION (CHIP)
TF0001148	ENST00000343380	E2F1_HUMAN	GS0348012	ENSG00000080947	1	16793931	16819196	Homo sapiens	Cao	21310950	PROTEIN BINDING ASSAY::CHROMATIN IMMUNOPRECIPITATION (CHIP)
TF0001148	ENST00000343380	E2F1_HUMAN	GS0348643	ENSG00000219481	1	16888818	16940083	Homo sapiens	Cao	21310950	PROTEIN BINDING ASSAY::CHROMATIN IMMUNOPRECIPITATION (CHIP)
TF0001148	ENST00000343380	E2F1_HUMAN	GS0346546	ENSG00000058453	1	17222232	17299459	Homo sapiens	Cao	21310950	PROTEIN BINDING ASSAY::CHROMATIN IMMUNOPRECIPITATION (CHIP)
TF0001148	ENST00000343380	E2F1_HUMAN	GS0354757	ENSG00000142623	1	17531621	17572500	Homo sapiens	Cao	21310950	PROTEIN BINDING ASSAY::CHROMATIN IMMUNOPRECIPITATION (CHIP)
TF0001148	ENST00000343380	E2F1_HUMAN	GS0352510	ENSG00000142619	1	17575593	17610728	Homo sapiens	Cao	21310950	PROTEIN BINDING ASSAY::CHROMATIN IMMUNOPRECIPITATION (CHIP)
TF0001148	ENST00000343380	E2F1_HUMAN	GS0352510	ENSG00000142619	1	17575593	17610728	Homo sapiens	Cao	21310950	PROTEIN BINDING ASSAY::CHROMATIN IMMUNOPRECIPITATION (CHIP)
TF0001148	ENST00000343380	E2F1_HUMAN	GS0353590	ENSG00000159339	1	17634690	17690499	Homo sapiens	Cao	21310950	PROTEIN BINDING ASSAY::CHROMATIN IMMUNOPRECIPITATION (CHIP)
TF0001148	ENST00000343380	E2F1_HUMAN	GS0353590	ENSG00000159339	1	17634690	17690499	Homo sapiens	Cao	21310950	PROTEIN BINDING ASSAY::CHROMATIN IMMUNOPRECIPITATION (CHIP)
TF0001148	ENST00000343380	E2F1_HUMAN	GS0353527	ENSG00000256049	1	17698691	17728195	Homo sapiens	Cao	21310950	PROTEIN BINDING ASSAY::CHROMATIN IMMUNOPRECIPITATION (CHIP)
TF0001148	ENST00000343380	E2F1_HUMAN	GS0352085	ENSG00000179051	1	17733256	17766220	Homo sapiens	Cao	21310950	PROTEIN BINDING ASSAY::CHROMATIN IMMUNOPRECIPITATION (CHIP)
TF0001148	ENST00000343380	E2F1_HUMAN	GS0347911	ENSG00000009709	1	18957500	19075360	Homo sapiens	Cao	21310950	PROTEIN BINDING ASSAY::CHROMATIN IMMUNOPRECIPITATION (CHIP)
TF0001148	ENST00000343380	E2F1_HUMAN	GS0352682	ENSG00000159423	1	19197926	19229275	Homo sapiens	Cao	21310950	PROTEIN BINDING ASSAY::CHROMATIN IMMUNOPRECIPITATION (CHIP)
TF0001148	ENST00000343380	E2F1_HUMAN	GS0352682	ENSG00000159423	1	19197926	19229275	Homo sapiens	Cao	21310950	PROTEIN BINDING ASSAY::CHROMATIN IMMUNOPRECIPITATION (CHIP)
TF0001148	ENST00000343380	E2F1_HUMAN	GS0355192	ENSG00000127481	1	19401000	19536770	Homo sapiens	Cao	21310950	PROTEIN BINDING ASSAY::CHROMATIN IMMUNOPRECIPITATION (CHIP)
TF0001148	ENST00000343380	E2F1_HUMAN	GS0355192	ENSG00000127481	1	19401000	19536770	Homo sapiens	Cao	21310950	PROTEIN BINDING ASSAY::CHROMATIN IMMUNOPRECIPITATION (CHIP)
TF0001148	ENST00000343380	E2F1_HUMAN	GS0355192	ENSG00000127481	1	19401000	19536770	Homo sapiens	Cao	21310950	PROTEIN BINDING ASSAY::CHROMATIN IMMUNOPRECIPITATION (CHIP)
TF0001148	ENST00000343380	E2F1_HUMAN	GS0356186	ENSG00000077549	1	19665267	19812066	Homo sapiens	Cao	21310950	PROTEIN BINDING ASSAY::CHROMATIN IMMUNOPRECIPITATION (CHIP)
TF0001148	ENST00000343380	E2F1_HUMAN	GS0356186	ENSG00000077549	1	19665267	19812066	Homo sapiens	Cao	21310950	PROTEIN BINDING ASSAY::CHROMATIN IMMUNOPRECIPITATION (CHIP)
TF0001148	ENST00000343380	E2F1_HUMAN	GS0353854	ENSG00000158748	1	19991780	20006055	Homo sapiens	Cao	21310950	PROTEIN BINDING ASSAY::CHROMATIN IMMUNOPRECIPITATION (CHIP)
TF0001148	ENST00000343380	E2F1_HUMAN	GS0353854	ENSG00000158748	1	19991780	20006055	Homo sapiens	Cao	21310950	PROTEIN BINDING ASSAY::CHROMATIN IMMUNOPRECIPITATION (CHIP)
TF0001148	ENST00000343380	E2F1_HUMAN	GS0349037	ENSG00000162542	1	20008706	20126438	Homo sapiens	Cao	21310950	PROTEIN BINDING ASSAY::CHROMATIN IMMUNOPRECIPITATION (CHIP)
TF0001148	ENST00000343380	E2F1_HUMAN	GS0354920	ENSG00000127472	1	20354672	20417683	Homo sapiens	Cao	21310950	PROTEIN BINDING ASSAY::CHROMATIN IMMUNOPRECIPITATION (CHIP)
TF0001148	ENST00000343380	E2F1_HUMAN	GS0352163	ENSG00000183114	1	20878932	20881512	Homo sapiens	Cao	21310950	PROTEIN BINDING ASSAY::CHROMATIN IMMUNOPRECIPITATION (CHIP)
TF0001148	ENST00000343380	E2F1_HUMAN	GS0354351	ENSG00000244038	1	20978270	20988000	Homo sapiens	Cao	21310950	PROTEIN BINDING ASSAY::CHROMATIN IMMUNOPRECIPITATION (CHIP)
TF0001148	ENST00000343380	E2F1_HUMAN	GS0354351	ENSG00000244038	1	20978270	20988000	Homo sapiens	Cao	21310950	PROTEIN BINDING ASSAY::CHROMATIN IMMUNOPRECIPITATION (CHIP)
TF0001148	ENST00000343380	E2F1_HUMAN	GS0353533	ENSG00000117298	1	21543740	21671997	Homo sapiens	Cao	21310950	PROTEIN BINDING ASSAY::CHROMATIN IMMUNOPRECIPITATION (CHIP)
TF0001148	ENST00000343380	E2F1_HUMAN	GS0352526	ENSG00000076864	1	21922708	21995856	Homo sapiens	Cao	21310950	PROTEIN BINDING ASSAY::CHROMATIN IMMUNOPRECIPITATION (CHIP)
TF0001148	ENST00000343380	E2F1_HUMAN	GS0352338	ENSG00000142798	1	22148738	22263790	Homo sapiens	Cao	21310950	PROTEIN BINDING ASSAY::CHROMATIN IMMUNOPRECIPITATION (CHIP)
TF0001148	ENST00000343380	E2F1_HUMAN	GS0352338	ENSG00000142798	1	22148738	22263790	Homo sapiens	Cao	21310950	PROTEIN BINDING ASSAY::CHROMATIN IMMUNOPRECIPITATION (CHIP)
TF0001148	ENST00000343380	E2F1_HUMAN	GS0355494	ENSG00000133216	1	23037332	23241818	Homo sapiens	Cao	21310950	PROTEIN BINDING ASSAY::CHROMATIN IMMUNOPRECIPITATION (CHIP)
TF0001148	ENST00000343380	E2F1_HUMAN	GS0355170	ENSG00000215906	1	23280239	23291797	Homo sapiens	Cao	21310950	PROTEIN BINDING ASSAY::CHROMATIN IMMUNOPRECIPITATION (CHIP)
TF0001148	ENST00000343380	E2F1_HUMAN	GS0347065	ENSG00000004487	1	23345941	23410182	Homo sapiens	Cao	21310950	PROTEIN BINDING ASSAY::CHROMATIN IMMUNOPRECIPITATION (CHIP)
TF0001148	ENST00000343380	E2F1_HUMAN	GS0353383	ENSG00000179546	1	23516993	23521222	Homo sapiens	Cao	21310950	PROTEIN BINDING ASSAY::CHROMATIN IMMUNOPRECIPITATION (CHIP)
TF0001148	ENST00000343380	E2F1_HUMAN	GS0347535	ENSG00000125944	1	23630264	23670829	Homo sapiens	Cao	21310950	PROTEIN BINDING ASSAY::CHROMATIN IMMUNOPRECIPITATION (CHIP)
TF0001148	ENST00000343380	E2F1_HUMAN	GS0347278	ENSG00000204219	1	23707554	23751233	Homo sapiens	Cao	21310950	PROTEIN BINDING ASSAY::CHROMATIN IMMUNOPRECIPITATION (CHIP)
TF0001148	ENST00000343380	E2F1_HUMAN	GS0355941	ENSG00000088280	1	23750352	23810750	Homo sapiens	Cao	21310950	PROTEIN BINDING ASSAY::CHROMATIN IMMUNOPRECIPITATION (CHIP)
TF0001148	ENST00000343380	E2F1_HUMAN	GS0355941	ENSG00000088280	1	23750352	23810750	Homo sapiens	Cao	21310950	PROTEIN BINDING ASSAY::CHROMATIN IMMUNOPRECIPITATION (CHIP)
TF0001148	ENST00000343380	E2F1_HUMAN	GS0355941	ENSG00000088280	1	23750352	23810750	Homo sapiens	Cao	21310950	PROTEIN BINDING ASSAY::CHROMATIN IMMUNOPRECIPITATION (CHIP)
TF0001148	ENST00000343380	E2F1_HUMAN	GS0355941	ENSG00000088280	1	23750352	23810750	Homo sapiens	Cao	21310950	PROTEIN BINDING ASSAY::CHROMATIN IMMUNOPRECIPITATION (CHIP)
TF0001148	ENST00000343380	E2F1_HUMAN	GS0355941	ENSG00000088280	1	23750352	23810750	Homo sapiens	Cao	21310950	PROTEIN BINDING ASSAY::CHROMATIN IMMUNOPRECIPITATION (CHIP)
TF0001148	ENST00000343380	E2F1_HUMAN	GS0350523	ENSG00000197880	1	23907985	23967058	Homo sapiens	Cao	21310950	PROTEIN BINDING ASSAY::CHROMATIN IMMUNOPRECIPITATION (CHIP)
TF0001148	ENST00000343380	E2F1_HUMAN	GS0354072	ENSG00000142676	1	24018269	24022915	Homo sapiens	Cao	21310950	PROTEIN BINDING ASSAY::CHROMATIN IMMUNOPRECIPITATION (CHIP)
TF0001148	ENST00000343380	E2F1_HUMAN	GS0354072	ENSG00000142676	1	24018269	24022915	Homo sapiens	Cao	21310950	PROTEIN BINDING ASSAY::CHROMATIN IMMUNOPRECIPITATION (CHIP)
TF0001148	ENST00000343380	E2F1_HUMAN	GS0356069	ENSG00000117305	1	24128375	24165110	Homo sapiens	Cao	21310950	PROTEIN BINDING ASSAY::CHROMATIN IMMUNOPRECIPITATION (CHIP)
TF0001148	ENST00000343380	E2F1_HUMAN	GS0356069	ENSG00000117305	1	24128375	24165110	Homo sapiens	Cao	21310950	PROTEIN BINDING ASSAY::CHROMATIN IMMUNOPRECIPITATION (CHIP)
TF0001148	ENST00000343380	E2F1_HUMAN	GS0348728	ENSG00000179163	1	24171567	24194784	Homo sapiens	Cao	21310950	PROTEIN BINDING ASSAY::CHROMATIN IMMUNOPRECIPITATION (CHIP)
TF0001148	ENST00000343380	E2F1_HUMAN	GS0353643	ENSG00000188822	1	24197016	24285549	Homo sapiens	Cao	21310950	PROTEIN BINDING ASSAY::CHROMATIN IMMUNOPRECIPITATION (CHIP)
TF0001148	ENST00000343380	E2F1_HUMAN	GS0348691	ENSG00000142661	1	24382525	24438665	Homo sapiens	Cao	21310950	PROTEIN BINDING ASSAY::CHROMATIN IMMUNOPRECIPITATION (CHIP)
TF0001148	ENST00000343380	E2F1_HUMAN	GS0348691	ENSG00000142661	1	24382525	24438665	Homo sapiens	Cao	21310950	PROTEIN BINDING ASSAY::CHROMATIN IMMUNOPRECIPITATION (CHIP)
TF0001148	ENST00000343380	E2F1_HUMAN	GS0352314	ENSG00000001460	1	24683489	24743424	Homo sapiens	Cao	21310950	PROTEIN BINDING ASSAY::CHROMATIN IMMUNOPRECIPITATION (CHIP)
TF0001148	ENST00000343380	E2F1_HUMAN	GS0355380	ENSG00000117602	1	24829387	24863506	Homo sapiens	Cao	21310950	PROTEIN BINDING ASSAY::CHROMATIN IMMUNOPRECIPITATION (CHIP)
TF0001148	ENST00000343380	E2F1_HUMAN	GS0355380	ENSG00000117602	1	24829387	24863506	Homo sapiens	Cao	21310950	PROTEIN BINDING ASSAY::CHROMATIN IMMUNOPRECIPITATION (CHIP)
TF0001148	ENST00000343380	E2F1_HUMAN	GS0349784	ENSG00000184454	1	24882602	24935819	Homo sapiens	Cao	21310950	PROTEIN BINDING ASSAY::CHROMATIN IMMUNOPRECIPITATION (CHIP)
TF0001148	ENST00000343380	E2F1_HUMAN	GS0349784	ENSG00000184454	1	24882602	24935819	Homo sapiens	Cao	21310950	PROTEIN BINDING ASSAY::CHROMATIN IMMUNOPRECIPITATION (CHIP)
TF0001148	ENST00000343380	E2F1_HUMAN	GS0356095	ENSG00000169504	1	25071848	25170815	Homo sapiens	Cao	21310950	PROTEIN BINDING ASSAY::CHROMATIN IMMUNOPRECIPITATION (CHIP)
TF0001148	ENST00000343380	E2F1_HUMAN	GS0355682	ENSG00000187010	1	25598981	25656936	Homo sapiens	Cao	21310950	PROTEIN BINDING ASSAY::CHROMATIN IMMUNOPRECIPITATION (CHIP)
TF0001148	ENST00000343380	E2F1_HUMAN	GS0350645	ENSG00000204178	1	25757388	25826700	Homo sapiens	Cao	21310950	PROTEIN BINDING ASSAY::CHROMATIN IMMUNOPRECIPITATION (CHIP)
TF0001148	ENST00000343380	E2F1_HUMAN	GS0354229	ENSG00000117643	1	25943959	26112698	Homo sapiens	Cao	21310950	PROTEIN BINDING ASSAY::CHROMATIN IMMUNOPRECIPITATION (CHIP)
TF0001148	ENST00000343380	E2F1_HUMAN	GS0354835	ENSG00000182749	1	26187701	26197744	Homo sapiens	Cao	21310950	PROTEIN BINDING ASSAY::CHROMATIN IMMUNOPRECIPITATION (CHIP)
TF0001148	ENST00000343380	E2F1_HUMAN	GS0355640	ENSG00000158006	1	26286258	26324648	Homo sapiens	Cao	21310950	PROTEIN BINDING ASSAY::CHROMATIN IMMUNOPRECIPITATION (CHIP)
TF0001148	ENST00000343380	E2F1_HUMAN	GS0355640	ENSG00000158006	1	26286258	26324648	Homo sapiens	Cao	21310950	PROTEIN BINDING ASSAY::CHROMATIN IMMUNOPRECIPITATION (CHIP)
TF0001148	ENST00000343380	E2F1_HUMAN	GS0351809	ENSG00000175087	1	26437664	26452034	Homo sapiens	Cao	21310950	PROTEIN BINDING ASSAY::CHROMATIN IMMUNOPRECIPITATION (CHIP)
TF0001148	ENST00000343380	E2F1_HUMAN	GS0351809	ENSG00000175087	1	26437664	26452034	Homo sapiens	Cao	21310950	PROTEIN BINDING ASSAY::CHROMATIN IMMUNOPRECIPITATION (CHIP)
TF0001148	ENST00000343380	E2F1_HUMAN	GS0347673	ENSG00000158062	1	26607819	26644854	Homo sapiens	Cao	21310950	PROTEIN BINDING ASSAY::CHROMATIN IMMUNOPRECIPITATION (CHIP)
TF0001148	ENST00000343380	E2F1_HUMAN	GS0351137	ENSG00000176092	1	26648350	26680621	Homo sapiens	Cao	21310950	PROTEIN BINDING ASSAY::CHROMATIN IMMUNOPRECIPITATION (CHIP)
TF0001148	ENST00000343380	E2F1_HUMAN	GS0351137	ENSG00000176092	1	26648350	26680621	Homo sapiens	Cao	21310950	PROTEIN BINDING ASSAY::CHROMATIN IMMUNOPRECIPITATION (CHIP)
TF0001148	ENST00000343380	E2F1_HUMAN	GS0349446	ENSG00000176083	1	26688125	26701013	Homo sapiens	Cao	21310950	PROTEIN BINDING ASSAY::CHROMATIN IMMUNOPRECIPITATION (CHIP)
TF0001148	ENST00000343380	E2F1_HUMAN	GS0350737	ENSG00000198830	1	26798941	26802463	Homo sapiens	Cao	21310950	PROTEIN BINDING ASSAY::CHROMATIN IMMUNOPRECIPITATION (CHIP)
TF0001148	ENST00000343380	E2F1_HUMAN	GS0350701	ENSG00000117676	1	26856252	26901521	Homo sapiens	Cao	21310950	PROTEIN BINDING ASSAY::CHROMATIN IMMUNOPRECIPITATION (CHIP)
TF0001148	ENST00000343380	E2F1_HUMAN	GS0350701	ENSG00000117676	1	26856252	26901521	Homo sapiens	Cao	21310950	PROTEIN BINDING ASSAY::CHROMATIN IMMUNOPRECIPITATION (CHIP)
TF0001148	ENST00000343380	E2F1_HUMAN	GS0347469	ENSG00000117713	1	27022524	27108595	Homo sapiens	Cao	21310950	PROTEIN BINDING ASSAY::CHROMATIN IMMUNOPRECIPITATION (CHIP)
TF0001148	ENST00000343380	E2F1_HUMAN	GS0351229	ENSG00000060642	1	27113963	27124889	Homo sapiens	Cao	21310950	PROTEIN BINDING ASSAY::CHROMATIN IMMUNOPRECIPITATION (CHIP)
TF0001148	ENST00000343380	E2F1_HUMAN	GS0351229	ENSG00000060642	1	27113963	27124889	Homo sapiens	Cao	21310950	PROTEIN BINDING ASSAY::CHROMATIN IMMUNOPRECIPITATION (CHIP)
TF0001148	ENST00000343380	E2F1_HUMAN	GS0346786	ENSG00000204160	1	27153201	27183391	Homo sapiens	Cao	21310950	PROTEIN BINDING ASSAY::CHROMATIN IMMUNOPRECIPITATION (CHIP)
TF0001148	ENST00000343380	E2F1_HUMAN	GS0353364	ENSG00000142751	1	27205773	27216788	Homo sapiens	Cao	21310950	PROTEIN BINDING ASSAY::CHROMATIN IMMUNOPRECIPITATION (CHIP)
TF0001148	ENST00000343380	E2F1_HUMAN	GS0355456	ENSG00000158246	1	27331511	27339327	Homo sapiens	Cao	21310950	PROTEIN BINDING ASSAY::CHROMATIN IMMUNOPRECIPITATION (CHIP)
TF0001148	ENST00000343380	E2F1_HUMAN	GS0351603	ENSG00000090020	1	27425306	27493472	Homo sapiens	Cao	21310950	PROTEIN BINDING ASSAY::CHROMATIN IMMUNOPRECIPITATION (CHIP)
TF0001148	ENST00000343380	E2F1_HUMAN	GS0351603	ENSG00000090020	1	27425306	27493472	Homo sapiens	Cao	21310950	PROTEIN BINDING ASSAY::CHROMATIN IMMUNOPRECIPITATION (CHIP)
TF0001148	ENST00000343380	E2F1_HUMAN	GS0346636	ENSG00000142784	1	27561007	27635110	Homo sapiens	Cao	21310950	PROTEIN BINDING ASSAY::CHROMATIN IMMUNOPRECIPITATION (CHIP)
TF0001148	ENST00000343380	E2F1_HUMAN	GS0346636	ENSG00000142784	1	27561007	27635110	Homo sapiens	Cao	21310950	PROTEIN BINDING ASSAY::CHROMATIN IMMUNOPRECIPITATION (CHIP)
TF0001148	ENST00000343380	E2F1_HUMAN	GS0353623	ENSG00000142733	1	27681670	27693383	Homo sapiens	Cao	21310950	PROTEIN BINDING ASSAY::CHROMATIN IMMUNOPRECIPITATION (CHIP)
TF0001148	ENST00000343380	E2F1_HUMAN	GS0352856	ENSG00000158195	1	27730730	27816669	Homo sapiens	Cao	21310950	PROTEIN BINDING ASSAY::CHROMATIN IMMUNOPRECIPITATION (CHIP)
TF0001148	ENST00000343380	E2F1_HUMAN	GS0355031	ENSG00000126705	1	27860546	27930942	Homo sapiens	Cao	21310950	PROTEIN BINDING ASSAY::CHROMATIN IMMUNOPRECIPITATION (CHIP)
TF0001148	ENST00000343380	E2F1_HUMAN	GS0355031	ENSG00000126705	1	27860546	27930942	Homo sapiens	Cao	21310950	PROTEIN BINDING ASSAY::CHROMATIN IMMUNOPRECIPITATION (CHIP)
TF0001148	ENST00000343380	E2F1_HUMAN	GS0354771	ENSG00000207095	1	28020242	28020346	Homo sapiens	Cao	21310950	PROTEIN BINDING ASSAY::CHROMATIN IMMUNOPRECIPITATION (CHIP)
TF0001148	ENST00000343380	E2F1_HUMAN	GS0354679	ENSG00000117758	1	28099694	28150963	Homo sapiens	Cao	21310950	PROTEIN BINDING ASSAY::CHROMATIN IMMUNOPRECIPITATION (CHIP)
TF0001148	ENST00000343380	E2F1_HUMAN	GS0355205	ENSG00000169403	1	28473677	28520447	Homo sapiens	Cao	21310950	PROTEIN BINDING ASSAY::CHROMATIN IMMUNOPRECIPITATION (CHIP)
TF0001148	ENST00000343380	E2F1_HUMAN	GS0351366	ENSG00000126698	1	28527068	28559536	Homo sapiens	Cao	21310950	PROTEIN BINDING ASSAY::CHROMATIN IMMUNOPRECIPITATION (CHIP)
TF0001148	ENST00000343380	E2F1_HUMAN	GS0352625	ENSG00000130770	1	28562620	28573417	Homo sapiens	Cao	21310950	PROTEIN BINDING ASSAY::CHROMATIN IMMUNOPRECIPITATION (CHIP)
TF0001148	ENST00000343380	E2F1_HUMAN	GS0350912	ENSG00000204138	1	28696114	28826881	Homo sapiens	Cao	21310950	PROTEIN BINDING ASSAY::CHROMATIN IMMUNOPRECIPITATION (CHIP)
TF0001148	ENST00000343380	E2F1_HUMAN	GS0350912	ENSG00000204138	1	28696114	28826881	Homo sapiens	Cao	21310950	PROTEIN BINDING ASSAY::CHROMATIN IMMUNOPRECIPITATION (CHIP)
TF0001148	ENST00000343380	E2F1_HUMAN	GS0350912	ENSG00000204138	1	28696114	28826881	Homo sapiens	Cao	21310950	PROTEIN BINDING ASSAY::CHROMATIN IMMUNOPRECIPITATION (CHIP)
TF0001148	ENST00000343380	E2F1_HUMAN	GS0350912	ENSG00000204138	1	28696114	28826881	Homo sapiens	Cao	21310950	PROTEIN BINDING ASSAY::CHROMATIN IMMUNOPRECIPITATION (CHIP)
TF0001148	ENST00000343380	E2F1_HUMAN	GS0354824	ENSG00000180198	1	28832455	28865708	Homo sapiens	Cao	21310950	PROTEIN BINDING ASSAY::CHROMATIN IMMUNOPRECIPITATION (CHIP)
TF0001148	ENST00000343380	E2F1_HUMAN	GS0354824	ENSG00000180198	1	28832455	28865708	Homo sapiens	Cao	21310950	PROTEIN BINDING ASSAY::CHROMATIN IMMUNOPRECIPITATION (CHIP)
TF0001148	ENST00000343380	E2F1_HUMAN	GS0354824	ENSG00000180198	1	28832455	28865708	Homo sapiens	Cao	21310950	PROTEIN BINDING ASSAY::CHROMATIN IMMUNOPRECIPITATION (CHIP)
TF0001148	ENST00000343380	E2F1_HUMAN	GS0354824	ENSG00000180198	1	28832455	28865708	Homo sapiens	Cao	21310950	PROTEIN BINDING ASSAY::CHROMATIN IMMUNOPRECIPITATION (CHIP)
TF0001148	ENST00000343380	E2F1_HUMAN	GS0352839	ENSG00000120656	1	28915835	28969597	Homo sapiens	Cao	21310950	PROTEIN BINDING ASSAY::CHROMATIN IMMUNOPRECIPITATION (CHIP)
TF0001148	ENST00000343380	E2F1_HUMAN	GS0354616	ENSG00000159023	1	29213603	29446553	Homo sapiens	Cao	21310950	PROTEIN BINDING ASSAY::CHROMATIN IMMUNOPRECIPITATION (CHIP)
TF0001148	ENST00000343380	E2F1_HUMAN	GS0354616	ENSG00000159023	1	29213603	29446553	Homo sapiens	Cao	21310950	PROTEIN BINDING ASSAY::CHROMATIN IMMUNOPRECIPITATION (CHIP)
TF0001148	ENST00000343380	E2F1_HUMAN	GS0354616	ENSG00000159023	1	29213603	29446553	Homo sapiens	Cao	21310950	PROTEIN BINDING ASSAY::CHROMATIN IMMUNOPRECIPITATION (CHIP)
TF0001148	ENST00000343380	E2F1_HUMAN	GS0354616	ENSG00000159023	1	29213603	29446553	Homo sapiens	Cao	21310950	PROTEIN BINDING ASSAY::CHROMATIN IMMUNOPRECIPITATION (CHIP)
