TF0001123	ENST00000344691	RUNX1_HUMAN	GS0236655	ENSG00000183586	1	152372052	152372349	Homo sapiens	RUNX1_Hollenhorst	20019798	PROTEIN BINDING ASSAY::CHROMATIN IMMUNOPRECIPITATION (CHIP)
TF0001123	ENST00000344691	RUNX1_HUMAN	GS0230754	ENSG00000135541	6	135604670	135830219	Homo sapiens	RUNX1_Hollenhorst	20019798	PROTEIN BINDING ASSAY::CHROMATIN IMMUNOPRECIPITATION (CHIP)
TF0001123	ENST00000344691	RUNX1_HUMAN	GS0234427	ENSG00000068650	13	113344643	113541482	Homo sapiens	RUNX1_Hollenhorst	20019798	PROTEIN BINDING ASSAY::CHROMATIN IMMUNOPRECIPITATION (CHIP)
TF0001123	ENST00000344691	RUNX1_HUMAN	GS0233756	ENSG00000070214	9	108006903	108201452	Homo sapiens	RUNX1_Hollenhorst	20019798	PROTEIN BINDING ASSAY::CHROMATIN IMMUNOPRECIPITATION (CHIP)
TF0001123	ENST00000344691	RUNX1_HUMAN	GS0235441	ENSG00000197701	4	53179	88099	Homo sapiens	RUNX1_Hollenhorst	20019798	PROTEIN BINDING ASSAY::CHROMATIN IMMUNOPRECIPITATION (CHIP)
TF0001123	ENST00000344691	RUNX1_HUMAN	GS0237463	ENSG00000047056	10	1095478	1178237	Homo sapiens	RUNX1_Hollenhorst	20019798	PROTEIN BINDING ASSAY::CHROMATIN IMMUNOPRECIPITATION (CHIP)
TF0001123	ENST00000344691	RUNX1_HUMAN	GS0235313	ENSG00000244405	3	185764097	185828107	Homo sapiens	RUNX1_Hollenhorst	20019798	PROTEIN BINDING ASSAY::CHROMATIN IMMUNOPRECIPITATION (CHIP)
TF0001123	ENST00000344691	RUNX1_HUMAN	GS0230845	ENSG00000136161	13	49063095	49109872	Homo sapiens	RUNX1_Hollenhorst	20019798	PROTEIN BINDING ASSAY::CHROMATIN IMMUNOPRECIPITATION (CHIP)
TF0001123	ENST00000344691	RUNX1_HUMAN	GS0236851	ENSG00000066294	1	160510885	160549306	Homo sapiens	RUNX1_Hollenhorst	20019798	PROTEIN BINDING ASSAY::CHROMATIN IMMUNOPRECIPITATION (CHIP)
TF0001123	ENST00000344691	RUNX1_HUMAN	GS0237212	ENSG00000183346	10	63422719	63526524	Homo sapiens	RUNX1_Hollenhorst	20019798	PROTEIN BINDING ASSAY::CHROMATIN IMMUNOPRECIPITATION (CHIP)
TF0001123	ENST00000344691	RUNX1_HUMAN	GS0237018	ENSG00000105810	7	92234235	92465908	Homo sapiens	RUNX1_Hollenhorst	20019798	PROTEIN BINDING ASSAY::CHROMATIN IMMUNOPRECIPITATION (CHIP)
TF0001123	ENST00000344691	RUNX1_HUMAN	GS0233574	ENSG00000207759	1	198828173	198828282	Homo sapiens	RUNX1_Hollenhorst	20019798	PROTEIN BINDING ASSAY::CHROMATIN IMMUNOPRECIPITATION (CHIP)
TF0001123	ENST00000344691	RUNX1_HUMAN	GS0232292	ENSG00000197872	2	16730727	16847599	Homo sapiens	RUNX1_Hollenhorst	20019798	PROTEIN BINDING ASSAY::CHROMATIN IMMUNOPRECIPITATION (CHIP)
TF0001123	ENST00000344691	RUNX1_HUMAN	GS0236203	ENSG00000109674	4	178230990	178284097	Homo sapiens	RUNX1_Hollenhorst	20019798	PROTEIN BINDING ASSAY::CHROMATIN IMMUNOPRECIPITATION (CHIP)
TF0001123	ENST00000344691	RUNX1_HUMAN	GS0234303	ENSG00000002822	7	1855383	2272878	Homo sapiens	RUNX1_Hollenhorst	20019798	PROTEIN BINDING ASSAY::CHROMATIN IMMUNOPRECIPITATION (CHIP)
TF0001123	ENST00000344691	RUNX1_HUMAN	GS0235320	ENSG00000144893	3	150803484	151154860	Homo sapiens	RUNX1_Hollenhorst	20019798	PROTEIN BINDING ASSAY::CHROMATIN IMMUNOPRECIPITATION (CHIP)
TF0001123	ENST00000344691	RUNX1_HUMAN	GS0235641	ENSG00000249893	4	65474623	65475142	Homo sapiens	RUNX1_Hollenhorst	20019798	PROTEIN BINDING ASSAY::CHROMATIN IMMUNOPRECIPITATION (CHIP)
TF0001123	ENST00000344691	RUNX1_HUMAN	GS0233603	ENSG00000129562	14	23033805	23058175	Homo sapiens	RUNX1_Hollenhorst	20019798	PROTEIN BINDING ASSAY::CHROMATIN IMMUNOPRECIPITATION (CHIP)
TF0001123	ENST00000344691	RUNX1_HUMAN	GS0233676	ENSG00000046889	8	68864353	69149265	Homo sapiens	RUNX1_Hollenhorst	20019798	PROTEIN BINDING ASSAY::CHROMATIN IMMUNOPRECIPITATION (CHIP)
TF0001123	ENST00000344691	RUNX1_HUMAN	GS0233837	ENSG00000138193	10	95753746	96088149	Homo sapiens	RUNX1_Hollenhorst	20019798	PROTEIN BINDING ASSAY::CHROMATIN IMMUNOPRECIPITATION (CHIP)
TF0001123	ENST00000344691	RUNX1_HUMAN	GS0237291	ENSG00000137831	15	70946893	71055898	Homo sapiens	RUNX1_Hollenhorst	20019798	PROTEIN BINDING ASSAY::CHROMATIN IMMUNOPRECIPITATION (CHIP)
TF0001123	ENST00000344691	RUNX1_HUMAN	GS0232218	ENSG00000137269	6	53659295	53788919	Homo sapiens	RUNX1_Hollenhorst	20019798	PROTEIN BINDING ASSAY::CHROMATIN IMMUNOPRECIPITATION (CHIP)
TF0001123	ENST00000344691	RUNX1_HUMAN	GS0231983	ENSG00000224695	2	83044662	83045185	Homo sapiens	RUNX1_Hollenhorst	20019798	PROTEIN BINDING ASSAY::CHROMATIN IMMUNOPRECIPITATION (CHIP)
TF0001123	ENST00000344691	RUNX1_HUMAN	GS0234382	ENSG00000139083	12	11802788	12044558	Homo sapiens	RUNX1_Hollenhorst	20019798	PROTEIN BINDING ASSAY::CHROMATIN IMMUNOPRECIPITATION (CHIP)
TF0001123	ENST00000344691	RUNX1_HUMAN	GS0234070	ENSG00000142546	19	50058970	50083813	Homo sapiens	RUNX1_Hollenhorst	20019798	PROTEIN BINDING ASSAY::CHROMATIN IMMUNOPRECIPITATION (CHIP)
TF0001123	ENST00000344691	RUNX1_HUMAN	GS0237018	ENSG00000105810	7	92234235	92465908	Homo sapiens	RUNX1_Hollenhorst	20019798	PROTEIN BINDING ASSAY::CHROMATIN IMMUNOPRECIPITATION (CHIP)
TF0001123	ENST00000344691	RUNX1_HUMAN	GS0233205	ENSG00000147799	8	145754563	145911194	Homo sapiens	RUNX1_Hollenhorst	20019798	PROTEIN BINDING ASSAY::CHROMATIN IMMUNOPRECIPITATION (CHIP)
TF0001123	ENST00000344691	RUNX1_HUMAN	GS0233117	ENSG00000044524	3	89156674	89531284	Homo sapiens	RUNX1_Hollenhorst	20019798	PROTEIN BINDING ASSAY::CHROMATIN IMMUNOPRECIPITATION (CHIP)
TF0001123	ENST00000344691	RUNX1_HUMAN	GS0230817	ENSG00000164385	6	2622147	2634837	Homo sapiens	RUNX1_Hollenhorst	20019798	PROTEIN BINDING ASSAY::CHROMATIN IMMUNOPRECIPITATION (CHIP)
TF0001123	ENST00000344691	RUNX1_HUMAN	GS0235582	ENSG00000070882	7	24836158	25021253	Homo sapiens	RUNX1_Hollenhorst	20019798	PROTEIN BINDING ASSAY::CHROMATIN IMMUNOPRECIPITATION (CHIP)
TF0001123	ENST00000344691	RUNX1_HUMAN	GS0233795	ENSG00000214049	19	15939757	15947130	Homo sapiens	RUNX1_Hollenhorst	20019798	PROTEIN BINDING ASSAY::CHROMATIN IMMUNOPRECIPITATION (CHIP)
TF0001123	ENST00000344691	RUNX1_HUMAN	GS0232965	ENSG00000151240	10	320130	735683	Homo sapiens	RUNX1_Hollenhorst	20019798	PROTEIN BINDING ASSAY::CHROMATIN IMMUNOPRECIPITATION (CHIP)
TF0001123	ENST00000344691	RUNX1_HUMAN	GS0231017	ENSG00000237254	7	142510271	142511084	Homo sapiens	RUNX1_Hollenhorst	20019798	PROTEIN BINDING ASSAY::CHROMATIN IMMUNOPRECIPITATION (CHIP)
TF0001123	ENST00000344691	RUNX1_HUMAN	GS0233436	ENSG00000150760	10	128593978	129250781	Homo sapiens	RUNX1_Hollenhorst	20019798	PROTEIN BINDING ASSAY::CHROMATIN IMMUNOPRECIPITATION (CHIP)
TF0001123	ENST00000344691	RUNX1_HUMAN	GS0237444	ENSG00000178772	3	194060494	194072057	Homo sapiens	RUNX1_Hollenhorst	20019798	PROTEIN BINDING ASSAY::CHROMATIN IMMUNOPRECIPITATION (CHIP)
TF0001123	ENST00000344691	RUNX1_HUMAN	GS0237362	ENSG00000163818	3	45864808	45957534	Homo sapiens	RUNX1_Hollenhorst	20019798	PROTEIN BINDING ASSAY::CHROMATIN IMMUNOPRECIPITATION (CHIP)
TF0001123	ENST00000344691	RUNX1_HUMAN	GS0232523	ENSG00000188523	9	135285430	135448704	Homo sapiens	RUNX1_Hollenhorst	20019798	PROTEIN BINDING ASSAY::CHROMATIN IMMUNOPRECIPITATION (CHIP)
TF0001123	ENST00000344691	RUNX1_HUMAN	GS0235656	ENSG00000130158	19	11309973	11373157	Homo sapiens	RUNX1_Hollenhorst	20019798	PROTEIN BINDING ASSAY::CHROMATIN IMMUNOPRECIPITATION (CHIP)
TF0001123	ENST00000344691	RUNX1_HUMAN	GS0237209	ENSG00000138684	4	123533783	123542224	Homo sapiens	RUNX1_Hollenhorst	20019798	PROTEIN BINDING ASSAY::CHROMATIN IMMUNOPRECIPITATION (CHIP)
TF0001123	ENST00000344691	RUNX1_HUMAN	GS0235110	ENSG00000144451	2	214149113	215275225	Homo sapiens	RUNX1_Hollenhorst	20019798	PROTEIN BINDING ASSAY::CHROMATIN IMMUNOPRECIPITATION (CHIP)
TF0001123	ENST00000344691	RUNX1_HUMAN	GS0232419	ENSG00000183628	22	18893541	18901751	Homo sapiens	RUNX1_Hollenhorst	20019798	PROTEIN BINDING ASSAY::CHROMATIN IMMUNOPRECIPITATION (CHIP)
TF0001123	ENST00000344691	RUNX1_HUMAN	GS0236336	ENSG00000196781	9	84198598	84304220	Homo sapiens	RUNX1_Hollenhorst	20019798	PROTEIN BINDING ASSAY::CHROMATIN IMMUNOPRECIPITATION (CHIP)
TF0001123	ENST00000344691	RUNX1_HUMAN	GS0236276	ENSG00000136935	9	127640646	127710292	Homo sapiens	RUNX1_Hollenhorst	20019798	PROTEIN BINDING ASSAY::CHROMATIN IMMUNOPRECIPITATION (CHIP)
TF0001123	ENST00000344691	RUNX1_HUMAN	GS0230741	ENSG00000206960	6	14646766	14646869	Homo sapiens	RUNX1_Hollenhorst	20019798	PROTEIN BINDING ASSAY::CHROMATIN IMMUNOPRECIPITATION (CHIP)
TF0001123	ENST00000344691	RUNX1_HUMAN	GS0234948	ENSG00000145982	6	5261584	5771816	Homo sapiens	RUNX1_Hollenhorst	20019798	PROTEIN BINDING ASSAY::CHROMATIN IMMUNOPRECIPITATION (CHIP)
TF0001123	ENST00000344691	RUNX1_HUMAN	GS0231284	ENSG00000250504	4	145493390	145494131	Homo sapiens	RUNX1_Hollenhorst	20019798	PROTEIN BINDING ASSAY::CHROMATIN IMMUNOPRECIPITATION (CHIP)
TF0001123	ENST00000344691	RUNX1_HUMAN	GS0230870	ENSG00000238987	6	14156693	14156754	Homo sapiens	RUNX1_Hollenhorst	20019798	PROTEIN BINDING ASSAY::CHROMATIN IMMUNOPRECIPITATION (CHIP)
TF0001123	ENST00000344691	RUNX1_HUMAN	GS0237056	ENSG00000049656	5	1317859	1345214	Homo sapiens	RUNX1_Hollenhorst	20019798	PROTEIN BINDING ASSAY::CHROMATIN IMMUNOPRECIPITATION (CHIP)
TF0001123	ENST00000344691	RUNX1_HUMAN	GS0233870	ENSG00000116991	1	232533711	232697304	Homo sapiens	RUNX1_Hollenhorst	20019798	PROTEIN BINDING ASSAY::CHROMATIN IMMUNOPRECIPITATION (CHIP)
TF0001123	ENST00000344691	RUNX1_HUMAN	GS0232579	ENSG00000214960	7	16130817	16460947	Homo sapiens	RUNX1_Hollenhorst	20019798	PROTEIN BINDING ASSAY::CHROMATIN IMMUNOPRECIPITATION (CHIP)
TF0001123	ENST00000344691	RUNX1_HUMAN	GS0232918	ENSG00000196914	11	120207787	120360645	Homo sapiens	RUNX1_Hollenhorst	20019798	PROTEIN BINDING ASSAY::CHROMATIN IMMUNOPRECIPITATION (CHIP)
TF0001123	ENST00000344691	RUNX1_HUMAN	GS0236455	ENSG00000159216	21	36160098	37357047	Homo sapiens	RUNX1_Hollenhorst	20019798	PROTEIN BINDING ASSAY::CHROMATIN IMMUNOPRECIPITATION (CHIP)
TF0001123	ENST00000344691	RUNX1_HUMAN	GS0235246	ENSG00000107651	10	121652223	121702014	Homo sapiens	RUNX1_Hollenhorst	20019798	PROTEIN BINDING ASSAY::CHROMATIN IMMUNOPRECIPITATION (CHIP)
TF0001123	ENST00000344691	RUNX1_HUMAN	GS0236290	ENSG00000145416	4	164445450	165305202	Homo sapiens	RUNX1_Hollenhorst	20019798	PROTEIN BINDING ASSAY::CHROMATIN IMMUNOPRECIPITATION (CHIP)
TF0001123	ENST00000344691	RUNX1_HUMAN	GS0235073	ENSG00000153944	17	55333212	55757658	Homo sapiens	RUNX1_Hollenhorst	20019798	PROTEIN BINDING ASSAY::CHROMATIN IMMUNOPRECIPITATION (CHIP)
TF0001123	ENST00000344691	RUNX1_HUMAN	GS0233538	ENSG00000232882	1	91358549	91359169	Homo sapiens	RUNX1_Hollenhorst	20019798	PROTEIN BINDING ASSAY::CHROMATIN IMMUNOPRECIPITATION (CHIP)
TF0001123	ENST00000344691	RUNX1_HUMAN	GS0232094	ENSG00000139714	12	122089024	122110537	Homo sapiens	RUNX1_Hollenhorst	20019798	PROTEIN BINDING ASSAY::CHROMATIN IMMUNOPRECIPITATION (CHIP)
TF0001123	ENST00000344691	RUNX1_HUMAN	GS0233857	ENSG00000182010	10	63942794	64028466	Homo sapiens	RUNX1_Hollenhorst	20019798	PROTEIN BINDING ASSAY::CHROMATIN IMMUNOPRECIPITATION (CHIP)
TF0001123	ENST00000344691	RUNX1_HUMAN	GS0233383	ENSG00000146842	7	129804555	129847610	Homo sapiens	RUNX1_Hollenhorst	20019798	PROTEIN BINDING ASSAY::CHROMATIN IMMUNOPRECIPITATION (CHIP)
TF0001123	ENST00000344691	RUNX1_HUMAN	GS0230863	ENSG00000188677	22	44395091	44565106	Homo sapiens	RUNX1_Hollenhorst	20019798	PROTEIN BINDING ASSAY::CHROMATIN IMMUNOPRECIPITATION (CHIP)
TF0001123	ENST00000344691	RUNX1_HUMAN	GS0237121	ENSG00000162783	1	181057638	181059977	Homo sapiens	RUNX1_Hollenhorst	20019798	PROTEIN BINDING ASSAY::CHROMATIN IMMUNOPRECIPITATION (CHIP)
TF0001123	ENST00000344691	RUNX1_HUMAN	GS0237416	ENSG00000005339	16	3775055	3930722	Homo sapiens	RUNX1_Hollenhorst	20019798	PROTEIN BINDING ASSAY::CHROMATIN IMMUNOPRECIPITATION (CHIP)
TF0001123	ENST00000344691	RUNX1_HUMAN	GS0235259	ENSG00000147459	8	25042238	25275598	Homo sapiens	RUNX1_Hollenhorst	20019798	PROTEIN BINDING ASSAY::CHROMATIN IMMUNOPRECIPITATION (CHIP)
TF0001123	ENST00000344691	RUNX1_HUMAN	GS0237353	ENSG00000166352	11	36616051	36694823	Homo sapiens	RUNX1_Hollenhorst	20019798	PROTEIN BINDING ASSAY::CHROMATIN IMMUNOPRECIPITATION (CHIP)
TF0001123	ENST00000344691	RUNX1_HUMAN	GS0236994	ENSG00000162849	1	245318287	245866428	Homo sapiens	RUNX1_Hollenhorst	20019798	PROTEIN BINDING ASSAY::CHROMATIN IMMUNOPRECIPITATION (CHIP)
TF0001123	ENST00000344691	RUNX1_HUMAN	GS0231535	ENSG00000124191	20	42543492	42698256	Homo sapiens	RUNX1_Hollenhorst	20019798	PROTEIN BINDING ASSAY::CHROMATIN IMMUNOPRECIPITATION (CHIP)
TF0001123	ENST00000344691	RUNX1_HUMAN	GS0234932	ENSG00000171467	6	43299513	43337181	Homo sapiens	RUNX1_Hollenhorst	20019798	PROTEIN BINDING ASSAY::CHROMATIN IMMUNOPRECIPITATION (CHIP)
TF0001123	ENST00000344691	RUNX1_HUMAN	GS0237375	ENSG00000135362	11	36317838	36486754	Homo sapiens	RUNX1_Hollenhorst	20019798	PROTEIN BINDING ASSAY::CHROMATIN IMMUNOPRECIPITATION (CHIP)
TF0001123	ENST00000344691	RUNX1_HUMAN	GS0233402	ENSG00000100362	22	37196728	37215523	Homo sapiens	RUNX1_Hollenhorst	20019798	PROTEIN BINDING ASSAY::CHROMATIN IMMUNOPRECIPITATION (CHIP)
TF0001123	ENST00000344691	RUNX1_HUMAN	GS0235096	ENSG00000134871	13	110958159	111165374	Homo sapiens	RUNX1_Hollenhorst	20019798	PROTEIN BINDING ASSAY::CHROMATIN IMMUNOPRECIPITATION (CHIP)
TF0001123	ENST00000344691	RUNX1_HUMAN	GS0231988	ENSG00000131370	3	15296360	15382875	Homo sapiens	RUNX1_Hollenhorst	20019798	PROTEIN BINDING ASSAY::CHROMATIN IMMUNOPRECIPITATION (CHIP)
TF0001123	ENST00000344691	RUNX1_HUMAN	GS0234705	ENSG00000222755	8	130303229	130303521	Homo sapiens	RUNX1_Hollenhorst	20019798	PROTEIN BINDING ASSAY::CHROMATIN IMMUNOPRECIPITATION (CHIP)
TF0001123	ENST00000344691	RUNX1_HUMAN	GS0237065	ENSG00000164161	4	145567173	145666423	Homo sapiens	RUNX1_Hollenhorst	20019798	PROTEIN BINDING ASSAY::CHROMATIN IMMUNOPRECIPITATION (CHIP)
TF0001123	ENST00000344691	RUNX1_HUMAN	GS0236658	ENSG00000075826	10	102246399	102289628	Homo sapiens	RUNX1_Hollenhorst	20019798	PROTEIN BINDING ASSAY::CHROMATIN IMMUNOPRECIPITATION (CHIP)
TF0001123	ENST00000344691	RUNX1_HUMAN	GS0236238	ENSG00000154328	8	11627144	11644855	Homo sapiens	RUNX1_Hollenhorst	20019798	PROTEIN BINDING ASSAY::CHROMATIN IMMUNOPRECIPITATION (CHIP)
TF0001123	ENST00000344691	RUNX1_HUMAN	GS0236509	ENSG00000140563	15	94774767	95027180	Homo sapiens	RUNX1_Hollenhorst	20019798	PROTEIN BINDING ASSAY::CHROMATIN IMMUNOPRECIPITATION (CHIP)
TF0001123	ENST00000344691	RUNX1_HUMAN	GS0236955	ENSG00000150667	15	39892232	40075039	Homo sapiens	RUNX1_Hollenhorst	20019798	PROTEIN BINDING ASSAY::CHROMATIN IMMUNOPRECIPITATION (CHIP)
TF0001123	ENST00000344691	RUNX1_HUMAN	GS0231335	ENSG00000137501	11	85405267	85522184	Homo sapiens	RUNX1_Hollenhorst	20019798	PROTEIN BINDING ASSAY::CHROMATIN IMMUNOPRECIPITATION (CHIP)
TF0001123	ENST00000344691	RUNX1_HUMAN	GS0231551	ENSG00000169814	3	15642848	15687329	Homo sapiens	RUNX1_Hollenhorst	20019798	PROTEIN BINDING ASSAY::CHROMATIN IMMUNOPRECIPITATION (CHIP)
TF0001123	ENST00000344691	RUNX1_HUMAN	GS0237403	ENSG00000222515	6	22085773	22086147	Homo sapiens	RUNX1_Hollenhorst	20019798	PROTEIN BINDING ASSAY::CHROMATIN IMMUNOPRECIPITATION (CHIP)
TF0001123	ENST00000344691	RUNX1_HUMAN	GS0235452	ENSG00000169403	1	28473677	28520447	Homo sapiens	RUNX1_Hollenhorst	20019798	PROTEIN BINDING ASSAY::CHROMATIN IMMUNOPRECIPITATION (CHIP)
TF0001123	ENST00000344691	RUNX1_HUMAN	GS0231811	ENSG00000186354	9	91605778	91611055	Homo sapiens	RUNX1_Hollenhorst	20019798	PROTEIN BINDING ASSAY::CHROMATIN IMMUNOPRECIPITATION (CHIP)
TF0001123	ENST00000344691	RUNX1_HUMAN	GS0231166	ENSG00000177508	16	54317216	54320378	Homo sapiens	RUNX1_Hollenhorst	20019798	PROTEIN BINDING ASSAY::CHROMATIN IMMUNOPRECIPITATION (CHIP)
TF0001123	ENST00000344691	RUNX1_HUMAN	GS0233095	ENSG00000119522	9	126141933	126692431	Homo sapiens	RUNX1_Hollenhorst	20019798	PROTEIN BINDING ASSAY::CHROMATIN IMMUNOPRECIPITATION (CHIP)
TF0001123	ENST00000344691	RUNX1_HUMAN	GS0237115	ENSG00000124225	20	56223448	56286592	Homo sapiens	RUNX1_Hollenhorst	20019798	PROTEIN BINDING ASSAY::CHROMATIN IMMUNOPRECIPITATION (CHIP)
TF0001123	ENST00000344691	RUNX1_HUMAN	GS0235339	ENSG00000127527	19	16466220	16582781	Homo sapiens	RUNX1_Hollenhorst	20019798	PROTEIN BINDING ASSAY::CHROMATIN IMMUNOPRECIPITATION (CHIP)
TF0001123	ENST00000344691	RUNX1_HUMAN	GS0233770	ENSG00000171956	15	60296421	60298142	Homo sapiens	RUNX1_Hollenhorst	20019798	PROTEIN BINDING ASSAY::CHROMATIN IMMUNOPRECIPITATION (CHIP)
TF0001123	ENST00000344691	RUNX1_HUMAN	GS0233672	ENSG00000173809	19	33210679	33312089	Homo sapiens	RUNX1_Hollenhorst	20019798	PROTEIN BINDING ASSAY::CHROMATIN IMMUNOPRECIPITATION (CHIP)
TF0001123	ENST00000344691	RUNX1_HUMAN	GS0231046	ENSG00000154822	3	16844159	17132094	Homo sapiens	RUNX1_Hollenhorst	20019798	PROTEIN BINDING ASSAY::CHROMATIN IMMUNOPRECIPITATION (CHIP)
TF0001123	ENST00000344691	RUNX1_HUMAN	GS0234912	ENSG00000176887	2	5832799	5841516	Homo sapiens	RUNX1_Hollenhorst	20019798	PROTEIN BINDING ASSAY::CHROMATIN IMMUNOPRECIPITATION (CHIP)
TF0001123	ENST00000344691	RUNX1_HUMAN	GS0232410	ENSG00000143333	1	182567758	182573543	Homo sapiens	RUNX1_Hollenhorst	20019798	PROTEIN BINDING ASSAY::CHROMATIN IMMUNOPRECIPITATION (CHIP)
TF0001123	ENST00000344691	RUNX1_HUMAN	GS0235219	ENSG00000106868	9	114803065	114937688	Homo sapiens	RUNX1_Hollenhorst	20019798	PROTEIN BINDING ASSAY::CHROMATIN IMMUNOPRECIPITATION (CHIP)
TF0001123	ENST00000344691	RUNX1_HUMAN	GS0233621	ENSG00000065675	10	6469105	6622263	Homo sapiens	RUNX1_Hollenhorst	20019798	PROTEIN BINDING ASSAY::CHROMATIN IMMUNOPRECIPITATION (CHIP)
TF0001123	ENST00000344691	RUNX1_HUMAN	GS0232158	ENSG00000136828	9	129677053	129985445	Homo sapiens	RUNX1_Hollenhorst	20019798	PROTEIN BINDING ASSAY::CHROMATIN IMMUNOPRECIPITATION (CHIP)
TF0001123	ENST00000344691	RUNX1_HUMAN	GS0234300	ENSG00000252027	2	177529404	177529494	Homo sapiens	RUNX1_Hollenhorst	20019798	PROTEIN BINDING ASSAY::CHROMATIN IMMUNOPRECIPITATION (CHIP)
TF0001123	ENST00000344691	RUNX1_HUMAN	GS0235214	ENSG00000197503	12	24719898	24737102	Homo sapiens	RUNX1_Hollenhorst	20019798	PROTEIN BINDING ASSAY::CHROMATIN IMMUNOPRECIPITATION (CHIP)
TF0001123	ENST00000344691	RUNX1_HUMAN	GS0235162	ENSG00000221133	14	102026624	102026759	Homo sapiens	RUNX1_Hollenhorst	20019798	PROTEIN BINDING ASSAY::CHROMATIN IMMUNOPRECIPITATION (CHIP)
TF0001123	ENST00000344691	RUNX1_HUMAN	GS0232956	ENSG00000076382	17	26904608	26926297	Homo sapiens	RUNX1_Hollenhorst	20019798	PROTEIN BINDING ASSAY::CHROMATIN IMMUNOPRECIPITATION (CHIP)
TF0001123	ENST00000344691	RUNX1_HUMAN	GS0233452	ENSG00000152894	6	128289924	128841870	Homo sapiens	RUNX1_Hollenhorst	20019798	PROTEIN BINDING ASSAY::CHROMATIN IMMUNOPRECIPITATION (CHIP)
TF0001123	ENST00000344691	RUNX1_HUMAN	GS0235308	ENSG00000188011	2	242811752	242815975	Homo sapiens	RUNX1_Hollenhorst	20019798	PROTEIN BINDING ASSAY::CHROMATIN IMMUNOPRECIPITATION (CHIP)
TF0001123	ENST00000344691	RUNX1_HUMAN	GS0234528	ENSG00000145703	5	75699074	76003957	Homo sapiens	RUNX1_Hollenhorst	20019798	PROTEIN BINDING ASSAY::CHROMATIN IMMUNOPRECIPITATION (CHIP)
TF0001123	ENST00000344691	RUNX1_HUMAN	GS0236534	ENSG00000140718	16	53737875	54155853	Homo sapiens	RUNX1_Hollenhorst	20019798	PROTEIN BINDING ASSAY::CHROMATIN IMMUNOPRECIPITATION (CHIP)
TF0001123	ENST00000344691	RUNX1_HUMAN	GS0235065	ENSG00000140945	16	82660663	83829174	Homo sapiens	RUNX1_Hollenhorst	20019798	PROTEIN BINDING ASSAY::CHROMATIN IMMUNOPRECIPITATION (CHIP)
TF0001123	ENST00000344691	RUNX1_HUMAN	GS0235339	ENSG00000127527	19	16466220	16582781	Homo sapiens	RUNX1_Hollenhorst	20019798	PROTEIN BINDING ASSAY::CHROMATIN IMMUNOPRECIPITATION (CHIP)
TF0001123	ENST00000344691	RUNX1_HUMAN	GS0236515	ENSG00000252964	15	86681500	86681610	Homo sapiens	RUNX1_Hollenhorst	20019798	PROTEIN BINDING ASSAY::CHROMATIN IMMUNOPRECIPITATION (CHIP)
TF0001123	ENST00000344691	RUNX1_HUMAN	GS0232396	ENSG00000214097	3	196233748	196242237	Homo sapiens	RUNX1_Hollenhorst	20019798	PROTEIN BINDING ASSAY::CHROMATIN IMMUNOPRECIPITATION (CHIP)
TF0001123	ENST00000344691	RUNX1_HUMAN	GS0232359	ENSG00000107968	10	30722866	30750762	Homo sapiens	RUNX1_Hollenhorst	20019798	PROTEIN BINDING ASSAY::CHROMATIN IMMUNOPRECIPITATION (CHIP)
TF0001123	ENST00000344691	RUNX1_HUMAN	GS0231750	ENSG00000246223	14	98391975	98444461	Homo sapiens	RUNX1_Hollenhorst	20019798	PROTEIN BINDING ASSAY::CHROMATIN IMMUNOPRECIPITATION (CHIP)
TF0001123	ENST00000344691	RUNX1_HUMAN	GS0237343	ENSG00000158477	1	158223927	158228059	Homo sapiens	RUNX1_Hollenhorst	20019798	PROTEIN BINDING ASSAY::CHROMATIN IMMUNOPRECIPITATION (CHIP)
TF0001123	ENST00000344691	RUNX1_HUMAN	GS0233033	ENSG00000164300	5	79407050	79551898	Homo sapiens	RUNX1_Hollenhorst	20019798	PROTEIN BINDING ASSAY::CHROMATIN IMMUNOPRECIPITATION (CHIP)
TF0001123	ENST00000344691	RUNX1_HUMAN	GS0230750	ENSG00000101216	20	62218955	62258394	Homo sapiens	RUNX1_Hollenhorst	20019798	PROTEIN BINDING ASSAY::CHROMATIN IMMUNOPRECIPITATION (CHIP)
TF0001123	ENST00000344691	RUNX1_HUMAN	GS0232989	ENSG00000144891	3	148415571	148460795	Homo sapiens	RUNX1_Hollenhorst	20019798	PROTEIN BINDING ASSAY::CHROMATIN IMMUNOPRECIPITATION (CHIP)
TF0001123	ENST00000344691	RUNX1_HUMAN	GS0233614	ENSG00000125207	12	130822432	130857182	Homo sapiens	RUNX1_Hollenhorst	20019798	PROTEIN BINDING ASSAY::CHROMATIN IMMUNOPRECIPITATION (CHIP)
TF0001123	ENST00000344691	RUNX1_HUMAN	GS0235477	ENSG00000075539	4	48499378	48782339	Homo sapiens	RUNX1_Hollenhorst	20019798	PROTEIN BINDING ASSAY::CHROMATIN IMMUNOPRECIPITATION (CHIP)
TF0001123	ENST00000344691	RUNX1_HUMAN	GS0235143	ENSG00000157107	5	72251808	72386349	Homo sapiens	RUNX1_Hollenhorst	20019798	PROTEIN BINDING ASSAY::CHROMATIN IMMUNOPRECIPITATION (CHIP)
TF0001123	ENST00000344691	RUNX1_HUMAN	GS0236496	ENSG00000185736	10	1228073	1779670	Homo sapiens	RUNX1_Hollenhorst	20019798	PROTEIN BINDING ASSAY::CHROMATIN IMMUNOPRECIPITATION (CHIP)
TF0001123	ENST00000344691	RUNX1_HUMAN	GS0235572	ENSG00000100614	14	60712426	60765805	Homo sapiens	RUNX1_Hollenhorst	20019798	PROTEIN BINDING ASSAY::CHROMATIN IMMUNOPRECIPITATION (CHIP)
TF0001123	ENST00000344691	RUNX1_HUMAN	GS0237288	ENSG00000154229	17	64298944	64801114	Homo sapiens	RUNX1_Hollenhorst	20019798	PROTEIN BINDING ASSAY::CHROMATIN IMMUNOPRECIPITATION (CHIP)
TF0001123	ENST00000344691	RUNX1_HUMAN	GS0237151	ENSG00000112290	6	110421022	110501207	Homo sapiens	RUNX1_Hollenhorst	20019798	PROTEIN BINDING ASSAY::CHROMATIN IMMUNOPRECIPITATION (CHIP)
TF0001123	ENST00000344691	RUNX1_HUMAN	GS0234379	ENSG00000156052	9	80331003	80646374	Homo sapiens	RUNX1_Hollenhorst	20019798	PROTEIN BINDING ASSAY::CHROMATIN IMMUNOPRECIPITATION (CHIP)
TF0001123	ENST00000344691	RUNX1_HUMAN	GS0231611	ENSG00000110841	12	27676364	27848497	Homo sapiens	RUNX1_Hollenhorst	20019798	PROTEIN BINDING ASSAY::CHROMATIN IMMUNOPRECIPITATION (CHIP)
TF0001123	ENST00000344691	RUNX1_HUMAN	GS0237110	ENSG00000205683	14	73079261	73360809	Homo sapiens	RUNX1_Hollenhorst	20019798	PROTEIN BINDING ASSAY::CHROMATIN IMMUNOPRECIPITATION (CHIP)
TF0001123	ENST00000344691	RUNX1_HUMAN	GS0235714	ENSG00000200243	5	6848240	6848575	Homo sapiens	RUNX1_Hollenhorst	20019798	PROTEIN BINDING ASSAY::CHROMATIN IMMUNOPRECIPITATION (CHIP)
TF0001123	ENST00000344691	RUNX1_HUMAN	GS0232306	ENSG00000136895	9	129986544	130155939	Homo sapiens	RUNX1_Hollenhorst	20019798	PROTEIN BINDING ASSAY::CHROMATIN IMMUNOPRECIPITATION (CHIP)
TF0001123	ENST00000344691	RUNX1_HUMAN	GS0234260	ENSG00000166181	11	43333513	43366079	Homo sapiens	RUNX1_Hollenhorst	20019798	PROTEIN BINDING ASSAY::CHROMATIN IMMUNOPRECIPITATION (CHIP)
TF0001123	ENST00000344691	RUNX1_HUMAN	GS0235966	ENSG00000028310	5	850406	892939	Homo sapiens	RUNX1_Hollenhorst	20019798	PROTEIN BINDING ASSAY::CHROMATIN IMMUNOPRECIPITATION (CHIP)
TF0001123	ENST00000344691	RUNX1_HUMAN	GS0231955	ENSG00000197465	4	144792020	144826716	Homo sapiens	RUNX1_Hollenhorst	20019798	PROTEIN BINDING ASSAY::CHROMATIN IMMUNOPRECIPITATION (CHIP)
TF0001123	ENST00000344691	RUNX1_HUMAN	GS0236650	ENSG00000129347	19	10663761	10676713	Homo sapiens	RUNX1_Hollenhorst	20019798	PROTEIN BINDING ASSAY::CHROMATIN IMMUNOPRECIPITATION (CHIP)
TF0001123	ENST00000344691	RUNX1_HUMAN	GS0230999	ENSG00000043462	5	169673241	169725231	Homo sapiens	RUNX1_Hollenhorst	20019798	PROTEIN BINDING ASSAY::CHROMATIN IMMUNOPRECIPITATION (CHIP)
TF0001123	ENST00000344691	RUNX1_HUMAN	GS0237213	ENSG00000206695	8	126913195	126913298	Homo sapiens	RUNX1_Hollenhorst	20019798	PROTEIN BINDING ASSAY::CHROMATIN IMMUNOPRECIPITATION (CHIP)
TF0001123	ENST00000344691	RUNX1_HUMAN	GS0237312	ENSG00000119397	9	123837141	123939888	Homo sapiens	RUNX1_Hollenhorst	20019798	PROTEIN BINDING ASSAY::CHROMATIN IMMUNOPRECIPITATION (CHIP)
TF0001123	ENST00000344691	RUNX1_HUMAN	GS0234633	ENSG00000222983	3	31270207	31270339	Homo sapiens	RUNX1_Hollenhorst	20019798	PROTEIN BINDING ASSAY::CHROMATIN IMMUNOPRECIPITATION (CHIP)
TF0001123	ENST00000344691	RUNX1_HUMAN	GS0235850	ENSG00000183287	18	57102442	57364574	Homo sapiens	RUNX1_Hollenhorst	20019798	PROTEIN BINDING ASSAY::CHROMATIN IMMUNOPRECIPITATION (CHIP)
TF0001123	ENST00000344691	RUNX1_HUMAN	GS0237559	ENSG00000131504	5	140894583	140998622	Homo sapiens	RUNX1_Hollenhorst	20019798	PROTEIN BINDING ASSAY::CHROMATIN IMMUNOPRECIPITATION (CHIP)
TF0001123	ENST00000344691	RUNX1_HUMAN	GS0231075	ENSG00000132967	3	22423310	22424420	Homo sapiens	RUNX1_Hollenhorst	20019798	PROTEIN BINDING ASSAY::CHROMATIN IMMUNOPRECIPITATION (CHIP)
TF0001123	ENST00000344691	RUNX1_HUMAN	GS0237056	ENSG00000049656	5	1317859	1345214	Homo sapiens	RUNX1_Hollenhorst	20019798	PROTEIN BINDING ASSAY::CHROMATIN IMMUNOPRECIPITATION (CHIP)
TF0001123	ENST00000344691	RUNX1_HUMAN	GS0233974	ENSG00000090104	1	192544857	192549161	Homo sapiens	RUNX1_Hollenhorst	20019798	PROTEIN BINDING ASSAY::CHROMATIN IMMUNOPRECIPITATION (CHIP)
TF0001123	ENST00000344691	RUNX1_HUMAN	GS0236633	ENSG00000120907	8	26605667	26724790	Homo sapiens	RUNX1_Hollenhorst	20019798	PROTEIN BINDING ASSAY::CHROMATIN IMMUNOPRECIPITATION (CHIP)
TF0001123	ENST00000344691	RUNX1_HUMAN	GS0231020	ENSG00000121898	10	125465729	125699783	Homo sapiens	RUNX1_Hollenhorst	20019798	PROTEIN BINDING ASSAY::CHROMATIN IMMUNOPRECIPITATION (CHIP)
TF0001123	ENST00000344691	RUNX1_HUMAN	GS0231895	ENSG00000166035	15	58702775	58861151	Homo sapiens	RUNX1_Hollenhorst	20019798	PROTEIN BINDING ASSAY::CHROMATIN IMMUNOPRECIPITATION (CHIP)
TF0001123	ENST00000344691	RUNX1_HUMAN	GS0231900	ENSG00000139946	14	56585093	56768244	Homo sapiens	RUNX1_Hollenhorst	20019798	PROTEIN BINDING ASSAY::CHROMATIN IMMUNOPRECIPITATION (CHIP)
TF0001123	ENST00000344691	RUNX1_HUMAN	GS0236986	ENSG00000165025	9	93564069	93660831	Homo sapiens	RUNX1_Hollenhorst	20019798	PROTEIN BINDING ASSAY::CHROMATIN IMMUNOPRECIPITATION (CHIP)
TF0001123	ENST00000344691	RUNX1_HUMAN	GS0235243	ENSG00000151892	10	117816444	118033126	Homo sapiens	RUNX1_Hollenhorst	20019798	PROTEIN BINDING ASSAY::CHROMATIN IMMUNOPRECIPITATION (CHIP)
TF0001123	ENST00000344691	RUNX1_HUMAN	GS0236785	ENSG00000053747	18	21269562	21535030	Homo sapiens	RUNX1_Hollenhorst	20019798	PROTEIN BINDING ASSAY::CHROMATIN IMMUNOPRECIPITATION (CHIP)
TF0001123	ENST00000344691	RUNX1_HUMAN	GS0234195	ENSG00000156298	X	38420623	38548169	Homo sapiens	RUNX1_Hollenhorst	20019798	PROTEIN BINDING ASSAY::CHROMATIN IMMUNOPRECIPITATION (CHIP)
TF0001123	ENST00000344691	RUNX1_HUMAN	GS0235935	ENSG00000167037	22	25202188	25323545	Homo sapiens	RUNX1_Hollenhorst	20019798	PROTEIN BINDING ASSAY::CHROMATIN IMMUNOPRECIPITATION (CHIP)
TF0001123	ENST00000344691	RUNX1_HUMAN	GS0231453	ENSG00000170899	6	52842751	52860176	Homo sapiens	RUNX1_Hollenhorst	20019798	PROTEIN BINDING ASSAY::CHROMATIN IMMUNOPRECIPITATION (CHIP)
TF0001123	ENST00000344691	RUNX1_HUMAN	GS0235385	ENSG00000165757	10	30301729	30404423	Homo sapiens	RUNX1_Hollenhorst	20019798	PROTEIN BINDING ASSAY::CHROMATIN IMMUNOPRECIPITATION (CHIP)
TF0001123	ENST00000344691	RUNX1_HUMAN	GS0237103	ENSG00000142494	17	19437141	19482347	Homo sapiens	RUNX1_Hollenhorst	20019798	PROTEIN BINDING ASSAY::CHROMATIN IMMUNOPRECIPITATION (CHIP)
TF0001123	ENST00000344691	RUNX1_HUMAN	GS0237018	ENSG00000105810	7	92234235	92465908	Homo sapiens	RUNX1_Hollenhorst	20019798	PROTEIN BINDING ASSAY::CHROMATIN IMMUNOPRECIPITATION (CHIP)
TF0001123	ENST00000344691	RUNX1_HUMAN	GS0235959	ENSG00000189039	15	22472918	22473353	Homo sapiens	RUNX1_Hollenhorst	20019798	PROTEIN BINDING ASSAY::CHROMATIN IMMUNOPRECIPITATION (CHIP)
TF0001123	ENST00000344691	RUNX1_HUMAN	GS0231830	ENSG00000081059	5	133450402	133487556	Homo sapiens	RUNX1_Hollenhorst	20019798	PROTEIN BINDING ASSAY::CHROMATIN IMMUNOPRECIPITATION (CHIP)
TF0001123	ENST00000344691	RUNX1_HUMAN	GS0235880	ENSG00000173334	8	126442563	126450647	Homo sapiens	RUNX1_Hollenhorst	20019798	PROTEIN BINDING ASSAY::CHROMATIN IMMUNOPRECIPITATION (CHIP)
TF0001123	ENST00000344691	RUNX1_HUMAN	GS0236750	ENSG00000019549	8	49830249	49834299	Homo sapiens	RUNX1_Hollenhorst	20019798	PROTEIN BINDING ASSAY::CHROMATIN IMMUNOPRECIPITATION (CHIP)
TF0001123	ENST00000344691	RUNX1_HUMAN	GS0231787	ENSG00000136111	13	75858808	76056250	Homo sapiens	RUNX1_Hollenhorst	20019798	PROTEIN BINDING ASSAY::CHROMATIN IMMUNOPRECIPITATION (CHIP)
TF0001123	ENST00000344691	RUNX1_HUMAN	GS0231535	ENSG00000124191	20	42543492	42698256	Homo sapiens	RUNX1_Hollenhorst	20019798	PROTEIN BINDING ASSAY::CHROMATIN IMMUNOPRECIPITATION (CHIP)
TF0001123	ENST00000344691	RUNX1_HUMAN	GS0231744	ENSG00000199652	8	136754586	136754738	Homo sapiens	RUNX1_Hollenhorst	20019798	PROTEIN BINDING ASSAY::CHROMATIN IMMUNOPRECIPITATION (CHIP)
TF0001123	ENST00000344691	RUNX1_HUMAN	GS0235335	ENSG00000164100	4	118954773	119179803	Homo sapiens	RUNX1_Hollenhorst	20019798	PROTEIN BINDING ASSAY::CHROMATIN IMMUNOPRECIPITATION (CHIP)
TF0001123	ENST00000344691	RUNX1_HUMAN	GS0232576	ENSG00000179300	X	77911566	77914825	Homo sapiens	RUNX1_Hollenhorst	20019798	PROTEIN BINDING ASSAY::CHROMATIN IMMUNOPRECIPITATION (CHIP)
TF0001123	ENST00000344691	RUNX1_HUMAN	GS0236357	ENSG00000236816	9	44076368	44118444	Homo sapiens	RUNX1_Hollenhorst	20019798	PROTEIN BINDING ASSAY::CHROMATIN IMMUNOPRECIPITATION (CHIP)
TF0001123	ENST00000344691	RUNX1_HUMAN	GS0234303	ENSG00000002822	7	1855383	2272878	Homo sapiens	RUNX1_Hollenhorst	20019798	PROTEIN BINDING ASSAY::CHROMATIN IMMUNOPRECIPITATION (CHIP)
TF0001123	ENST00000344691	RUNX1_HUMAN	GS0232833	ENSG00000166900	11	59480929	59573354	Homo sapiens	RUNX1_Hollenhorst	20019798	PROTEIN BINDING ASSAY::CHROMATIN IMMUNOPRECIPITATION (CHIP)
TF0001123	ENST00000344691	RUNX1_HUMAN	GS0232227	ENSG00000100418	22	41994032	42017100	Homo sapiens	RUNX1_Hollenhorst	20019798	PROTEIN BINDING ASSAY::CHROMATIN IMMUNOPRECIPITATION (CHIP)
TF0001123	ENST00000344691	RUNX1_HUMAN	GS0230781	ENSG00000163870	3	127291912	127317094	Homo sapiens	RUNX1_Hollenhorst	20019798	PROTEIN BINDING ASSAY::CHROMATIN IMMUNOPRECIPITATION (CHIP)
TF0001123	ENST00000344691	RUNX1_HUMAN	GS0234969	ENSG00000151414	1	198126093	198291550	Homo sapiens	RUNX1_Hollenhorst	20019798	PROTEIN BINDING ASSAY::CHROMATIN IMMUNOPRECIPITATION (CHIP)
TF0001123	ENST00000344691	RUNX1_HUMAN	GS0232920	ENSG00000102781	13	30776767	30881621	Homo sapiens	RUNX1_Hollenhorst	20019798	PROTEIN BINDING ASSAY::CHROMATIN IMMUNOPRECIPITATION (CHIP)
TF0001123	ENST00000344691	RUNX1_HUMAN	GS0236454	ENSG00000129675	X	135747706	135864247	Homo sapiens	RUNX1_Hollenhorst	20019798	PROTEIN BINDING ASSAY::CHROMATIN IMMUNOPRECIPITATION (CHIP)
TF0001123	ENST00000344691	RUNX1_HUMAN	GS0231929	ENSG00000177674	1	11796141	11814859	Homo sapiens	RUNX1_Hollenhorst	20019798	PROTEIN BINDING ASSAY::CHROMATIN IMMUNOPRECIPITATION (CHIP)
TF0001123	ENST00000344691	RUNX1_HUMAN	GS0234897	ENSG00000135046	9	75766673	75785309	Homo sapiens	RUNX1_Hollenhorst	20019798	PROTEIN BINDING ASSAY::CHROMATIN IMMUNOPRECIPITATION (CHIP)
TF0001123	ENST00000344691	RUNX1_HUMAN	GS0235811	ENSG00000115896	2	198669426	199437305	Homo sapiens	RUNX1_Hollenhorst	20019798	PROTEIN BINDING ASSAY::CHROMATIN IMMUNOPRECIPITATION (CHIP)
TF0001123	ENST00000344691	RUNX1_HUMAN	GS0233350	ENSG00000187239	9	132649466	132805473	Homo sapiens	RUNX1_Hollenhorst	20019798	PROTEIN BINDING ASSAY::CHROMATIN IMMUNOPRECIPITATION (CHIP)
TF0001123	ENST00000344691	RUNX1_HUMAN	GS0236660	ENSG00000153930	17	54230836	54560007	Homo sapiens	RUNX1_Hollenhorst	20019798	PROTEIN BINDING ASSAY::CHROMATIN IMMUNOPRECIPITATION (CHIP)
TF0001123	ENST00000344691	RUNX1_HUMAN	GS0232188	ENSG00000152270	11	14665269	14892350	Homo sapiens	RUNX1_Hollenhorst	20019798	PROTEIN BINDING ASSAY::CHROMATIN IMMUNOPRECIPITATION (CHIP)
TF0001123	ENST00000344691	RUNX1_HUMAN	GS0231646	ENSG00000252251	11	104123307	104123343	Homo sapiens	RUNX1_Hollenhorst	20019798	PROTEIN BINDING ASSAY::CHROMATIN IMMUNOPRECIPITATION (CHIP)
TF0001123	ENST00000344691	RUNX1_HUMAN	GS0230765	ENSG00000211934	14	106452671	106453170	Homo sapiens	RUNX1_Hollenhorst	20019798	PROTEIN BINDING ASSAY::CHROMATIN IMMUNOPRECIPITATION (CHIP)
TF0001123	ENST00000344691	RUNX1_HUMAN	GS0231399	ENSG00000176715	16	89154783	89222254	Homo sapiens	RUNX1_Hollenhorst	20019798	PROTEIN BINDING ASSAY::CHROMATIN IMMUNOPRECIPITATION (CHIP)
TF0001123	ENST00000344691	RUNX1_HUMAN	GS0230735	ENSG00000127720	12	82752276	82873015	Homo sapiens	RUNX1_Hollenhorst	20019798	PROTEIN BINDING ASSAY::CHROMATIN IMMUNOPRECIPITATION (CHIP)
TF0001123	ENST00000344691	RUNX1_HUMAN	GS0233701	ENSG00000090863	16	74481328	74641042	Homo sapiens	RUNX1_Hollenhorst	20019798	PROTEIN BINDING ASSAY::CHROMATIN IMMUNOPRECIPITATION (CHIP)
TF0001123	ENST00000344691	RUNX1_HUMAN	GS0236667	ENSG00000238302	12	89676000	89676062	Homo sapiens	RUNX1_Hollenhorst	20019798	PROTEIN BINDING ASSAY::CHROMATIN IMMUNOPRECIPITATION (CHIP)
TF0001123	ENST00000344691	RUNX1_HUMAN	GS0235837	ENSG00000009694	X	123509753	124097666	Homo sapiens	RUNX1_Hollenhorst	20019798	PROTEIN BINDING ASSAY::CHROMATIN IMMUNOPRECIPITATION (CHIP)
TF0001123	ENST00000344691	RUNX1_HUMAN	GS0233377	ENSG00000196218	19	38924340	39078204	Homo sapiens	RUNX1_Hollenhorst	20019798	PROTEIN BINDING ASSAY::CHROMATIN IMMUNOPRECIPITATION (CHIP)
TF0001123	ENST00000344691	RUNX1_HUMAN	GS0235856	ENSG00000082068	5	37379314	37753537	Homo sapiens	RUNX1_Hollenhorst	20019798	PROTEIN BINDING ASSAY::CHROMATIN IMMUNOPRECIPITATION (CHIP)
TF0001123	ENST00000344691	RUNX1_HUMAN	GS0233896	ENSG00000151376	11	86152150	86383678	Homo sapiens	RUNX1_Hollenhorst	20019798	PROTEIN BINDING ASSAY::CHROMATIN IMMUNOPRECIPITATION (CHIP)
TF0001123	ENST00000344691	RUNX1_HUMAN	GS0234663	ENSG00000201741	17	17363758	17363836	Homo sapiens	RUNX1_Hollenhorst	20019798	PROTEIN BINDING ASSAY::CHROMATIN IMMUNOPRECIPITATION (CHIP)
TF0001123	ENST00000344691	RUNX1_HUMAN	GS0235352	ENSG00000213949	5	52083730	52252327	Homo sapiens	RUNX1_Hollenhorst	20019798	PROTEIN BINDING ASSAY::CHROMATIN IMMUNOPRECIPITATION (CHIP)
TF0001123	ENST00000344691	RUNX1_HUMAN	GS0235909	ENSG00000085978	2	234118697	234204320	Homo sapiens	RUNX1_Hollenhorst	20019798	PROTEIN BINDING ASSAY::CHROMATIN IMMUNOPRECIPITATION (CHIP)
TF0001123	ENST00000344691	RUNX1_HUMAN	GS0234238	ENSG00000182256	15	27216429	27778373	Homo sapiens	RUNX1_Hollenhorst	20019798	PROTEIN BINDING ASSAY::CHROMATIN IMMUNOPRECIPITATION (CHIP)
TF0001123	ENST00000344691	RUNX1_HUMAN	GS0237288	ENSG00000154229	17	64298944	64801114	Homo sapiens	RUNX1_Hollenhorst	20019798	PROTEIN BINDING ASSAY::CHROMATIN IMMUNOPRECIPITATION (CHIP)
TF0001123	ENST00000344691	RUNX1_HUMAN	GS0231399	ENSG00000176715	16	89154783	89222254	Homo sapiens	RUNX1_Hollenhorst	20019798	PROTEIN BINDING ASSAY::CHROMATIN IMMUNOPRECIPITATION (CHIP)
TF0001123	ENST00000344691	RUNX1_HUMAN	GS0234855	ENSG00000133454	22	26138111	26427007	Homo sapiens	RUNX1_Hollenhorst	20019798	PROTEIN BINDING ASSAY::CHROMATIN IMMUNOPRECIPITATION (CHIP)
TF0001123	ENST00000344691	RUNX1_HUMAN	GS0232726	ENSG00000147488	8	53023399	53373519	Homo sapiens	RUNX1_Hollenhorst	20019798	PROTEIN BINDING ASSAY::CHROMATIN IMMUNOPRECIPITATION (CHIP)
TF0001123	ENST00000344691	RUNX1_HUMAN	GS0237038	ENSG00000100154	22	28374004	29075853	Homo sapiens	RUNX1_Hollenhorst	20019798	PROTEIN BINDING ASSAY::CHROMATIN IMMUNOPRECIPITATION (CHIP)
TF0001123	ENST00000344691	RUNX1_HUMAN	GS0235579	ENSG00000135363	11	33880122	33913836	Homo sapiens	RUNX1_Hollenhorst	20019798	PROTEIN BINDING ASSAY::CHROMATIN IMMUNOPRECIPITATION (CHIP)
TF0001123	ENST00000344691	RUNX1_HUMAN	GS0231979	ENSG00000152520	13	28712643	28869475	Homo sapiens	RUNX1_Hollenhorst	20019798	PROTEIN BINDING ASSAY::CHROMATIN IMMUNOPRECIPITATION (CHIP)
TF0001123	ENST00000344691	RUNX1_HUMAN	GS0235840	ENSG00000182095	7	5346421	5465045	Homo sapiens	RUNX1_Hollenhorst	20019798	PROTEIN BINDING ASSAY::CHROMATIN IMMUNOPRECIPITATION (CHIP)
TF0001123	ENST00000344691	RUNX1_HUMAN	GS0235213	ENSG00000004399	3	129274018	129325661	Homo sapiens	RUNX1_Hollenhorst	20019798	PROTEIN BINDING ASSAY::CHROMATIN IMMUNOPRECIPITATION (CHIP)
TF0001123	ENST00000344691	RUNX1_HUMAN	GS0232183	ENSG00000028839	6	134273308	134308637	Homo sapiens	RUNX1_Hollenhorst	20019798	PROTEIN BINDING ASSAY::CHROMATIN IMMUNOPRECIPITATION (CHIP)
TF0001123	ENST00000344691	RUNX1_HUMAN	GS0235966	ENSG00000028310	5	850406	892939	Homo sapiens	RUNX1_Hollenhorst	20019798	PROTEIN BINDING ASSAY::CHROMATIN IMMUNOPRECIPITATION (CHIP)
TF0001123	ENST00000344691	RUNX1_HUMAN	GS0232968	ENSG00000171044	8	10753555	11058875	Homo sapiens	RUNX1_Hollenhorst	20019798	PROTEIN BINDING ASSAY::CHROMATIN IMMUNOPRECIPITATION (CHIP)
TF0001123	ENST00000344691	RUNX1_HUMAN	GS0234261	ENSG00000130177	13	115000362	115038198	Homo sapiens	RUNX1_Hollenhorst	20019798	PROTEIN BINDING ASSAY::CHROMATIN IMMUNOPRECIPITATION (CHIP)
