TF0001055	ENST00000379935	RBL2_HUMAN	GS0100179	ENSG00000223181	1	693613	693716	Homo sapiens	P130_Chicas_senescent_shRb	20385362	PROTEIN BINDING ASSAY::CHROMATIN IMMUNOPRECIPITATION (CHIP)
TF0001055	ENST00000379935	RBL2_HUMAN	GS0094006	ENSG00000187634	1	860260	879955	Homo sapiens	P130_Chicas_senescent_shRb	20385362	PROTEIN BINDING ASSAY::CHROMATIN IMMUNOPRECIPITATION (CHIP)
TF0001055	ENST00000379935	RBL2_HUMAN	GS0097763	ENSG00000188290	1	934342	935552	Homo sapiens	P130_Chicas_senescent_shRb	20385362	PROTEIN BINDING ASSAY::CHROMATIN IMMUNOPRECIPITATION (CHIP)
TF0001055	ENST00000379935	RBL2_HUMAN	GS0089833	ENSG00000187608	1	948803	949920	Homo sapiens	P130_Chicas_senescent_shRb	20385362	PROTEIN BINDING ASSAY::CHROMATIN IMMUNOPRECIPITATION (CHIP)
TF0001055	ENST00000379935	RBL2_HUMAN	GS0089833	ENSG00000187608	1	948803	949920	Homo sapiens	P130_Chicas_senescent_shRb	20385362	PROTEIN BINDING ASSAY::CHROMATIN IMMUNOPRECIPITATION (CHIP)
TF0001055	ENST00000379935	RBL2_HUMAN	GS0090701	ENSG00000131591	1	1017198	1051741	Homo sapiens	P130_Chicas_senescent_shRb	20385362	PROTEIN BINDING ASSAY::CHROMATIN IMMUNOPRECIPITATION (CHIP)
TF0001055	ENST00000379935	RBL2_HUMAN	GS0090701	ENSG00000131591	1	1017198	1051741	Homo sapiens	P130_Chicas_senescent_shRb	20385362	PROTEIN BINDING ASSAY::CHROMATIN IMMUNOPRECIPITATION (CHIP)
TF0001055	ENST00000379935	RBL2_HUMAN	GS0090701	ENSG00000131591	1	1017198	1051741	Homo sapiens	P130_Chicas_senescent_shRb	20385362	PROTEIN BINDING ASSAY::CHROMATIN IMMUNOPRECIPITATION (CHIP)
TF0001055	ENST00000379935	RBL2_HUMAN	GS0098380	ENSG00000207730	1	1102484	1102578	Homo sapiens	P130_Chicas_senescent_shRb	20385362	PROTEIN BINDING ASSAY::CHROMATIN IMMUNOPRECIPITATION (CHIP)
TF0001055	ENST00000379935	RBL2_HUMAN	GS0091086	ENSG00000186827	1	1146706	1149518	Homo sapiens	P130_Chicas_senescent_shRb	20385362	PROTEIN BINDING ASSAY::CHROMATIN IMMUNOPRECIPITATION (CHIP)
TF0001055	ENST00000379935	RBL2_HUMAN	GS0097226	ENSG00000160087	1	1189289	1209265	Homo sapiens	P130_Chicas_senescent_shRb	20385362	PROTEIN BINDING ASSAY::CHROMATIN IMMUNOPRECIPITATION (CHIP)
TF0001055	ENST00000379935	RBL2_HUMAN	GS0097226	ENSG00000160087	1	1189289	1209265	Homo sapiens	P130_Chicas_senescent_shRb	20385362	PROTEIN BINDING ASSAY::CHROMATIN IMMUNOPRECIPITATION (CHIP)
TF0001055	ENST00000379935	RBL2_HUMAN	GS0093562	ENSG00000131584	1	1227756	1244989	Homo sapiens	P130_Chicas_senescent_shRb	20385362	PROTEIN BINDING ASSAY::CHROMATIN IMMUNOPRECIPITATION (CHIP)
TF0001055	ENST00000379935	RBL2_HUMAN	GS0098211	ENSG00000169972	1	1243947	1247057	Homo sapiens	P130_Chicas_senescent_shRb	20385362	PROTEIN BINDING ASSAY::CHROMATIN IMMUNOPRECIPITATION (CHIP)
TF0001055	ENST00000379935	RBL2_HUMAN	GS0091828	ENSG00000127054	1	1246965	1260071	Homo sapiens	P130_Chicas_senescent_shRb	20385362	PROTEIN BINDING ASSAY::CHROMATIN IMMUNOPRECIPITATION (CHIP)
TF0001055	ENST00000379935	RBL2_HUMAN	GS0093029	ENSG00000224051	1	1260136	1264277	Homo sapiens	P130_Chicas_senescent_shRb	20385362	PROTEIN BINDING ASSAY::CHROMATIN IMMUNOPRECIPITATION (CHIP)
TF0001055	ENST00000379935	RBL2_HUMAN	GS0098187	ENSG00000162576	1	1288069	1297157	Homo sapiens	P130_Chicas_senescent_shRb	20385362	PROTEIN BINDING ASSAY::CHROMATIN IMMUNOPRECIPITATION (CHIP)
TF0001055	ENST00000379935	RBL2_HUMAN	GS0098187	ENSG00000162576	1	1288069	1297157	Homo sapiens	P130_Chicas_senescent_shRb	20385362	PROTEIN BINDING ASSAY::CHROMATIN IMMUNOPRECIPITATION (CHIP)
TF0001055	ENST00000379935	RBL2_HUMAN	GS0098187	ENSG00000162576	1	1288069	1297157	Homo sapiens	P130_Chicas_senescent_shRb	20385362	PROTEIN BINDING ASSAY::CHROMATIN IMMUNOPRECIPITATION (CHIP)
TF0001055	ENST00000379935	RBL2_HUMAN	GS0099078	ENSG00000175756	1	1309110	1310875	Homo sapiens	P130_Chicas_senescent_shRb	20385362	PROTEIN BINDING ASSAY::CHROMATIN IMMUNOPRECIPITATION (CHIP)
TF0001055	ENST00000379935	RBL2_HUMAN	GS0090032	ENSG00000221978	1	1321091	1334708	Homo sapiens	P130_Chicas_senescent_shRb	20385362	PROTEIN BINDING ASSAY::CHROMATIN IMMUNOPRECIPITATION (CHIP)
TF0001055	ENST00000379935	RBL2_HUMAN	GS0098383	ENSG00000242485	1	1337288	1342693	Homo sapiens	P130_Chicas_senescent_shRb	20385362	PROTEIN BINDING ASSAY::CHROMATIN IMMUNOPRECIPITATION (CHIP)
TF0001055	ENST00000379935	RBL2_HUMAN	GS0090491	ENSG00000205116	1	1361556	1363005	Homo sapiens	P130_Chicas_senescent_shRb	20385362	PROTEIN BINDING ASSAY::CHROMATIN IMMUNOPRECIPITATION (CHIP)
TF0001055	ENST00000379935	RBL2_HUMAN	GS0100019	ENSG00000160072	1	1407143	1433228	Homo sapiens	P130_Chicas_senescent_shRb	20385362	PROTEIN BINDING ASSAY::CHROMATIN IMMUNOPRECIPITATION (CHIP)
TF0001055	ENST00000379935	RBL2_HUMAN	GS0092296	ENSG00000197785	1	1447531	1470067	Homo sapiens	P130_Chicas_senescent_shRb	20385362	PROTEIN BINDING ASSAY::CHROMATIN IMMUNOPRECIPITATION (CHIP)
TF0001055	ENST00000379935	RBL2_HUMAN	GS0092296	ENSG00000197785	1	1447531	1470067	Homo sapiens	P130_Chicas_senescent_shRb	20385362	PROTEIN BINDING ASSAY::CHROMATIN IMMUNOPRECIPITATION (CHIP)
TF0001055	ENST00000379935	RBL2_HUMAN	GS0093594	ENSG00000160075	1	1477053	1510249	Homo sapiens	P130_Chicas_senescent_shRb	20385362	PROTEIN BINDING ASSAY::CHROMATIN IMMUNOPRECIPITATION (CHIP)
TF0001055	ENST00000379935	RBL2_HUMAN	GS0093594	ENSG00000160075	1	1477053	1510249	Homo sapiens	P130_Chicas_senescent_shRb	20385362	PROTEIN BINDING ASSAY::CHROMATIN IMMUNOPRECIPITATION (CHIP)
TF0001055	ENST00000379935	RBL2_HUMAN	GS0090476	ENSG00000197530	1	1550795	1565990	Homo sapiens	P130_Chicas_senescent_shRb	20385362	PROTEIN BINDING ASSAY::CHROMATIN IMMUNOPRECIPITATION (CHIP)
TF0001055	ENST00000379935	RBL2_HUMAN	GS0096326	ENSG00000067606	1	1981909	2116834	Homo sapiens	P130_Chicas_senescent_shRb	20385362	PROTEIN BINDING ASSAY::CHROMATIN IMMUNOPRECIPITATION (CHIP)
TF0001055	ENST00000379935	RBL2_HUMAN	GS0096326	ENSG00000067606	1	1981909	2116834	Homo sapiens	P130_Chicas_senescent_shRb	20385362	PROTEIN BINDING ASSAY::CHROMATIN IMMUNOPRECIPITATION (CHIP)
TF0001055	ENST00000379935	RBL2_HUMAN	GS0096326	ENSG00000067606	1	1981909	2116834	Homo sapiens	P130_Chicas_senescent_shRb	20385362	PROTEIN BINDING ASSAY::CHROMATIN IMMUNOPRECIPITATION (CHIP)
TF0001055	ENST00000379935	RBL2_HUMAN	GS0092412	ENSG00000162585	1	2115903	2144159	Homo sapiens	P130_Chicas_senescent_shRb	20385362	PROTEIN BINDING ASSAY::CHROMATIN IMMUNOPRECIPITATION (CHIP)
TF0001055	ENST00000379935	RBL2_HUMAN	GS0092412	ENSG00000162585	1	2115903	2144159	Homo sapiens	P130_Chicas_senescent_shRb	20385362	PROTEIN BINDING ASSAY::CHROMATIN IMMUNOPRECIPITATION (CHIP)
TF0001055	ENST00000379935	RBL2_HUMAN	GS0092412	ENSG00000162585	1	2115903	2144159	Homo sapiens	P130_Chicas_senescent_shRb	20385362	PROTEIN BINDING ASSAY::CHROMATIN IMMUNOPRECIPITATION (CHIP)
TF0001055	ENST00000379935	RBL2_HUMAN	GS0092412	ENSG00000162585	1	2115903	2144159	Homo sapiens	P130_Chicas_senescent_shRb	20385362	PROTEIN BINDING ASSAY::CHROMATIN IMMUNOPRECIPITATION (CHIP)
TF0001055	ENST00000379935	RBL2_HUMAN	GS0100278	ENSG00000157933	1	2160134	2241558	Homo sapiens	P130_Chicas_senescent_shRb	20385362	PROTEIN BINDING ASSAY::CHROMATIN IMMUNOPRECIPITATION (CHIP)
TF0001055	ENST00000379935	RBL2_HUMAN	GS0100278	ENSG00000157933	1	2160134	2241558	Homo sapiens	P130_Chicas_senescent_shRb	20385362	PROTEIN BINDING ASSAY::CHROMATIN IMMUNOPRECIPITATION (CHIP)
TF0001055	ENST00000379935	RBL2_HUMAN	GS0100278	ENSG00000157933	1	2160134	2241558	Homo sapiens	P130_Chicas_senescent_shRb	20385362	PROTEIN BINDING ASSAY::CHROMATIN IMMUNOPRECIPITATION (CHIP)
TF0001055	ENST00000379935	RBL2_HUMAN	GS0100278	ENSG00000157933	1	2160134	2241558	Homo sapiens	P130_Chicas_senescent_shRb	20385362	PROTEIN BINDING ASSAY::CHROMATIN IMMUNOPRECIPITATION (CHIP)
TF0001055	ENST00000379935	RBL2_HUMAN	GS0090254	ENSG00000116151	1	2252692	2356219	Homo sapiens	P130_Chicas_senescent_shRb	20385362	PROTEIN BINDING ASSAY::CHROMATIN IMMUNOPRECIPITATION (CHIP)
TF0001055	ENST00000379935	RBL2_HUMAN	GS0090254	ENSG00000116151	1	2252692	2356219	Homo sapiens	P130_Chicas_senescent_shRb	20385362	PROTEIN BINDING ASSAY::CHROMATIN IMMUNOPRECIPITATION (CHIP)
TF0001055	ENST00000379935	RBL2_HUMAN	GS0095810	ENSG00000157911	1	2336236	2345236	Homo sapiens	P130_Chicas_senescent_shRb	20385362	PROTEIN BINDING ASSAY::CHROMATIN IMMUNOPRECIPITATION (CHIP)
TF0001055	ENST00000379935	RBL2_HUMAN	GS0099584	ENSG00000157881	1	2439972	2458039	Homo sapiens	P130_Chicas_senescent_shRb	20385362	PROTEIN BINDING ASSAY::CHROMATIN IMMUNOPRECIPITATION (CHIP)
TF0001055	ENST00000379935	RBL2_HUMAN	GS0099584	ENSG00000157881	1	2439972	2458039	Homo sapiens	P130_Chicas_senescent_shRb	20385362	PROTEIN BINDING ASSAY::CHROMATIN IMMUNOPRECIPITATION (CHIP)
TF0001055	ENST00000379935	RBL2_HUMAN	GS0100180	ENSG00000157873	1	2487078	2497061	Homo sapiens	P130_Chicas_senescent_shRb	20385362	PROTEIN BINDING ASSAY::CHROMATIN IMMUNOPRECIPITATION (CHIP)
TF0001055	ENST00000379935	RBL2_HUMAN	GS0096286	ENSG00000157870	1	2517930	2522908	Homo sapiens	P130_Chicas_senescent_shRb	20385362	PROTEIN BINDING ASSAY::CHROMATIN IMMUNOPRECIPITATION (CHIP)
TF0001055	ENST00000379935	RBL2_HUMAN	GS0096286	ENSG00000157870	1	2517930	2522908	Homo sapiens	P130_Chicas_senescent_shRb	20385362	PROTEIN BINDING ASSAY::CHROMATIN IMMUNOPRECIPITATION (CHIP)
TF0001055	ENST00000379935	RBL2_HUMAN	GS0096286	ENSG00000157870	1	2517930	2522908	Homo sapiens	P130_Chicas_senescent_shRb	20385362	PROTEIN BINDING ASSAY::CHROMATIN IMMUNOPRECIPITATION (CHIP)
TF0001055	ENST00000379935	RBL2_HUMAN	GS0096063	ENSG00000142611	1	2985732	3355185	Homo sapiens	P130_Chicas_senescent_shRb	20385362	PROTEIN BINDING ASSAY::CHROMATIN IMMUNOPRECIPITATION (CHIP)
TF0001055	ENST00000379935	RBL2_HUMAN	GS0096063	ENSG00000142611	1	2985732	3355185	Homo sapiens	P130_Chicas_senescent_shRb	20385362	PROTEIN BINDING ASSAY::CHROMATIN IMMUNOPRECIPITATION (CHIP)
TF0001055	ENST00000379935	RBL2_HUMAN	GS0091365	ENSG00000130762	1	3370990	3397677	Homo sapiens	P130_Chicas_senescent_shRb	20385362	PROTEIN BINDING ASSAY::CHROMATIN IMMUNOPRECIPITATION (CHIP)
TF0001055	ENST00000379935	RBL2_HUMAN	GS0093006	ENSG00000227372	1	3652548	3663900	Homo sapiens	P130_Chicas_senescent_shRb	20385362	PROTEIN BINDING ASSAY::CHROMATIN IMMUNOPRECIPITATION (CHIP)
TF0001055	ENST00000379935	RBL2_HUMAN	GS0091734	ENSG00000116198	1	3728645	3773778	Homo sapiens	P130_Chicas_senescent_shRb	20385362	PROTEIN BINDING ASSAY::CHROMATIN IMMUNOPRECIPITATION (CHIP)
TF0001055	ENST00000379935	RBL2_HUMAN	GS0090230	ENSG00000198912	1	3805689	3816857	Homo sapiens	P130_Chicas_senescent_shRb	20385362	PROTEIN BINDING ASSAY::CHROMATIN IMMUNOPRECIPITATION (CHIP)
TF0001055	ENST00000379935	RBL2_HUMAN	GS0098759	ENSG00000069424	1	6051526	6161253	Homo sapiens	P130_Chicas_senescent_shRb	20385362	PROTEIN BINDING ASSAY::CHROMATIN IMMUNOPRECIPITATION (CHIP)
TF0001055	ENST00000379935	RBL2_HUMAN	GS0098759	ENSG00000069424	1	6051526	6161253	Homo sapiens	P130_Chicas_senescent_shRb	20385362	PROTEIN BINDING ASSAY::CHROMATIN IMMUNOPRECIPITATION (CHIP)
TF0001055	ENST00000379935	RBL2_HUMAN	GS0100031	ENSG00000116251	1	6241329	6269449	Homo sapiens	P130_Chicas_senescent_shRb	20385362	PROTEIN BINDING ASSAY::CHROMATIN IMMUNOPRECIPITATION (CHIP)
TF0001055	ENST00000379935	RBL2_HUMAN	GS0100092	ENSG00000158286	1	6265535	6281359	Homo sapiens	P130_Chicas_senescent_shRb	20385362	PROTEIN BINDING ASSAY::CHROMATIN IMMUNOPRECIPITATION (CHIP)
TF0001055	ENST00000379935	RBL2_HUMAN	GS0095821	ENSG00000225077	1	6296300	6299504	Homo sapiens	P130_Chicas_senescent_shRb	20385362	PROTEIN BINDING ASSAY::CHROMATIN IMMUNOPRECIPITATION (CHIP)
TF0001055	ENST00000379935	RBL2_HUMAN	GS0099010	ENSG00000158292	1	6307406	6321035	Homo sapiens	P130_Chicas_senescent_shRb	20385362	PROTEIN BINDING ASSAY::CHROMATIN IMMUNOPRECIPITATION (CHIP)
TF0001055	ENST00000379935	RBL2_HUMAN	GS0095885	ENSG00000097021	1	6324333	6454451	Homo sapiens	P130_Chicas_senescent_shRb	20385362	PROTEIN BINDING ASSAY::CHROMATIN IMMUNOPRECIPITATION (CHIP)
TF0001055	ENST00000379935	RBL2_HUMAN	GS0095885	ENSG00000097021	1	6324333	6454451	Homo sapiens	P130_Chicas_senescent_shRb	20385362	PROTEIN BINDING ASSAY::CHROMATIN IMMUNOPRECIPITATION (CHIP)
TF0001055	ENST00000379935	RBL2_HUMAN	GS0095885	ENSG00000097021	1	6324333	6454451	Homo sapiens	P130_Chicas_senescent_shRb	20385362	PROTEIN BINDING ASSAY::CHROMATIN IMMUNOPRECIPITATION (CHIP)
TF0001055	ENST00000379935	RBL2_HUMAN	GS0098515	ENSG00000162408	1	6581407	6614595	Homo sapiens	P130_Chicas_senescent_shRb	20385362	PROTEIN BINDING ASSAY::CHROMATIN IMMUNOPRECIPITATION (CHIP)
TF0001055	ENST00000379935	RBL2_HUMAN	GS0098311	ENSG00000173662	1	6615241	6639817	Homo sapiens	P130_Chicas_senescent_shRb	20385362	PROTEIN BINDING ASSAY::CHROMATIN IMMUNOPRECIPITATION (CHIP)
TF0001055	ENST00000379935	RBL2_HUMAN	GS0093062	ENSG00000204859	1	6640061	6649340	Homo sapiens	P130_Chicas_senescent_shRb	20385362	PROTEIN BINDING ASSAY::CHROMATIN IMMUNOPRECIPITATION (CHIP)
TF0001055	ENST00000379935	RBL2_HUMAN	GS0093451	ENSG00000162413	1	6650784	6674667	Homo sapiens	P130_Chicas_senescent_shRb	20385362	PROTEIN BINDING ASSAY::CHROMATIN IMMUNOPRECIPITATION (CHIP)
TF0001055	ENST00000379935	RBL2_HUMAN	GS0093451	ENSG00000162413	1	6650784	6674667	Homo sapiens	P130_Chicas_senescent_shRb	20385362	PROTEIN BINDING ASSAY::CHROMATIN IMMUNOPRECIPITATION (CHIP)
TF0001055	ENST00000379935	RBL2_HUMAN	GS0093451	ENSG00000162413	1	6650784	6674667	Homo sapiens	P130_Chicas_senescent_shRb	20385362	PROTEIN BINDING ASSAY::CHROMATIN IMMUNOPRECIPITATION (CHIP)
TF0001055	ENST00000379935	RBL2_HUMAN	GS0093451	ENSG00000162413	1	6650784	6674667	Homo sapiens	P130_Chicas_senescent_shRb	20385362	PROTEIN BINDING ASSAY::CHROMATIN IMMUNOPRECIPITATION (CHIP)
TF0001055	ENST00000379935	RBL2_HUMAN	GS0093451	ENSG00000162413	1	6650784	6674667	Homo sapiens	P130_Chicas_senescent_shRb	20385362	PROTEIN BINDING ASSAY::CHROMATIN IMMUNOPRECIPITATION (CHIP)
TF0001055	ENST00000379935	RBL2_HUMAN	GS0093451	ENSG00000162413	1	6650784	6674667	Homo sapiens	P130_Chicas_senescent_shRb	20385362	PROTEIN BINDING ASSAY::CHROMATIN IMMUNOPRECIPITATION (CHIP)
TF0001055	ENST00000379935	RBL2_HUMAN	GS0097460	ENSG00000116273	1	6673745	6684093	Homo sapiens	P130_Chicas_senescent_shRb	20385362	PROTEIN BINDING ASSAY::CHROMATIN IMMUNOPRECIPITATION (CHIP)
TF0001055	ENST00000379935	RBL2_HUMAN	GS0094338	ENSG00000007923	1	6694228	6761984	Homo sapiens	P130_Chicas_senescent_shRb	20385362	PROTEIN BINDING ASSAY::CHROMATIN IMMUNOPRECIPITATION (CHIP)
TF0001055	ENST00000379935	RBL2_HUMAN	GS0090357	ENSG00000171735	1	6845384	7829764	Homo sapiens	P130_Chicas_senescent_shRb	20385362	PROTEIN BINDING ASSAY::CHROMATIN IMMUNOPRECIPITATION (CHIP)
TF0001055	ENST00000379935	RBL2_HUMAN	GS0090357	ENSG00000171735	1	6845384	7829764	Homo sapiens	P130_Chicas_senescent_shRb	20385362	PROTEIN BINDING ASSAY::CHROMATIN IMMUNOPRECIPITATION (CHIP)
TF0001055	ENST00000379935	RBL2_HUMAN	GS0090357	ENSG00000171735	1	6845384	7829764	Homo sapiens	P130_Chicas_senescent_shRb	20385362	PROTEIN BINDING ASSAY::CHROMATIN IMMUNOPRECIPITATION (CHIP)
TF0001055	ENST00000379935	RBL2_HUMAN	GS0090357	ENSG00000171735	1	6845384	7829764	Homo sapiens	P130_Chicas_senescent_shRb	20385362	PROTEIN BINDING ASSAY::CHROMATIN IMMUNOPRECIPITATION (CHIP)
TF0001055	ENST00000379935	RBL2_HUMAN	GS0090357	ENSG00000171735	1	6845384	7829764	Homo sapiens	P130_Chicas_senescent_shRb	20385362	PROTEIN BINDING ASSAY::CHROMATIN IMMUNOPRECIPITATION (CHIP)
TF0001055	ENST00000379935	RBL2_HUMAN	GS0090357	ENSG00000171735	1	6845384	7829764	Homo sapiens	P130_Chicas_senescent_shRb	20385362	PROTEIN BINDING ASSAY::CHROMATIN IMMUNOPRECIPITATION (CHIP)
TF0001055	ENST00000379935	RBL2_HUMAN	GS0099679	ENSG00000116288	1	8014351	8045565	Homo sapiens	P130_Chicas_senescent_shRb	20385362	PROTEIN BINDING ASSAY::CHROMATIN IMMUNOPRECIPITATION (CHIP)
TF0001055	ENST00000379935	RBL2_HUMAN	GS0090813	ENSG00000116285	1	8064464	8086368	Homo sapiens	P130_Chicas_senescent_shRb	20385362	PROTEIN BINDING ASSAY::CHROMATIN IMMUNOPRECIPITATION (CHIP)
TF0001055	ENST00000379935	RBL2_HUMAN	GS0090813	ENSG00000116285	1	8064464	8086368	Homo sapiens	P130_Chicas_senescent_shRb	20385362	PROTEIN BINDING ASSAY::CHROMATIN IMMUNOPRECIPITATION (CHIP)
TF0001055	ENST00000379935	RBL2_HUMAN	GS0090813	ENSG00000116285	1	8064464	8086368	Homo sapiens	P130_Chicas_senescent_shRb	20385362	PROTEIN BINDING ASSAY::CHROMATIN IMMUNOPRECIPITATION (CHIP)
TF0001055	ENST00000379935	RBL2_HUMAN	GS0090813	ENSG00000116285	1	8064464	8086368	Homo sapiens	P130_Chicas_senescent_shRb	20385362	PROTEIN BINDING ASSAY::CHROMATIN IMMUNOPRECIPITATION (CHIP)
TF0001055	ENST00000379935	RBL2_HUMAN	GS0092764	ENSG00000200975	1	8266494	8266657	Homo sapiens	P130_Chicas_senescent_shRb	20385362	PROTEIN BINDING ASSAY::CHROMATIN IMMUNOPRECIPITATION (CHIP)
TF0001055	ENST00000379935	RBL2_HUMAN	GS0092764	ENSG00000200975	1	8266494	8266657	Homo sapiens	P130_Chicas_senescent_shRb	20385362	PROTEIN BINDING ASSAY::CHROMATIN IMMUNOPRECIPITATION (CHIP)
TF0001055	ENST00000379935	RBL2_HUMAN	GS0093767	ENSG00000162426	1	8377886	8404227	Homo sapiens	P130_Chicas_senescent_shRb	20385362	PROTEIN BINDING ASSAY::CHROMATIN IMMUNOPRECIPITATION (CHIP)
TF0001055	ENST00000379935	RBL2_HUMAN	GS0092079	ENSG00000142599	1	8412457	8877702	Homo sapiens	P130_Chicas_senescent_shRb	20385362	PROTEIN BINDING ASSAY::CHROMATIN IMMUNOPRECIPITATION (CHIP)
TF0001055	ENST00000379935	RBL2_HUMAN	GS0092079	ENSG00000142599	1	8412457	8877702	Homo sapiens	P130_Chicas_senescent_shRb	20385362	PROTEIN BINDING ASSAY::CHROMATIN IMMUNOPRECIPITATION (CHIP)
TF0001055	ENST00000379935	RBL2_HUMAN	GS0098966	ENSG00000074800	1	8921061	8939308	Homo sapiens	P130_Chicas_senescent_shRb	20385362	PROTEIN BINDING ASSAY::CHROMATIN IMMUNOPRECIPITATION (CHIP)
TF0001055	ENST00000379935	RBL2_HUMAN	GS0098966	ENSG00000074800	1	8921061	8939308	Homo sapiens	P130_Chicas_senescent_shRb	20385362	PROTEIN BINDING ASSAY::CHROMATIN IMMUNOPRECIPITATION (CHIP)
TF0001055	ENST00000379935	RBL2_HUMAN	GS0093520	ENSG00000207865	1	9211727	9211836	Homo sapiens	P130_Chicas_senescent_shRb	20385362	PROTEIN BINDING ASSAY::CHROMATIN IMMUNOPRECIPITATION (CHIP)
TF0001055	ENST00000379935	RBL2_HUMAN	GS0093520	ENSG00000207865	1	9211727	9211836	Homo sapiens	P130_Chicas_senescent_shRb	20385362	PROTEIN BINDING ASSAY::CHROMATIN IMMUNOPRECIPITATION (CHIP)
TF0001055	ENST00000379935	RBL2_HUMAN	GS0096365	ENSG00000049239	1	9294863	9331396	Homo sapiens	P130_Chicas_senescent_shRb	20385362	PROTEIN BINDING ASSAY::CHROMATIN IMMUNOPRECIPITATION (CHIP)
TF0001055	ENST00000379935	RBL2_HUMAN	GS0096365	ENSG00000049239	1	9294863	9331396	Homo sapiens	P130_Chicas_senescent_shRb	20385362	PROTEIN BINDING ASSAY::CHROMATIN IMMUNOPRECIPITATION (CHIP)
TF0001055	ENST00000379935	RBL2_HUMAN	GS0096365	ENSG00000049239	1	9294863	9331396	Homo sapiens	P130_Chicas_senescent_shRb	20385362	PROTEIN BINDING ASSAY::CHROMATIN IMMUNOPRECIPITATION (CHIP)
TF0001055	ENST00000379935	RBL2_HUMAN	GS0096365	ENSG00000049239	1	9294863	9331396	Homo sapiens	P130_Chicas_senescent_shRb	20385362	PROTEIN BINDING ASSAY::CHROMATIN IMMUNOPRECIPITATION (CHIP)
TF0001055	ENST00000379935	RBL2_HUMAN	GS0096365	ENSG00000049239	1	9294863	9331396	Homo sapiens	P130_Chicas_senescent_shRb	20385362	PROTEIN BINDING ASSAY::CHROMATIN IMMUNOPRECIPITATION (CHIP)
TF0001055	ENST00000379935	RBL2_HUMAN	GS0096365	ENSG00000049239	1	9294863	9331396	Homo sapiens	P130_Chicas_senescent_shRb	20385362	PROTEIN BINDING ASSAY::CHROMATIN IMMUNOPRECIPITATION (CHIP)
TF0001055	ENST00000379935	RBL2_HUMAN	GS0095927	ENSG00000171621	1	9352939	9429591	Homo sapiens	P130_Chicas_senescent_shRb	20385362	PROTEIN BINDING ASSAY::CHROMATIN IMMUNOPRECIPITATION (CHIP)
TF0001055	ENST00000379935	RBL2_HUMAN	GS0095927	ENSG00000171621	1	9352939	9429591	Homo sapiens	P130_Chicas_senescent_shRb	20385362	PROTEIN BINDING ASSAY::CHROMATIN IMMUNOPRECIPITATION (CHIP)
TF0001055	ENST00000379935	RBL2_HUMAN	GS0095927	ENSG00000171621	1	9352939	9429591	Homo sapiens	P130_Chicas_senescent_shRb	20385362	PROTEIN BINDING ASSAY::CHROMATIN IMMUNOPRECIPITATION (CHIP)
TF0001055	ENST00000379935	RBL2_HUMAN	GS0095927	ENSG00000171621	1	9352939	9429591	Homo sapiens	P130_Chicas_senescent_shRb	20385362	PROTEIN BINDING ASSAY::CHROMATIN IMMUNOPRECIPITATION (CHIP)
TF0001055	ENST00000379935	RBL2_HUMAN	GS0090489	ENSG00000252956	1	9497728	9497837	Homo sapiens	P130_Chicas_senescent_shRb	20385362	PROTEIN BINDING ASSAY::CHROMATIN IMMUNOPRECIPITATION (CHIP)
TF0001055	ENST00000379935	RBL2_HUMAN	GS0090489	ENSG00000252956	1	9497728	9497837	Homo sapiens	P130_Chicas_senescent_shRb	20385362	PROTEIN BINDING ASSAY::CHROMATIN IMMUNOPRECIPITATION (CHIP)
TF0001055	ENST00000379935	RBL2_HUMAN	GS0093837	ENSG00000171612	1	9599541	9642831	Homo sapiens	P130_Chicas_senescent_shRb	20385362	PROTEIN BINDING ASSAY::CHROMATIN IMMUNOPRECIPITATION (CHIP)
TF0001055	ENST00000379935	RBL2_HUMAN	GS0100373	ENSG00000171603	1	9789084	9884584	Homo sapiens	P130_Chicas_senescent_shRb	20385362	PROTEIN BINDING ASSAY::CHROMATIN IMMUNOPRECIPITATION (CHIP)
TF0001055	ENST00000379935	RBL2_HUMAN	GS0090318	ENSG00000162441	1	9982171	10003465	Homo sapiens	P130_Chicas_senescent_shRb	20385362	PROTEIN BINDING ASSAY::CHROMATIN IMMUNOPRECIPITATION (CHIP)
TF0001055	ENST00000379935	RBL2_HUMAN	GS0093539	ENSG00000130939	1	10092890	10241297	Homo sapiens	P130_Chicas_senescent_shRb	20385362	PROTEIN BINDING ASSAY::CHROMATIN IMMUNOPRECIPITATION (CHIP)
TF0001055	ENST00000379935	RBL2_HUMAN	GS0089852	ENSG00000054523	1	10270764	10441661	Homo sapiens	P130_Chicas_senescent_shRb	20385362	PROTEIN BINDING ASSAY::CHROMATIN IMMUNOPRECIPITATION (CHIP)
TF0001055	ENST00000379935	RBL2_HUMAN	GS0089852	ENSG00000054523	1	10270764	10441661	Homo sapiens	P130_Chicas_senescent_shRb	20385362	PROTEIN BINDING ASSAY::CHROMATIN IMMUNOPRECIPITATION (CHIP)
TF0001055	ENST00000379935	RBL2_HUMAN	GS0089852	ENSG00000054523	1	10270764	10441661	Homo sapiens	P130_Chicas_senescent_shRb	20385362	PROTEIN BINDING ASSAY::CHROMATIN IMMUNOPRECIPITATION (CHIP)
TF0001055	ENST00000379935	RBL2_HUMAN	GS0089852	ENSG00000054523	1	10270764	10441661	Homo sapiens	P130_Chicas_senescent_shRb	20385362	PROTEIN BINDING ASSAY::CHROMATIN IMMUNOPRECIPITATION (CHIP)
TF0001055	ENST00000379935	RBL2_HUMAN	GS0096696	ENSG00000142657	1	10458649	10480233	Homo sapiens	P130_Chicas_senescent_shRb	20385362	PROTEIN BINDING ASSAY::CHROMATIN IMMUNOPRECIPITATION (CHIP)
TF0001055	ENST00000379935	RBL2_HUMAN	GS0096696	ENSG00000142657	1	10458649	10480233	Homo sapiens	P130_Chicas_senescent_shRb	20385362	PROTEIN BINDING ASSAY::CHROMATIN IMMUNOPRECIPITATION (CHIP)
TF0001055	ENST00000379935	RBL2_HUMAN	GS0091899	ENSG00000175279	1	10490500	10502766	Homo sapiens	P130_Chicas_senescent_shRb	20385362	PROTEIN BINDING ASSAY::CHROMATIN IMMUNOPRECIPITATION (CHIP)
TF0001055	ENST00000379935	RBL2_HUMAN	GS0091899	ENSG00000175279	1	10490500	10502766	Homo sapiens	P130_Chicas_senescent_shRb	20385362	PROTEIN BINDING ASSAY::CHROMATIN IMMUNOPRECIPITATION (CHIP)
TF0001055	ENST00000379935	RBL2_HUMAN	GS0094057	ENSG00000142655	1	10532345	10690815	Homo sapiens	P130_Chicas_senescent_shRb	20385362	PROTEIN BINDING ASSAY::CHROMATIN IMMUNOPRECIPITATION (CHIP)
TF0001055	ENST00000379935	RBL2_HUMAN	GS0095057	ENSG00000120948	1	11072414	11085796	Homo sapiens	P130_Chicas_senescent_shRb	20385362	PROTEIN BINDING ASSAY::CHROMATIN IMMUNOPRECIPITATION (CHIP)
TF0001055	ENST00000379935	RBL2_HUMAN	GS0089931	ENSG00000171824	1	11126675	11159938	Homo sapiens	P130_Chicas_senescent_shRb	20385362	PROTEIN BINDING ASSAY::CHROMATIN IMMUNOPRECIPITATION (CHIP)
TF0001055	ENST00000379935	RBL2_HUMAN	GS0098501	ENSG00000198793	1	11166592	11322608	Homo sapiens	P130_Chicas_senescent_shRb	20385362	PROTEIN BINDING ASSAY::CHROMATIN IMMUNOPRECIPITATION (CHIP)
TF0001055	ENST00000379935	RBL2_HUMAN	GS0094075	ENSG00000120942	1	11333263	11356106	Homo sapiens	P130_Chicas_senescent_shRb	20385362	PROTEIN BINDING ASSAY::CHROMATIN IMMUNOPRECIPITATION (CHIP)
TF0001055	ENST00000379935	RBL2_HUMAN	GS0099392	ENSG00000204624	1	11539223	11597641	Homo sapiens	P130_Chicas_senescent_shRb	20385362	PROTEIN BINDING ASSAY::CHROMATIN IMMUNOPRECIPITATION (CHIP)
TF0001055	ENST00000379935	RBL2_HUMAN	GS0090347	ENSG00000116670	1	11734538	11751707	Homo sapiens	P130_Chicas_senescent_shRb	20385362	PROTEIN BINDING ASSAY::CHROMATIN IMMUNOPRECIPITATION (CHIP)
TF0001055	ENST00000379935	RBL2_HUMAN	GS0092866	ENSG00000177674	1	11796141	11814859	Homo sapiens	P130_Chicas_senescent_shRb	20385362	PROTEIN BINDING ASSAY::CHROMATIN IMMUNOPRECIPITATION (CHIP)
TF0001055	ENST00000379935	RBL2_HUMAN	GS0094198	ENSG00000177000	1	11845780	11866977	Homo sapiens	P130_Chicas_senescent_shRb	20385362	PROTEIN BINDING ASSAY::CHROMATIN IMMUNOPRECIPITATION (CHIP)
TF0001055	ENST00000379935	RBL2_HUMAN	GS0094198	ENSG00000177000	1	11845780	11866977	Homo sapiens	P130_Chicas_senescent_shRb	20385362	PROTEIN BINDING ASSAY::CHROMATIN IMMUNOPRECIPITATION (CHIP)
TF0001055	ENST00000379935	RBL2_HUMAN	GS0094198	ENSG00000177000	1	11845780	11866977	Homo sapiens	P130_Chicas_senescent_shRb	20385362	PROTEIN BINDING ASSAY::CHROMATIN IMMUNOPRECIPITATION (CHIP)
TF0001055	ENST00000379935	RBL2_HUMAN	GS0094198	ENSG00000177000	1	11845780	11866977	Homo sapiens	P130_Chicas_senescent_shRb	20385362	PROTEIN BINDING ASSAY::CHROMATIN IMMUNOPRECIPITATION (CHIP)
TF0001055	ENST00000379935	RBL2_HUMAN	GS0093349	ENSG00000201801	1	11969865	11969984	Homo sapiens	P130_Chicas_senescent_shRb	20385362	PROTEIN BINDING ASSAY::CHROMATIN IMMUNOPRECIPITATION (CHIP)
TF0001055	ENST00000379935	RBL2_HUMAN	GS0094301	ENSG00000116688	1	12040238	12073571	Homo sapiens	P130_Chicas_senescent_shRb	20385362	PROTEIN BINDING ASSAY::CHROMATIN IMMUNOPRECIPITATION (CHIP)
TF0001055	ENST00000379935	RBL2_HUMAN	GS0094301	ENSG00000116688	1	12040238	12073571	Homo sapiens	P130_Chicas_senescent_shRb	20385362	PROTEIN BINDING ASSAY::CHROMATIN IMMUNOPRECIPITATION (CHIP)
TF0001055	ENST00000379935	RBL2_HUMAN	GS0094911	ENSG00000116691	1	12079523	12092102	Homo sapiens	P130_Chicas_senescent_shRb	20385362	PROTEIN BINDING ASSAY::CHROMATIN IMMUNOPRECIPITATION (CHIP)
TF0001055	ENST00000379935	RBL2_HUMAN	GS0099635	ENSG00000120949	1	12123434	12204264	Homo sapiens	P130_Chicas_senescent_shRb	20385362	PROTEIN BINDING ASSAY::CHROMATIN IMMUNOPRECIPITATION (CHIP)
TF0001055	ENST00000379935	RBL2_HUMAN	GS0099635	ENSG00000120949	1	12123434	12204264	Homo sapiens	P130_Chicas_senescent_shRb	20385362	PROTEIN BINDING ASSAY::CHROMATIN IMMUNOPRECIPITATION (CHIP)
TF0001055	ENST00000379935	RBL2_HUMAN	GS0098756	ENSG00000028137	1	12227060	12269285	Homo sapiens	P130_Chicas_senescent_shRb	20385362	PROTEIN BINDING ASSAY::CHROMATIN IMMUNOPRECIPITATION (CHIP)
TF0001055	ENST00000379935	RBL2_HUMAN	GS0098756	ENSG00000028137	1	12227060	12269285	Homo sapiens	P130_Chicas_senescent_shRb	20385362	PROTEIN BINDING ASSAY::CHROMATIN IMMUNOPRECIPITATION (CHIP)
TF0001055	ENST00000379935	RBL2_HUMAN	GS0098756	ENSG00000028137	1	12227060	12269285	Homo sapiens	P130_Chicas_senescent_shRb	20385362	PROTEIN BINDING ASSAY::CHROMATIN IMMUNOPRECIPITATION (CHIP)
TF0001055	ENST00000379935	RBL2_HUMAN	GS0091396	ENSG00000048707	1	12290124	12572099	Homo sapiens	P130_Chicas_senescent_shRb	20385362	PROTEIN BINDING ASSAY::CHROMATIN IMMUNOPRECIPITATION (CHIP)
TF0001055	ENST00000379935	RBL2_HUMAN	GS0096852	ENSG00000162496	1	12627939	12677737	Homo sapiens	P130_Chicas_senescent_shRb	20385362	PROTEIN BINDING ASSAY::CHROMATIN IMMUNOPRECIPITATION (CHIP)
TF0001055	ENST00000379935	RBL2_HUMAN	GS0096852	ENSG00000162496	1	12627939	12677737	Homo sapiens	P130_Chicas_senescent_shRb	20385362	PROTEIN BINDING ASSAY::CHROMATIN IMMUNOPRECIPITATION (CHIP)
TF0001055	ENST00000379935	RBL2_HUMAN	GS0091367	ENSG00000204518	1	12704566	12727097	Homo sapiens	P130_Chicas_senescent_shRb	20385362	PROTEIN BINDING ASSAY::CHROMATIN IMMUNOPRECIPITATION (CHIP)
TF0001055	ENST00000379935	RBL2_HUMAN	GS0098461	ENSG00000116731	1	14026693	14151560	Homo sapiens	P130_Chicas_senescent_shRb	20385362	PROTEIN BINDING ASSAY::CHROMATIN IMMUNOPRECIPITATION (CHIP)
TF0001055	ENST00000379935	RBL2_HUMAN	GS0089888	ENSG00000218328	1	14219052	14507087	Homo sapiens	P130_Chicas_senescent_shRb	20385362	PROTEIN BINDING ASSAY::CHROMATIN IMMUNOPRECIPITATION (CHIP)
TF0001055	ENST00000379935	RBL2_HUMAN	GS0095764	ENSG00000175147	1	15442448	15478960	Homo sapiens	P130_Chicas_senescent_shRb	20385362	PROTEIN BINDING ASSAY::CHROMATIN IMMUNOPRECIPITATION (CHIP)
TF0001055	ENST00000379935	RBL2_HUMAN	GS0095764	ENSG00000175147	1	15442448	15478960	Homo sapiens	P130_Chicas_senescent_shRb	20385362	PROTEIN BINDING ASSAY::CHROMATIN IMMUNOPRECIPITATION (CHIP)
TF0001055	ENST00000379935	RBL2_HUMAN	GS0095764	ENSG00000175147	1	15442448	15478960	Homo sapiens	P130_Chicas_senescent_shRb	20385362	PROTEIN BINDING ASSAY::CHROMATIN IMMUNOPRECIPITATION (CHIP)
TF0001055	ENST00000379935	RBL2_HUMAN	GS0099013	ENSG00000171729	1	15479028	15546974	Homo sapiens	P130_Chicas_senescent_shRb	20385362	PROTEIN BINDING ASSAY::CHROMATIN IMMUNOPRECIPITATION (CHIP)
TF0001055	ENST00000379935	RBL2_HUMAN	GS0099013	ENSG00000171729	1	15479028	15546974	Homo sapiens	P130_Chicas_senescent_shRb	20385362	PROTEIN BINDING ASSAY::CHROMATIN IMMUNOPRECIPITATION (CHIP)
TF0001055	ENST00000379935	RBL2_HUMAN	GS0097666	ENSG00000142621	1	15573768	15726858	Homo sapiens	P130_Chicas_senescent_shRb	20385362	PROTEIN BINDING ASSAY::CHROMATIN IMMUNOPRECIPITATION (CHIP)
TF0001055	ENST00000379935	RBL2_HUMAN	GS0093590	ENSG00000132906	1	15817327	15853029	Homo sapiens	P130_Chicas_senescent_shRb	20385362	PROTEIN BINDING ASSAY::CHROMATIN IMMUNOPRECIPITATION (CHIP)
TF0001055	ENST00000379935	RBL2_HUMAN	GS0093590	ENSG00000132906	1	15817327	15853029	Homo sapiens	P130_Chicas_senescent_shRb	20385362	PROTEIN BINDING ASSAY::CHROMATIN IMMUNOPRECIPITATION (CHIP)
TF0001055	ENST00000379935	RBL2_HUMAN	GS0091155	ENSG00000252417	1	15934573	15934640	Homo sapiens	P130_Chicas_senescent_shRb	20385362	PROTEIN BINDING ASSAY::CHROMATIN IMMUNOPRECIPITATION (CHIP)
TF0001055	ENST00000379935	RBL2_HUMAN	GS0090310	ENSG00000197312	1	15943995	15995539	Homo sapiens	P130_Chicas_senescent_shRb	20385362	PROTEIN BINDING ASSAY::CHROMATIN IMMUNOPRECIPITATION (CHIP)
TF0001055	ENST00000379935	RBL2_HUMAN	GS0090499	ENSG00000162458	1	16083102	16113089	Homo sapiens	P130_Chicas_senescent_shRb	20385362	PROTEIN BINDING ASSAY::CHROMATIN IMMUNOPRECIPITATION (CHIP)
TF0001055	ENST00000379935	RBL2_HUMAN	GS0100380	ENSG00000065526	1	16174359	16266955	Homo sapiens	P130_Chicas_senescent_shRb	20385362	PROTEIN BINDING ASSAY::CHROMATIN IMMUNOPRECIPITATION (CHIP)
TF0001055	ENST00000379935	RBL2_HUMAN	GS0100380	ENSG00000065526	1	16174359	16266955	Homo sapiens	P130_Chicas_senescent_shRb	20385362	PROTEIN BINDING ASSAY::CHROMATIN IMMUNOPRECIPITATION (CHIP)
TF0001055	ENST00000379935	RBL2_HUMAN	GS0100380	ENSG00000065526	1	16174359	16266955	Homo sapiens	P130_Chicas_senescent_shRb	20385362	PROTEIN BINDING ASSAY::CHROMATIN IMMUNOPRECIPITATION (CHIP)
TF0001055	ENST00000379935	RBL2_HUMAN	GS0090442	ENSG00000116809	1	16268364	16302627	Homo sapiens	P130_Chicas_senescent_shRb	20385362	PROTEIN BINDING ASSAY::CHROMATIN IMMUNOPRECIPITATION (CHIP)
TF0001055	ENST00000379935	RBL2_HUMAN	GS0093728	ENSG00000173641	1	16340523	16346089	Homo sapiens	P130_Chicas_senescent_shRb	20385362	PROTEIN BINDING ASSAY::CHROMATIN IMMUNOPRECIPITATION (CHIP)
TF0001055	ENST00000379935	RBL2_HUMAN	GS0091732	ENSG00000142627	1	16450832	16482582	Homo sapiens	P130_Chicas_senescent_shRb	20385362	PROTEIN BINDING ASSAY::CHROMATIN IMMUNOPRECIPITATION (CHIP)
TF0001055	ENST00000379935	RBL2_HUMAN	GS0094418	ENSG00000142632	1	16524349	16539140	Homo sapiens	P130_Chicas_senescent_shRb	20385362	PROTEIN BINDING ASSAY::CHROMATIN IMMUNOPRECIPITATION (CHIP)
TF0001055	ENST00000379935	RBL2_HUMAN	GS0094418	ENSG00000142632	1	16524349	16539140	Homo sapiens	P130_Chicas_senescent_shRb	20385362	PROTEIN BINDING ASSAY::CHROMATIN IMMUNOPRECIPITATION (CHIP)
TF0001055	ENST00000379935	RBL2_HUMAN	GS0094418	ENSG00000142632	1	16524349	16539140	Homo sapiens	P130_Chicas_senescent_shRb	20385362	PROTEIN BINDING ASSAY::CHROMATIN IMMUNOPRECIPITATION (CHIP)
TF0001055	ENST00000379935	RBL2_HUMAN	GS0094836	ENSG00000237276	1	16542404	16543823	Homo sapiens	P130_Chicas_senescent_shRb	20385362	PROTEIN BINDING ASSAY::CHROMATIN IMMUNOPRECIPITATION (CHIP)
TF0001055	ENST00000379935	RBL2_HUMAN	GS0095979	ENSG00000037637	1	16573334	16678949	Homo sapiens	P130_Chicas_senescent_shRb	20385362	PROTEIN BINDING ASSAY::CHROMATIN IMMUNOPRECIPITATION (CHIP)
TF0001055	ENST00000379935	RBL2_HUMAN	GS0096006	ENSG00000055070	1	16679070	16724640	Homo sapiens	P130_Chicas_senescent_shRb	20385362	PROTEIN BINDING ASSAY::CHROMATIN IMMUNOPRECIPITATION (CHIP)
TF0001055	ENST00000379935	RBL2_HUMAN	GS0096006	ENSG00000055070	1	16679070	16724640	Homo sapiens	P130_Chicas_senescent_shRb	20385362	PROTEIN BINDING ASSAY::CHROMATIN IMMUNOPRECIPITATION (CHIP)
TF0001055	ENST00000379935	RBL2_HUMAN	GS0097683	ENSG00000187144	1	16713612	16763919	Homo sapiens	P130_Chicas_senescent_shRb	20385362	PROTEIN BINDING ASSAY::CHROMATIN IMMUNOPRECIPITATION (CHIP)
TF0001055	ENST00000379935	RBL2_HUMAN	GS0090889	ENSG00000157191	1	16767167	16786573	Homo sapiens	P130_Chicas_senescent_shRb	20385362	PROTEIN BINDING ASSAY::CHROMATIN IMMUNOPRECIPITATION (CHIP)
TF0001055	ENST00000379935	RBL2_HUMAN	GS0090745	ENSG00000219481	1	16888818	16940083	Homo sapiens	P130_Chicas_senescent_shRb	20385362	PROTEIN BINDING ASSAY::CHROMATIN IMMUNOPRECIPITATION (CHIP)
TF0001055	ENST00000379935	RBL2_HUMAN	GS0089895	ENSG00000058453	1	17222232	17299459	Homo sapiens	P130_Chicas_senescent_shRb	20385362	PROTEIN BINDING ASSAY::CHROMATIN IMMUNOPRECIPITATION (CHIP)
TF0001055	ENST00000379935	RBL2_HUMAN	GS0089895	ENSG00000058453	1	17222232	17299459	Homo sapiens	P130_Chicas_senescent_shRb	20385362	PROTEIN BINDING ASSAY::CHROMATIN IMMUNOPRECIPITATION (CHIP)
TF0001055	ENST00000379935	RBL2_HUMAN	GS0089895	ENSG00000058453	1	17222232	17299459	Homo sapiens	P130_Chicas_senescent_shRb	20385362	PROTEIN BINDING ASSAY::CHROMATIN IMMUNOPRECIPITATION (CHIP)
TF0001055	ENST00000379935	RBL2_HUMAN	GS0089895	ENSG00000058453	1	17222232	17299459	Homo sapiens	P130_Chicas_senescent_shRb	20385362	PROTEIN BINDING ASSAY::CHROMATIN IMMUNOPRECIPITATION (CHIP)
TF0001055	ENST00000379935	RBL2_HUMAN	GS0093161	ENSG00000117122	1	17300997	17307330	Homo sapiens	P130_Chicas_senescent_shRb	20385362	PROTEIN BINDING ASSAY::CHROMATIN IMMUNOPRECIPITATION (CHIP)
TF0001055	ENST00000379935	RBL2_HUMAN	GS0099072	ENSG00000117118	1	17345217	17380665	Homo sapiens	P130_Chicas_senescent_shRb	20385362	PROTEIN BINDING ASSAY::CHROMATIN IMMUNOPRECIPITATION (CHIP)
TF0001055	ENST00000379935	RBL2_HUMAN	GS0099072	ENSG00000117118	1	17345217	17380665	Homo sapiens	P130_Chicas_senescent_shRb	20385362	PROTEIN BINDING ASSAY::CHROMATIN IMMUNOPRECIPITATION (CHIP)
TF0001055	ENST00000379935	RBL2_HUMAN	GS0093759	ENSG00000142623	1	17531621	17572500	Homo sapiens	P130_Chicas_senescent_shRb	20385362	PROTEIN BINDING ASSAY::CHROMATIN IMMUNOPRECIPITATION (CHIP)
TF0001055	ENST00000379935	RBL2_HUMAN	GS0098861	ENSG00000117148	1	18081808	18153558	Homo sapiens	P130_Chicas_senescent_shRb	20385362	PROTEIN BINDING ASSAY::CHROMATIN IMMUNOPRECIPITATION (CHIP)
TF0001055	ENST00000379935	RBL2_HUMAN	GS0097629	ENSG00000159423	1	19197926	19229275	Homo sapiens	P130_Chicas_senescent_shRb	20385362	PROTEIN BINDING ASSAY::CHROMATIN IMMUNOPRECIPITATION (CHIP)
TF0001055	ENST00000379935	RBL2_HUMAN	GS0090754	ENSG00000169991	1	19230774	19283180	Homo sapiens	P130_Chicas_senescent_shRb	20385362	PROTEIN BINDING ASSAY::CHROMATIN IMMUNOPRECIPITATION (CHIP)
TF0001055	ENST00000379935	RBL2_HUMAN	GS0090754	ENSG00000169991	1	19230774	19283180	Homo sapiens	P130_Chicas_senescent_shRb	20385362	PROTEIN BINDING ASSAY::CHROMATIN IMMUNOPRECIPITATION (CHIP)
TF0001055	ENST00000379935	RBL2_HUMAN	GS0090754	ENSG00000169991	1	19230774	19283180	Homo sapiens	P130_Chicas_senescent_shRb	20385362	PROTEIN BINDING ASSAY::CHROMATIN IMMUNOPRECIPITATION (CHIP)
TF0001055	ENST00000379935	RBL2_HUMAN	GS0090754	ENSG00000169991	1	19230774	19283180	Homo sapiens	P130_Chicas_senescent_shRb	20385362	PROTEIN BINDING ASSAY::CHROMATIN IMMUNOPRECIPITATION (CHIP)
TF0001055	ENST00000379935	RBL2_HUMAN	GS0099461	ENSG00000127481	1	19401000	19536770	Homo sapiens	P130_Chicas_senescent_shRb	20385362	PROTEIN BINDING ASSAY::CHROMATIN IMMUNOPRECIPITATION (CHIP)
TF0001055	ENST00000379935	RBL2_HUMAN	GS0099461	ENSG00000127481	1	19401000	19536770	Homo sapiens	P130_Chicas_senescent_shRb	20385362	PROTEIN BINDING ASSAY::CHROMATIN IMMUNOPRECIPITATION (CHIP)
TF0001055	ENST00000379935	RBL2_HUMAN	GS0090626	ENSG00000053372	1	19578033	19586622	Homo sapiens	P130_Chicas_senescent_shRb	20385362	PROTEIN BINDING ASSAY::CHROMATIN IMMUNOPRECIPITATION (CHIP)
TF0001055	ENST00000379935	RBL2_HUMAN	GS0090626	ENSG00000053372	1	19578033	19586622	Homo sapiens	P130_Chicas_senescent_shRb	20385362	PROTEIN BINDING ASSAY::CHROMATIN IMMUNOPRECIPITATION (CHIP)
TF0001055	ENST00000379935	RBL2_HUMAN	GS0095188	ENSG00000053371	1	19630459	19638640	Homo sapiens	P130_Chicas_senescent_shRb	20385362	PROTEIN BINDING ASSAY::CHROMATIN IMMUNOPRECIPITATION (CHIP)
TF0001055	ENST00000379935	RBL2_HUMAN	GS0100328	ENSG00000040487	1	19638820	19655794	Homo sapiens	P130_Chicas_senescent_shRb	20385362	PROTEIN BINDING ASSAY::CHROMATIN IMMUNOPRECIPITATION (CHIP)
TF0001055	ENST00000379935	RBL2_HUMAN	GS0094999	ENSG00000077549	1	19665267	19812066	Homo sapiens	P130_Chicas_senescent_shRb	20385362	PROTEIN BINDING ASSAY::CHROMATIN IMMUNOPRECIPITATION (CHIP)
TF0001055	ENST00000379935	RBL2_HUMAN	GS0094999	ENSG00000077549	1	19665267	19812066	Homo sapiens	P130_Chicas_senescent_shRb	20385362	PROTEIN BINDING ASSAY::CHROMATIN IMMUNOPRECIPITATION (CHIP)
TF0001055	ENST00000379935	RBL2_HUMAN	GS0095142	ENSG00000173436	1	19923477	19956314	Homo sapiens	P130_Chicas_senescent_shRb	20385362	PROTEIN BINDING ASSAY::CHROMATIN IMMUNOPRECIPITATION (CHIP)
TF0001055	ENST00000379935	RBL2_HUMAN	GS0095142	ENSG00000173436	1	19923477	19956314	Homo sapiens	P130_Chicas_senescent_shRb	20385362	PROTEIN BINDING ASSAY::CHROMATIN IMMUNOPRECIPITATION (CHIP)
TF0001055	ENST00000379935	RBL2_HUMAN	GS0090878	ENSG00000162542	1	20008706	20126438	Homo sapiens	P130_Chicas_senescent_shRb	20385362	PROTEIN BINDING ASSAY::CHROMATIN IMMUNOPRECIPITATION (CHIP)
TF0001055	ENST00000379935	RBL2_HUMAN	GS0094289	ENSG00000169914	1	20209006	20239438	Homo sapiens	P130_Chicas_senescent_shRb	20385362	PROTEIN BINDING ASSAY::CHROMATIN IMMUNOPRECIPITATION (CHIP)
TF0001055	ENST00000379935	RBL2_HUMAN	GS0090040	ENSG00000188257	1	20301925	20306932	Homo sapiens	P130_Chicas_senescent_shRb	20385362	PROTEIN BINDING ASSAY::CHROMATIN IMMUNOPRECIPITATION (CHIP)
