TF0001156	ENST00000344626	BRG1_HUMAN	GS0378380	ENSG00000185097	1	621059	622053	Homo sapiens	BRG1_cd36_cui	19505939	PROTEIN BINDING ASSAY::CHROMATIN IMMUNOPRECIPITATION (CHIP)
TF0001156	ENST00000344626	BRG1_HUMAN	GS0389823	ENSG00000187634	1	860260	879955	Homo sapiens	BRG1_cd36_cui	19505939	PROTEIN BINDING ASSAY::CHROMATIN IMMUNOPRECIPITATION (CHIP)
TF0001156	ENST00000344626	BRG1_HUMAN	GS0409391	ENSG00000188157	1	955503	991496	Homo sapiens	BRG1_cd36_cui	19505939	PROTEIN BINDING ASSAY::CHROMATIN IMMUNOPRECIPITATION (CHIP)
TF0001156	ENST00000344626	BRG1_HUMAN	GS0405335	ENSG00000160087	1	1189289	1209265	Homo sapiens	BRG1_cd36_cui	19505939	PROTEIN BINDING ASSAY::CHROMATIN IMMUNOPRECIPITATION (CHIP)
TF0001156	ENST00000344626	BRG1_HUMAN	GS0377010	ENSG00000107404	1	1270656	1284760	Homo sapiens	BRG1_cd36_cui	19505939	PROTEIN BINDING ASSAY::CHROMATIN IMMUNOPRECIPITATION (CHIP)
TF0001156	ENST00000344626	BRG1_HUMAN	GS0416361	ENSG00000160072	1	1407143	1433228	Homo sapiens	BRG1_cd36_cui	19505939	PROTEIN BINDING ASSAY::CHROMATIN IMMUNOPRECIPITATION (CHIP)
TF0001156	ENST00000344626	BRG1_HUMAN	GS0378488	ENSG00000197530	1	1550795	1565990	Homo sapiens	BRG1_cd36_cui	19505939	PROTEIN BINDING ASSAY::CHROMATIN IMMUNOPRECIPITATION (CHIP)
TF0001156	ENST00000344626	BRG1_HUMAN	GS0378488	ENSG00000197530	1	1550795	1565990	Homo sapiens	BRG1_cd36_cui	19505939	PROTEIN BINDING ASSAY::CHROMATIN IMMUNOPRECIPITATION (CHIP)
TF0001156	ENST00000344626	BRG1_HUMAN	GS0417702	ENSG00000008130	1	1682671	1711896	Homo sapiens	BRG1_cd36_cui	19505939	PROTEIN BINDING ASSAY::CHROMATIN IMMUNOPRECIPITATION (CHIP)
TF0001156	ENST00000344626	BRG1_HUMAN	GS0397235	ENSG00000078369	1	1716725	1822502	Homo sapiens	BRG1_cd36_cui	19505939	PROTEIN BINDING ASSAY::CHROMATIN IMMUNOPRECIPITATION (CHIP)
TF0001156	ENST00000344626	BRG1_HUMAN	GS0397235	ENSG00000078369	1	1716725	1822502	Homo sapiens	BRG1_cd36_cui	19505939	PROTEIN BINDING ASSAY::CHROMATIN IMMUNOPRECIPITATION (CHIP)
TF0001156	ENST00000344626	BRG1_HUMAN	GS0412816	ENSG00000169885	1	1846266	1848735	Homo sapiens	BRG1_cd36_cui	19505939	PROTEIN BINDING ASSAY::CHROMATIN IMMUNOPRECIPITATION (CHIP)
TF0001156	ENST00000344626	BRG1_HUMAN	GS0401171	ENSG00000067606	1	1981909	2116834	Homo sapiens	BRG1_cd36_cui	19505939	PROTEIN BINDING ASSAY::CHROMATIN IMMUNOPRECIPITATION (CHIP)
TF0001156	ENST00000344626	BRG1_HUMAN	GS0383035	ENSG00000162585	1	2115903	2144159	Homo sapiens	BRG1_cd36_cui	19505939	PROTEIN BINDING ASSAY::CHROMATIN IMMUNOPRECIPITATION (CHIP)
TF0001156	ENST00000344626	BRG1_HUMAN	GS0383035	ENSG00000162585	1	2115903	2144159	Homo sapiens	BRG1_cd36_cui	19505939	PROTEIN BINDING ASSAY::CHROMATIN IMMUNOPRECIPITATION (CHIP)
TF0001156	ENST00000344626	BRG1_HUMAN	GS0417664	ENSG00000157933	1	2160134	2241558	Homo sapiens	BRG1_cd36_cui	19505939	PROTEIN BINDING ASSAY::CHROMATIN IMMUNOPRECIPITATION (CHIP)
TF0001156	ENST00000344626	BRG1_HUMAN	GS0377971	ENSG00000116151	1	2252692	2356219	Homo sapiens	BRG1_cd36_cui	19505939	PROTEIN BINDING ASSAY::CHROMATIN IMMUNOPRECIPITATION (CHIP)
TF0001156	ENST00000344626	BRG1_HUMAN	GS0409179	ENSG00000197921	1	2460184	2461684	Homo sapiens	BRG1_cd36_cui	19505939	PROTEIN BINDING ASSAY::CHROMATIN IMMUNOPRECIPITATION (CHIP)
TF0001156	ENST00000344626	BRG1_HUMAN	GS0414339	ENSG00000162591	1	3406484	3528059	Homo sapiens	BRG1_cd36_cui	19505939	PROTEIN BINDING ASSAY::CHROMATIN IMMUNOPRECIPITATION (CHIP)
TF0001156	ENST00000344626	BRG1_HUMAN	GS0385085	ENSG00000227372	1	3652548	3663900	Homo sapiens	BRG1_cd36_cui	19505939	PROTEIN BINDING ASSAY::CHROMATIN IMMUNOPRECIPITATION (CHIP)
TF0001156	ENST00000344626	BRG1_HUMAN	GS0393793	ENSG00000162592	1	3668962	3688208	Homo sapiens	BRG1_cd36_cui	19505939	PROTEIN BINDING ASSAY::CHROMATIN IMMUNOPRECIPITATION (CHIP)
TF0001156	ENST00000344626	BRG1_HUMAN	GS0393793	ENSG00000162592	1	3668962	3688208	Homo sapiens	BRG1_cd36_cui	19505939	PROTEIN BINDING ASSAY::CHROMATIN IMMUNOPRECIPITATION (CHIP)
TF0001156	ENST00000344626	BRG1_HUMAN	GS0383249	ENSG00000130764	1	3696784	3713068	Homo sapiens	BRG1_cd36_cui	19505939	PROTEIN BINDING ASSAY::CHROMATIN IMMUNOPRECIPITATION (CHIP)
TF0001156	ENST00000344626	BRG1_HUMAN	GS0381359	ENSG00000116198	1	3728645	3773778	Homo sapiens	BRG1_cd36_cui	19505939	PROTEIN BINDING ASSAY::CHROMATIN IMMUNOPRECIPITATION (CHIP)
TF0001156	ENST00000344626	BRG1_HUMAN	GS0388268	ENSG00000196581	1	4714792	4843850	Homo sapiens	BRG1_cd36_cui	19505939	PROTEIN BINDING ASSAY::CHROMATIN IMMUNOPRECIPITATION (CHIP)
TF0001156	ENST00000344626	BRG1_HUMAN	GS0414245	ENSG00000131697	1	5922871	6052533	Homo sapiens	BRG1_cd36_cui	19505939	PROTEIN BINDING ASSAY::CHROMATIN IMMUNOPRECIPITATION (CHIP)
TF0001156	ENST00000344626	BRG1_HUMAN	GS0416791	ENSG00000158286	1	6265535	6281359	Homo sapiens	BRG1_cd36_cui	19505939	PROTEIN BINDING ASSAY::CHROMATIN IMMUNOPRECIPITATION (CHIP)
TF0001156	ENST00000344626	BRG1_HUMAN	GS0398806	ENSG00000225077	1	6296300	6299504	Homo sapiens	BRG1_cd36_cui	19505939	PROTEIN BINDING ASSAY::CHROMATIN IMMUNOPRECIPITATION (CHIP)
TF0001156	ENST00000344626	BRG1_HUMAN	GS0379332	ENSG00000173673	1	6304252	6305638	Homo sapiens	BRG1_cd36_cui	19505939	PROTEIN BINDING ASSAY::CHROMATIN IMMUNOPRECIPITATION (CHIP)
TF0001156	ENST00000344626	BRG1_HUMAN	GS0399061	ENSG00000097021	1	6324333	6454451	Homo sapiens	BRG1_cd36_cui	19505939	PROTEIN BINDING ASSAY::CHROMATIN IMMUNOPRECIPITATION (CHIP)
TF0001156	ENST00000344626	BRG1_HUMAN	GS0383051	ENSG00000187017	1	6484848	6521430	Homo sapiens	BRG1_cd36_cui	19505939	PROTEIN BINDING ASSAY::CHROMATIN IMMUNOPRECIPITATION (CHIP)
TF0001156	ENST00000344626	BRG1_HUMAN	GS0409318	ENSG00000173662	1	6615241	6639817	Homo sapiens	BRG1_cd36_cui	19505939	PROTEIN BINDING ASSAY::CHROMATIN IMMUNOPRECIPITATION (CHIP)
TF0001156	ENST00000344626	BRG1_HUMAN	GS0387429	ENSG00000162413	1	6650784	6674667	Homo sapiens	BRG1_cd36_cui	19505939	PROTEIN BINDING ASSAY::CHROMATIN IMMUNOPRECIPITATION (CHIP)
TF0001156	ENST00000344626	BRG1_HUMAN	GS0387429	ENSG00000162413	1	6650784	6674667	Homo sapiens	BRG1_cd36_cui	19505939	PROTEIN BINDING ASSAY::CHROMATIN IMMUNOPRECIPITATION (CHIP)
TF0001156	ENST00000344626	BRG1_HUMAN	GS0406160	ENSG00000116273	1	6673745	6684093	Homo sapiens	BRG1_cd36_cui	19505939	PROTEIN BINDING ASSAY::CHROMATIN IMMUNOPRECIPITATION (CHIP)
TF0001156	ENST00000344626	BRG1_HUMAN	GS0406160	ENSG00000116273	1	6673745	6684093	Homo sapiens	BRG1_cd36_cui	19505939	PROTEIN BINDING ASSAY::CHROMATIN IMMUNOPRECIPITATION (CHIP)
TF0001156	ENST00000344626	BRG1_HUMAN	GS0391464	ENSG00000007923	1	6694228	6761984	Homo sapiens	BRG1_cd36_cui	19505939	PROTEIN BINDING ASSAY::CHROMATIN IMMUNOPRECIPITATION (CHIP)
TF0001156	ENST00000344626	BRG1_HUMAN	GS0391464	ENSG00000007923	1	6694228	6761984	Homo sapiens	BRG1_cd36_cui	19505939	PROTEIN BINDING ASSAY::CHROMATIN IMMUNOPRECIPITATION (CHIP)
TF0001156	ENST00000344626	BRG1_HUMAN	GS0391464	ENSG00000007923	1	6694228	6761984	Homo sapiens	BRG1_cd36_cui	19505939	PROTEIN BINDING ASSAY::CHROMATIN IMMUNOPRECIPITATION (CHIP)
TF0001156	ENST00000344626	BRG1_HUMAN	GS0391464	ENSG00000007923	1	6694228	6761984	Homo sapiens	BRG1_cd36_cui	19505939	PROTEIN BINDING ASSAY::CHROMATIN IMMUNOPRECIPITATION (CHIP)
TF0001156	ENST00000344626	BRG1_HUMAN	GS0391464	ENSG00000007923	1	6694228	6761984	Homo sapiens	BRG1_cd36_cui	19505939	PROTEIN BINDING ASSAY::CHROMATIN IMMUNOPRECIPITATION (CHIP)
TF0001156	ENST00000344626	BRG1_HUMAN	GS0378195	ENSG00000171735	1	6845384	7829764	Homo sapiens	BRG1_cd36_cui	19505939	PROTEIN BINDING ASSAY::CHROMATIN IMMUNOPRECIPITATION (CHIP)
TF0001156	ENST00000344626	BRG1_HUMAN	GS0378195	ENSG00000171735	1	6845384	7829764	Homo sapiens	BRG1_cd36_cui	19505939	PROTEIN BINDING ASSAY::CHROMATIN IMMUNOPRECIPITATION (CHIP)
TF0001156	ENST00000344626	BRG1_HUMAN	GS0378195	ENSG00000171735	1	6845384	7829764	Homo sapiens	BRG1_cd36_cui	19505939	PROTEIN BINDING ASSAY::CHROMATIN IMMUNOPRECIPITATION (CHIP)
TF0001156	ENST00000344626	BRG1_HUMAN	GS0378195	ENSG00000171735	1	6845384	7829764	Homo sapiens	BRG1_cd36_cui	19505939	PROTEIN BINDING ASSAY::CHROMATIN IMMUNOPRECIPITATION (CHIP)
TF0001156	ENST00000344626	BRG1_HUMAN	GS0378195	ENSG00000171735	1	6845384	7829764	Homo sapiens	BRG1_cd36_cui	19505939	PROTEIN BINDING ASSAY::CHROMATIN IMMUNOPRECIPITATION (CHIP)
TF0001156	ENST00000344626	BRG1_HUMAN	GS0381405	ENSG00000049246	1	7844380	7905237	Homo sapiens	BRG1_cd36_cui	19505939	PROTEIN BINDING ASSAY::CHROMATIN IMMUNOPRECIPITATION (CHIP)
TF0001156	ENST00000344626	BRG1_HUMAN	GS0381405	ENSG00000049246	1	7844380	7905237	Homo sapiens	BRG1_cd36_cui	19505939	PROTEIN BINDING ASSAY::CHROMATIN IMMUNOPRECIPITATION (CHIP)
TF0001156	ENST00000344626	BRG1_HUMAN	GS0381405	ENSG00000049246	1	7844380	7905237	Homo sapiens	BRG1_cd36_cui	19505939	PROTEIN BINDING ASSAY::CHROMATIN IMMUNOPRECIPITATION (CHIP)
TF0001156	ENST00000344626	BRG1_HUMAN	GS0410250	ENSG00000049247	1	7903143	7913572	Homo sapiens	BRG1_cd36_cui	19505939	PROTEIN BINDING ASSAY::CHROMATIN IMMUNOPRECIPITATION (CHIP)
TF0001156	ENST00000344626	BRG1_HUMAN	GS0415144	ENSG00000049249	1	7979907	8000926	Homo sapiens	BRG1_cd36_cui	19505939	PROTEIN BINDING ASSAY::CHROMATIN IMMUNOPRECIPITATION (CHIP)
TF0001156	ENST00000344626	BRG1_HUMAN	GS0414869	ENSG00000116288	1	8014351	8045565	Homo sapiens	BRG1_cd36_cui	19505939	PROTEIN BINDING ASSAY::CHROMATIN IMMUNOPRECIPITATION (CHIP)
TF0001156	ENST00000344626	BRG1_HUMAN	GS0414869	ENSG00000116288	1	8014351	8045565	Homo sapiens	BRG1_cd36_cui	19505939	PROTEIN BINDING ASSAY::CHROMATIN IMMUNOPRECIPITATION (CHIP)
TF0001156	ENST00000344626	BRG1_HUMAN	GS0379180	ENSG00000116285	1	8064464	8086368	Homo sapiens	BRG1_cd36_cui	19505939	PROTEIN BINDING ASSAY::CHROMATIN IMMUNOPRECIPITATION (CHIP)
TF0001156	ENST00000344626	BRG1_HUMAN	GS0379180	ENSG00000116285	1	8064464	8086368	Homo sapiens	BRG1_cd36_cui	19505939	PROTEIN BINDING ASSAY::CHROMATIN IMMUNOPRECIPITATION (CHIP)
TF0001156	ENST00000344626	BRG1_HUMAN	GS0382237	ENSG00000142599	1	8412457	8877702	Homo sapiens	BRG1_cd36_cui	19505939	PROTEIN BINDING ASSAY::CHROMATIN IMMUNOPRECIPITATION (CHIP)
TF0001156	ENST00000344626	BRG1_HUMAN	GS0382237	ENSG00000142599	1	8412457	8877702	Homo sapiens	BRG1_cd36_cui	19505939	PROTEIN BINDING ASSAY::CHROMATIN IMMUNOPRECIPITATION (CHIP)
TF0001156	ENST00000344626	BRG1_HUMAN	GS0382237	ENSG00000142599	1	8412457	8877702	Homo sapiens	BRG1_cd36_cui	19505939	PROTEIN BINDING ASSAY::CHROMATIN IMMUNOPRECIPITATION (CHIP)
TF0001156	ENST00000344626	BRG1_HUMAN	GS0382237	ENSG00000142599	1	8412457	8877702	Homo sapiens	BRG1_cd36_cui	19505939	PROTEIN BINDING ASSAY::CHROMATIN IMMUNOPRECIPITATION (CHIP)
TF0001156	ENST00000344626	BRG1_HUMAN	GS0382237	ENSG00000142599	1	8412457	8877702	Homo sapiens	BRG1_cd36_cui	19505939	PROTEIN BINDING ASSAY::CHROMATIN IMMUNOPRECIPITATION (CHIP)
TF0001156	ENST00000344626	BRG1_HUMAN	GS0382237	ENSG00000142599	1	8412457	8877702	Homo sapiens	BRG1_cd36_cui	19505939	PROTEIN BINDING ASSAY::CHROMATIN IMMUNOPRECIPITATION (CHIP)
TF0001156	ENST00000344626	BRG1_HUMAN	GS0382237	ENSG00000142599	1	8412457	8877702	Homo sapiens	BRG1_cd36_cui	19505939	PROTEIN BINDING ASSAY::CHROMATIN IMMUNOPRECIPITATION (CHIP)
TF0001156	ENST00000344626	BRG1_HUMAN	GS0382237	ENSG00000142599	1	8412457	8877702	Homo sapiens	BRG1_cd36_cui	19505939	PROTEIN BINDING ASSAY::CHROMATIN IMMUNOPRECIPITATION (CHIP)
TF0001156	ENST00000344626	BRG1_HUMAN	GS0382237	ENSG00000142599	1	8412457	8877702	Homo sapiens	BRG1_cd36_cui	19505939	PROTEIN BINDING ASSAY::CHROMATIN IMMUNOPRECIPITATION (CHIP)
TF0001156	ENST00000344626	BRG1_HUMAN	GS0382237	ENSG00000142599	1	8412457	8877702	Homo sapiens	BRG1_cd36_cui	19505939	PROTEIN BINDING ASSAY::CHROMATIN IMMUNOPRECIPITATION (CHIP)
TF0001156	ENST00000344626	BRG1_HUMAN	GS0382237	ENSG00000142599	1	8412457	8877702	Homo sapiens	BRG1_cd36_cui	19505939	PROTEIN BINDING ASSAY::CHROMATIN IMMUNOPRECIPITATION (CHIP)
TF0001156	ENST00000344626	BRG1_HUMAN	GS0382237	ENSG00000142599	1	8412457	8877702	Homo sapiens	BRG1_cd36_cui	19505939	PROTEIN BINDING ASSAY::CHROMATIN IMMUNOPRECIPITATION (CHIP)
TF0001156	ENST00000344626	BRG1_HUMAN	GS0382237	ENSG00000142599	1	8412457	8877702	Homo sapiens	BRG1_cd36_cui	19505939	PROTEIN BINDING ASSAY::CHROMATIN IMMUNOPRECIPITATION (CHIP)
TF0001156	ENST00000344626	BRG1_HUMAN	GS0382237	ENSG00000142599	1	8412457	8877702	Homo sapiens	BRG1_cd36_cui	19505939	PROTEIN BINDING ASSAY::CHROMATIN IMMUNOPRECIPITATION (CHIP)
TF0001156	ENST00000344626	BRG1_HUMAN	GS0382237	ENSG00000142599	1	8412457	8877702	Homo sapiens	BRG1_cd36_cui	19505939	PROTEIN BINDING ASSAY::CHROMATIN IMMUNOPRECIPITATION (CHIP)
TF0001156	ENST00000344626	BRG1_HUMAN	GS0382237	ENSG00000142599	1	8412457	8877702	Homo sapiens	BRG1_cd36_cui	19505939	PROTEIN BINDING ASSAY::CHROMATIN IMMUNOPRECIPITATION (CHIP)
TF0001156	ENST00000344626	BRG1_HUMAN	GS0382237	ENSG00000142599	1	8412457	8877702	Homo sapiens	BRG1_cd36_cui	19505939	PROTEIN BINDING ASSAY::CHROMATIN IMMUNOPRECIPITATION (CHIP)
TF0001156	ENST00000344626	BRG1_HUMAN	GS0382237	ENSG00000142599	1	8412457	8877702	Homo sapiens	BRG1_cd36_cui	19505939	PROTEIN BINDING ASSAY::CHROMATIN IMMUNOPRECIPITATION (CHIP)
TF0001156	ENST00000344626	BRG1_HUMAN	GS0382237	ENSG00000142599	1	8412457	8877702	Homo sapiens	BRG1_cd36_cui	19505939	PROTEIN BINDING ASSAY::CHROMATIN IMMUNOPRECIPITATION (CHIP)
TF0001156	ENST00000344626	BRG1_HUMAN	GS0412053	ENSG00000074800	1	8921061	8939308	Homo sapiens	BRG1_cd36_cui	19505939	PROTEIN BINDING ASSAY::CHROMATIN IMMUNOPRECIPITATION (CHIP)
TF0001156	ENST00000344626	BRG1_HUMAN	GS0412053	ENSG00000074800	1	8921061	8939308	Homo sapiens	BRG1_cd36_cui	19505939	PROTEIN BINDING ASSAY::CHROMATIN IMMUNOPRECIPITATION (CHIP)
TF0001156	ENST00000344626	BRG1_HUMAN	GS0387798	ENSG00000207865	1	9211727	9211836	Homo sapiens	BRG1_cd36_cui	19505939	PROTEIN BINDING ASSAY::CHROMATIN IMMUNOPRECIPITATION (CHIP)
TF0001156	ENST00000344626	BRG1_HUMAN	GS0401378	ENSG00000049239	1	9294863	9331396	Homo sapiens	BRG1_cd36_cui	19505939	PROTEIN BINDING ASSAY::CHROMATIN IMMUNOPRECIPITATION (CHIP)
TF0001156	ENST00000344626	BRG1_HUMAN	GS0401378	ENSG00000049239	1	9294863	9331396	Homo sapiens	BRG1_cd36_cui	19505939	PROTEIN BINDING ASSAY::CHROMATIN IMMUNOPRECIPITATION (CHIP)
TF0001156	ENST00000344626	BRG1_HUMAN	GS0378511	ENSG00000252956	1	9497728	9497837	Homo sapiens	BRG1_cd36_cui	19505939	PROTEIN BINDING ASSAY::CHROMATIN IMMUNOPRECIPITATION (CHIP)
TF0001156	ENST00000344626	BRG1_HUMAN	GS0389184	ENSG00000171612	1	9599541	9642831	Homo sapiens	BRG1_cd36_cui	19505939	PROTEIN BINDING ASSAY::CHROMATIN IMMUNOPRECIPITATION (CHIP)
TF0001156	ENST00000344626	BRG1_HUMAN	GS0396217	ENSG00000188807	1	9648932	9674935	Homo sapiens	BRG1_cd36_cui	19505939	PROTEIN BINDING ASSAY::CHROMATIN IMMUNOPRECIPITATION (CHIP)
TF0001156	ENST00000344626	BRG1_HUMAN	GS0412414	ENSG00000171608	1	9711790	9789172	Homo sapiens	BRG1_cd36_cui	19505939	PROTEIN BINDING ASSAY::CHROMATIN IMMUNOPRECIPITATION (CHIP)
TF0001156	ENST00000344626	BRG1_HUMAN	GS0377263	ENSG00000178585	1	9908334	9970394	Homo sapiens	BRG1_cd36_cui	19505939	PROTEIN BINDING ASSAY::CHROMATIN IMMUNOPRECIPITATION (CHIP)
TF0001156	ENST00000344626	BRG1_HUMAN	GS0377263	ENSG00000178585	1	9908334	9970394	Homo sapiens	BRG1_cd36_cui	19505939	PROTEIN BINDING ASSAY::CHROMATIN IMMUNOPRECIPITATION (CHIP)
TF0001156	ENST00000344626	BRG1_HUMAN	GS0377263	ENSG00000178585	1	9908334	9970394	Homo sapiens	BRG1_cd36_cui	19505939	PROTEIN BINDING ASSAY::CHROMATIN IMMUNOPRECIPITATION (CHIP)
TF0001156	ENST00000344626	BRG1_HUMAN	GS0378125	ENSG00000162441	1	9982171	10003465	Homo sapiens	BRG1_cd36_cui	19505939	PROTEIN BINDING ASSAY::CHROMATIN IMMUNOPRECIPITATION (CHIP)
TF0001156	ENST00000344626	BRG1_HUMAN	GS0387893	ENSG00000130939	1	10092890	10241297	Homo sapiens	BRG1_cd36_cui	19505939	PROTEIN BINDING ASSAY::CHROMATIN IMMUNOPRECIPITATION (CHIP)
TF0001156	ENST00000344626	BRG1_HUMAN	GS0376973	ENSG00000054523	1	10270764	10441661	Homo sapiens	BRG1_cd36_cui	19505939	PROTEIN BINDING ASSAY::CHROMATIN IMMUNOPRECIPITATION (CHIP)
TF0001156	ENST00000344626	BRG1_HUMAN	GS0402950	ENSG00000142657	1	10458649	10480233	Homo sapiens	BRG1_cd36_cui	19505939	PROTEIN BINDING ASSAY::CHROMATIN IMMUNOPRECIPITATION (CHIP)
TF0001156	ENST00000344626	BRG1_HUMAN	GS0402950	ENSG00000142657	1	10458649	10480233	Homo sapiens	BRG1_cd36_cui	19505939	PROTEIN BINDING ASSAY::CHROMATIN IMMUNOPRECIPITATION (CHIP)
TF0001156	ENST00000344626	BRG1_HUMAN	GS0381790	ENSG00000175279	1	10490500	10502766	Homo sapiens	BRG1_cd36_cui	19505939	PROTEIN BINDING ASSAY::CHROMATIN IMMUNOPRECIPITATION (CHIP)
TF0001156	ENST00000344626	BRG1_HUMAN	GS0379539	ENSG00000160049	1	10516579	10532583	Homo sapiens	BRG1_cd36_cui	19505939	PROTEIN BINDING ASSAY::CHROMATIN IMMUNOPRECIPITATION (CHIP)
TF0001156	ENST00000344626	BRG1_HUMAN	GS0390037	ENSG00000142655	1	10532345	10690815	Homo sapiens	BRG1_cd36_cui	19505939	PROTEIN BINDING ASSAY::CHROMATIN IMMUNOPRECIPITATION (CHIP)
TF0001156	ENST00000344626	BRG1_HUMAN	GS0390037	ENSG00000142655	1	10532345	10690815	Homo sapiens	BRG1_cd36_cui	19505939	PROTEIN BINDING ASSAY::CHROMATIN IMMUNOPRECIPITATION (CHIP)
TF0001156	ENST00000344626	BRG1_HUMAN	GS0390037	ENSG00000142655	1	10532345	10690815	Homo sapiens	BRG1_cd36_cui	19505939	PROTEIN BINDING ASSAY::CHROMATIN IMMUNOPRECIPITATION (CHIP)
TF0001156	ENST00000344626	BRG1_HUMAN	GS0390037	ENSG00000142655	1	10532345	10690815	Homo sapiens	BRG1_cd36_cui	19505939	PROTEIN BINDING ASSAY::CHROMATIN IMMUNOPRECIPITATION (CHIP)
TF0001156	ENST00000344626	BRG1_HUMAN	GS0411947	ENSG00000130940	1	10696661	10856707	Homo sapiens	BRG1_cd36_cui	19505939	PROTEIN BINDING ASSAY::CHROMATIN IMMUNOPRECIPITATION (CHIP)
TF0001156	ENST00000344626	BRG1_HUMAN	GS0411947	ENSG00000130940	1	10696661	10856707	Homo sapiens	BRG1_cd36_cui	19505939	PROTEIN BINDING ASSAY::CHROMATIN IMMUNOPRECIPITATION (CHIP)
TF0001156	ENST00000344626	BRG1_HUMAN	GS0378041	ENSG00000009724	1	11086580	11107290	Homo sapiens	BRG1_cd36_cui	19505939	PROTEIN BINDING ASSAY::CHROMATIN IMMUNOPRECIPITATION (CHIP)
TF0001156	ENST00000344626	BRG1_HUMAN	GS0385114	ENSG00000116649	1	11114641	11120081	Homo sapiens	BRG1_cd36_cui	19505939	PROTEIN BINDING ASSAY::CHROMATIN IMMUNOPRECIPITATION (CHIP)
TF0001156	ENST00000344626	BRG1_HUMAN	GS0413826	ENSG00000204624	1	11539223	11597641	Homo sapiens	BRG1_cd36_cui	19505939	PROTEIN BINDING ASSAY::CHROMATIN IMMUNOPRECIPITATION (CHIP)
TF0001156	ENST00000344626	BRG1_HUMAN	GS0384435	ENSG00000177674	1	11796141	11814859	Homo sapiens	BRG1_cd36_cui	19505939	PROTEIN BINDING ASSAY::CHROMATIN IMMUNOPRECIPITATION (CHIP)
TF0001156	ENST00000344626	BRG1_HUMAN	GS0390807	ENSG00000177000	1	11845780	11866977	Homo sapiens	BRG1_cd36_cui	19505939	PROTEIN BINDING ASSAY::CHROMATIN IMMUNOPRECIPITATION (CHIP)
TF0001156	ENST00000344626	BRG1_HUMAN	GS0390807	ENSG00000177000	1	11845780	11866977	Homo sapiens	BRG1_cd36_cui	19505939	PROTEIN BINDING ASSAY::CHROMATIN IMMUNOPRECIPITATION (CHIP)
TF0001156	ENST00000344626	BRG1_HUMAN	GS0390807	ENSG00000177000	1	11845780	11866977	Homo sapiens	BRG1_cd36_cui	19505939	PROTEIN BINDING ASSAY::CHROMATIN IMMUNOPRECIPITATION (CHIP)
TF0001156	ENST00000344626	BRG1_HUMAN	GS0390807	ENSG00000177000	1	11845780	11866977	Homo sapiens	BRG1_cd36_cui	19505939	PROTEIN BINDING ASSAY::CHROMATIN IMMUNOPRECIPITATION (CHIP)
TF0001156	ENST00000344626	BRG1_HUMAN	GS0397688	ENSG00000242349	1	11901074	11908136	Homo sapiens	BRG1_cd36_cui	19505939	PROTEIN BINDING ASSAY::CHROMATIN IMMUNOPRECIPITATION (CHIP)
TF0001156	ENST00000344626	BRG1_HUMAN	GS0414876	ENSG00000199347	1	11968209	11968328	Homo sapiens	BRG1_cd36_cui	19505939	PROTEIN BINDING ASSAY::CHROMATIN IMMUNOPRECIPITATION (CHIP)
TF0001156	ENST00000344626	BRG1_HUMAN	GS0386806	ENSG00000201801	1	11969865	11969984	Homo sapiens	BRG1_cd36_cui	19505939	PROTEIN BINDING ASSAY::CHROMATIN IMMUNOPRECIPITATION (CHIP)
TF0001156	ENST00000344626	BRG1_HUMAN	GS0411509	ENSG00000116685	1	11979648	11986485	Homo sapiens	BRG1_cd36_cui	19505939	PROTEIN BINDING ASSAY::CHROMATIN IMMUNOPRECIPITATION (CHIP)
TF0001156	ENST00000344626	BRG1_HUMAN	GS0391301	ENSG00000116688	1	12040238	12073571	Homo sapiens	BRG1_cd36_cui	19505939	PROTEIN BINDING ASSAY::CHROMATIN IMMUNOPRECIPITATION (CHIP)
TF0001156	ENST00000344626	BRG1_HUMAN	GS0391301	ENSG00000116688	1	12040238	12073571	Homo sapiens	BRG1_cd36_cui	19505939	PROTEIN BINDING ASSAY::CHROMATIN IMMUNOPRECIPITATION (CHIP)
TF0001156	ENST00000344626	BRG1_HUMAN	GS0411044	ENSG00000028137	1	12227060	12269285	Homo sapiens	BRG1_cd36_cui	19505939	PROTEIN BINDING ASSAY::CHROMATIN IMMUNOPRECIPITATION (CHIP)
TF0001156	ENST00000344626	BRG1_HUMAN	GS0411044	ENSG00000028137	1	12227060	12269285	Homo sapiens	BRG1_cd36_cui	19505939	PROTEIN BINDING ASSAY::CHROMATIN IMMUNOPRECIPITATION (CHIP)
TF0001156	ENST00000344626	BRG1_HUMAN	GS0393192	ENSG00000252969	1	12281205	12281328	Homo sapiens	BRG1_cd36_cui	19505939	PROTEIN BINDING ASSAY::CHROMATIN IMMUNOPRECIPITATION (CHIP)
TF0001156	ENST00000344626	BRG1_HUMAN	GS0380572	ENSG00000048707	1	12290124	12572099	Homo sapiens	BRG1_cd36_cui	19505939	PROTEIN BINDING ASSAY::CHROMATIN IMMUNOPRECIPITATION (CHIP)
TF0001156	ENST00000344626	BRG1_HUMAN	GS0380572	ENSG00000048707	1	12290124	12572099	Homo sapiens	BRG1_cd36_cui	19505939	PROTEIN BINDING ASSAY::CHROMATIN IMMUNOPRECIPITATION (CHIP)
TF0001156	ENST00000344626	BRG1_HUMAN	GS0380572	ENSG00000048707	1	12290124	12572099	Homo sapiens	BRG1_cd36_cui	19505939	PROTEIN BINDING ASSAY::CHROMATIN IMMUNOPRECIPITATION (CHIP)
TF0001156	ENST00000344626	BRG1_HUMAN	GS0380572	ENSG00000048707	1	12290124	12572099	Homo sapiens	BRG1_cd36_cui	19505939	PROTEIN BINDING ASSAY::CHROMATIN IMMUNOPRECIPITATION (CHIP)
TF0001156	ENST00000344626	BRG1_HUMAN	GS0380572	ENSG00000048707	1	12290124	12572099	Homo sapiens	BRG1_cd36_cui	19505939	PROTEIN BINDING ASSAY::CHROMATIN IMMUNOPRECIPITATION (CHIP)
TF0001156	ENST00000344626	BRG1_HUMAN	GS0380572	ENSG00000048707	1	12290124	12572099	Homo sapiens	BRG1_cd36_cui	19505939	PROTEIN BINDING ASSAY::CHROMATIN IMMUNOPRECIPITATION (CHIP)
TF0001156	ENST00000344626	BRG1_HUMAN	GS0380572	ENSG00000048707	1	12290124	12572099	Homo sapiens	BRG1_cd36_cui	19505939	PROTEIN BINDING ASSAY::CHROMATIN IMMUNOPRECIPITATION (CHIP)
TF0001156	ENST00000344626	BRG1_HUMAN	GS0380572	ENSG00000048707	1	12290124	12572099	Homo sapiens	BRG1_cd36_cui	19505939	PROTEIN BINDING ASSAY::CHROMATIN IMMUNOPRECIPITATION (CHIP)
TF0001156	ENST00000344626	BRG1_HUMAN	GS0380572	ENSG00000048707	1	12290124	12572099	Homo sapiens	BRG1_cd36_cui	19505939	PROTEIN BINDING ASSAY::CHROMATIN IMMUNOPRECIPITATION (CHIP)
TF0001156	ENST00000344626	BRG1_HUMAN	GS0380572	ENSG00000048707	1	12290124	12572099	Homo sapiens	BRG1_cd36_cui	19505939	PROTEIN BINDING ASSAY::CHROMATIN IMMUNOPRECIPITATION (CHIP)
TF0001156	ENST00000344626	BRG1_HUMAN	GS0380572	ENSG00000048707	1	12290124	12572099	Homo sapiens	BRG1_cd36_cui	19505939	PROTEIN BINDING ASSAY::CHROMATIN IMMUNOPRECIPITATION (CHIP)
TF0001156	ENST00000344626	BRG1_HUMAN	GS0380518	ENSG00000204518	1	12704566	12727097	Homo sapiens	BRG1_cd36_cui	19505939	PROTEIN BINDING ASSAY::CHROMATIN IMMUNOPRECIPITATION (CHIP)
TF0001156	ENST00000344626	BRG1_HUMAN	GS0380884	ENSG00000253085	1	14022565	14022694	Homo sapiens	BRG1_cd36_cui	19505939	PROTEIN BINDING ASSAY::CHROMATIN IMMUNOPRECIPITATION (CHIP)
TF0001156	ENST00000344626	BRG1_HUMAN	GS0409777	ENSG00000116731	1	14026693	14151560	Homo sapiens	BRG1_cd36_cui	19505939	PROTEIN BINDING ASSAY::CHROMATIN IMMUNOPRECIPITATION (CHIP)
TF0001156	ENST00000344626	BRG1_HUMAN	GS0409777	ENSG00000116731	1	14026693	14151560	Homo sapiens	BRG1_cd36_cui	19505939	PROTEIN BINDING ASSAY::CHROMATIN IMMUNOPRECIPITATION (CHIP)
TF0001156	ENST00000344626	BRG1_HUMAN	GS0409777	ENSG00000116731	1	14026693	14151560	Homo sapiens	BRG1_cd36_cui	19505939	PROTEIN BINDING ASSAY::CHROMATIN IMMUNOPRECIPITATION (CHIP)
TF0001156	ENST00000344626	BRG1_HUMAN	GS0409777	ENSG00000116731	1	14026693	14151560	Homo sapiens	BRG1_cd36_cui	19505939	PROTEIN BINDING ASSAY::CHROMATIN IMMUNOPRECIPITATION (CHIP)
TF0001156	ENST00000344626	BRG1_HUMAN	GS0409777	ENSG00000116731	1	14026693	14151560	Homo sapiens	BRG1_cd36_cui	19505939	PROTEIN BINDING ASSAY::CHROMATIN IMMUNOPRECIPITATION (CHIP)
TF0001156	ENST00000344626	BRG1_HUMAN	GS0409777	ENSG00000116731	1	14026693	14151560	Homo sapiens	BRG1_cd36_cui	19505939	PROTEIN BINDING ASSAY::CHROMATIN IMMUNOPRECIPITATION (CHIP)
TF0001156	ENST00000344626	BRG1_HUMAN	GS0407873	ENSG00000189337	1	14925200	15444539	Homo sapiens	BRG1_cd36_cui	19505939	PROTEIN BINDING ASSAY::CHROMATIN IMMUNOPRECIPITATION (CHIP)
TF0001156	ENST00000344626	BRG1_HUMAN	GS0407873	ENSG00000189337	1	14925200	15444539	Homo sapiens	BRG1_cd36_cui	19505939	PROTEIN BINDING ASSAY::CHROMATIN IMMUNOPRECIPITATION (CHIP)
TF0001156	ENST00000344626	BRG1_HUMAN	GS0407873	ENSG00000189337	1	14925200	15444539	Homo sapiens	BRG1_cd36_cui	19505939	PROTEIN BINDING ASSAY::CHROMATIN IMMUNOPRECIPITATION (CHIP)
TF0001156	ENST00000344626	BRG1_HUMAN	GS0398467	ENSG00000175147	1	15442448	15478960	Homo sapiens	BRG1_cd36_cui	19505939	PROTEIN BINDING ASSAY::CHROMATIN IMMUNOPRECIPITATION (CHIP)
TF0001156	ENST00000344626	BRG1_HUMAN	GS0407002	ENSG00000142621	1	15573768	15726858	Homo sapiens	BRG1_cd36_cui	19505939	PROTEIN BINDING ASSAY::CHROMATIN IMMUNOPRECIPITATION (CHIP)
TF0001156	ENST00000344626	BRG1_HUMAN	GS0391274	ENSG00000142634	1	15736391	15756839	Homo sapiens	BRG1_cd36_cui	19505939	PROTEIN BINDING ASSAY::CHROMATIN IMMUNOPRECIPITATION (CHIP)
TF0001156	ENST00000344626	BRG1_HUMAN	GS0391274	ENSG00000142634	1	15736391	15756839	Homo sapiens	BRG1_cd36_cui	19505939	PROTEIN BINDING ASSAY::CHROMATIN IMMUNOPRECIPITATION (CHIP)
TF0001156	ENST00000344626	BRG1_HUMAN	GS0378112	ENSG00000197312	1	15943995	15995539	Homo sapiens	BRG1_cd36_cui	19505939	PROTEIN BINDING ASSAY::CHROMATIN IMMUNOPRECIPITATION (CHIP)
TF0001156	ENST00000344626	BRG1_HUMAN	GS0378112	ENSG00000197312	1	15943995	15995539	Homo sapiens	BRG1_cd36_cui	19505939	PROTEIN BINDING ASSAY::CHROMATIN IMMUNOPRECIPITATION (CHIP)
TF0001156	ENST00000344626	BRG1_HUMAN	GS0378112	ENSG00000197312	1	15943995	15995539	Homo sapiens	BRG1_cd36_cui	19505939	PROTEIN BINDING ASSAY::CHROMATIN IMMUNOPRECIPITATION (CHIP)
TF0001156	ENST00000344626	BRG1_HUMAN	GS0410902	ENSG00000116786	1	16010827	16061264	Homo sapiens	BRG1_cd36_cui	19505939	PROTEIN BINDING ASSAY::CHROMATIN IMMUNOPRECIPITATION (CHIP)
TF0001156	ENST00000344626	BRG1_HUMAN	GS0378523	ENSG00000162458	1	16083102	16113089	Homo sapiens	BRG1_cd36_cui	19505939	PROTEIN BINDING ASSAY::CHROMATIN IMMUNOPRECIPITATION (CHIP)
TF0001156	ENST00000344626	BRG1_HUMAN	GS0418157	ENSG00000065526	1	16174359	16266955	Homo sapiens	BRG1_cd36_cui	19505939	PROTEIN BINDING ASSAY::CHROMATIN IMMUNOPRECIPITATION (CHIP)
TF0001156	ENST00000344626	BRG1_HUMAN	GS0418157	ENSG00000065526	1	16174359	16266955	Homo sapiens	BRG1_cd36_cui	19505939	PROTEIN BINDING ASSAY::CHROMATIN IMMUNOPRECIPITATION (CHIP)
TF0001156	ENST00000344626	BRG1_HUMAN	GS0418157	ENSG00000065526	1	16174359	16266955	Homo sapiens	BRG1_cd36_cui	19505939	PROTEIN BINDING ASSAY::CHROMATIN IMMUNOPRECIPITATION (CHIP)
TF0001156	ENST00000344626	BRG1_HUMAN	GS0418157	ENSG00000065526	1	16174359	16266955	Homo sapiens	BRG1_cd36_cui	19505939	PROTEIN BINDING ASSAY::CHROMATIN IMMUNOPRECIPITATION (CHIP)
TF0001156	ENST00000344626	BRG1_HUMAN	GS0378407	ENSG00000116809	1	16268364	16302627	Homo sapiens	BRG1_cd36_cui	19505939	PROTEIN BINDING ASSAY::CHROMATIN IMMUNOPRECIPITATION (CHIP)
TF0001156	ENST00000344626	BRG1_HUMAN	GS0388717	ENSG00000173641	1	16340523	16346089	Homo sapiens	BRG1_cd36_cui	19505939	PROTEIN BINDING ASSAY::CHROMATIN IMMUNOPRECIPITATION (CHIP)
TF0001156	ENST00000344626	BRG1_HUMAN	GS0409370	ENSG00000184908	1	16370247	16383803	Homo sapiens	BRG1_cd36_cui	19505939	PROTEIN BINDING ASSAY::CHROMATIN IMMUNOPRECIPITATION (CHIP)
TF0001156	ENST00000344626	BRG1_HUMAN	GS0381356	ENSG00000142627	1	16450832	16482582	Homo sapiens	BRG1_cd36_cui	19505939	PROTEIN BINDING ASSAY::CHROMATIN IMMUNOPRECIPITATION (CHIP)
TF0001156	ENST00000344626	BRG1_HUMAN	GS0399445	ENSG00000037637	1	16573334	16678949	Homo sapiens	BRG1_cd36_cui	19505939	PROTEIN BINDING ASSAY::CHROMATIN IMMUNOPRECIPITATION (CHIP)
TF0001156	ENST00000344626	BRG1_HUMAN	GS0399445	ENSG00000037637	1	16573334	16678949	Homo sapiens	BRG1_cd36_cui	19505939	PROTEIN BINDING ASSAY::CHROMATIN IMMUNOPRECIPITATION (CHIP)
TF0001156	ENST00000344626	BRG1_HUMAN	GS0399445	ENSG00000037637	1	16573334	16678949	Homo sapiens	BRG1_cd36_cui	19505939	PROTEIN BINDING ASSAY::CHROMATIN IMMUNOPRECIPITATION (CHIP)
TF0001156	ENST00000344626	BRG1_HUMAN	GS0399557	ENSG00000055070	1	16679070	16724640	Homo sapiens	BRG1_cd36_cui	19505939	PROTEIN BINDING ASSAY::CHROMATIN IMMUNOPRECIPITATION (CHIP)
TF0001156	ENST00000344626	BRG1_HUMAN	GS0379376	ENSG00000157191	1	16767167	16786573	Homo sapiens	BRG1_cd36_cui	19505939	PROTEIN BINDING ASSAY::CHROMATIN IMMUNOPRECIPITATION (CHIP)
TF0001156	ENST00000344626	BRG1_HUMAN	GS0391592	ENSG00000252099	1	16860576	16860719	Homo sapiens	BRG1_cd36_cui	19505939	PROTEIN BINDING ASSAY::CHROMATIN IMMUNOPRECIPITATION (CHIP)
TF0001156	ENST00000344626	BRG1_HUMAN	GS0377068	ENSG00000058453	1	17222232	17299459	Homo sapiens	BRG1_cd36_cui	19505939	PROTEIN BINDING ASSAY::CHROMATIN IMMUNOPRECIPITATION (CHIP)
TF0001156	ENST00000344626	BRG1_HUMAN	GS0377068	ENSG00000058453	1	17222232	17299459	Homo sapiens	BRG1_cd36_cui	19505939	PROTEIN BINDING ASSAY::CHROMATIN IMMUNOPRECIPITATION (CHIP)
TF0001156	ENST00000344626	BRG1_HUMAN	GS0388851	ENSG00000142623	1	17531621	17572500	Homo sapiens	BRG1_cd36_cui	19505939	PROTEIN BINDING ASSAY::CHROMATIN IMMUNOPRECIPITATION (CHIP)
TF0001156	ENST00000344626	BRG1_HUMAN	GS0382632	ENSG00000142619	1	17575593	17610728	Homo sapiens	BRG1_cd36_cui	19505939	PROTEIN BINDING ASSAY::CHROMATIN IMMUNOPRECIPITATION (CHIP)
TF0001156	ENST00000344626	BRG1_HUMAN	GS0382187	ENSG00000179051	1	17733256	17766220	Homo sapiens	BRG1_cd36_cui	19505939	PROTEIN BINDING ASSAY::CHROMATIN IMMUNOPRECIPITATION (CHIP)
TF0001156	ENST00000344626	BRG1_HUMAN	GS0382187	ENSG00000179051	1	17733256	17766220	Homo sapiens	BRG1_cd36_cui	19505939	PROTEIN BINDING ASSAY::CHROMATIN IMMUNOPRECIPITATION (CHIP)
TF0001156	ENST00000344626	BRG1_HUMAN	GS0389676	ENSG00000074964	1	17866330	18024369	Homo sapiens	BRG1_cd36_cui	19505939	PROTEIN BINDING ASSAY::CHROMATIN IMMUNOPRECIPITATION (CHIP)
TF0001156	ENST00000344626	BRG1_HUMAN	GS0378310	ENSG00000117154	1	18434240	18704977	Homo sapiens	BRG1_cd36_cui	19505939	PROTEIN BINDING ASSAY::CHROMATIN IMMUNOPRECIPITATION (CHIP)
TF0001156	ENST00000344626	BRG1_HUMAN	GS0390614	ENSG00000179023	1	18807424	18812534	Homo sapiens	BRG1_cd36_cui	19505939	PROTEIN BINDING ASSAY::CHROMATIN IMMUNOPRECIPITATION (CHIP)
TF0001156	ENST00000344626	BRG1_HUMAN	GS0379029	ENSG00000169991	1	19230774	19283180	Homo sapiens	BRG1_cd36_cui	19505939	PROTEIN BINDING ASSAY::CHROMATIN IMMUNOPRECIPITATION (CHIP)
TF0001156	ENST00000344626	BRG1_HUMAN	GS0379029	ENSG00000169991	1	19230774	19283180	Homo sapiens	BRG1_cd36_cui	19505939	PROTEIN BINDING ASSAY::CHROMATIN IMMUNOPRECIPITATION (CHIP)
TF0001156	ENST00000344626	BRG1_HUMAN	GS0379029	ENSG00000169991	1	19230774	19283180	Homo sapiens	BRG1_cd36_cui	19505939	PROTEIN BINDING ASSAY::CHROMATIN IMMUNOPRECIPITATION (CHIP)
TF0001156	ENST00000344626	BRG1_HUMAN	GS0414084	ENSG00000127481	1	19401000	19536770	Homo sapiens	BRG1_cd36_cui	19505939	PROTEIN BINDING ASSAY::CHROMATIN IMMUNOPRECIPITATION (CHIP)
TF0001156	ENST00000344626	BRG1_HUMAN	GS0414084	ENSG00000127481	1	19401000	19536770	Homo sapiens	BRG1_cd36_cui	19505939	PROTEIN BINDING ASSAY::CHROMATIN IMMUNOPRECIPITATION (CHIP)
TF0001156	ENST00000344626	BRG1_HUMAN	GS0414084	ENSG00000127481	1	19401000	19536770	Homo sapiens	BRG1_cd36_cui	19505939	PROTEIN BINDING ASSAY::CHROMATIN IMMUNOPRECIPITATION (CHIP)
TF0001156	ENST00000344626	BRG1_HUMAN	GS0414084	ENSG00000127481	1	19401000	19536770	Homo sapiens	BRG1_cd36_cui	19505939	PROTEIN BINDING ASSAY::CHROMATIN IMMUNOPRECIPITATION (CHIP)
TF0001156	ENST00000344626	BRG1_HUMAN	GS0414084	ENSG00000127481	1	19401000	19536770	Homo sapiens	BRG1_cd36_cui	19505939	PROTEIN BINDING ASSAY::CHROMATIN IMMUNOPRECIPITATION (CHIP)
TF0001156	ENST00000344626	BRG1_HUMAN	GS0414084	ENSG00000127481	1	19401000	19536770	Homo sapiens	BRG1_cd36_cui	19505939	PROTEIN BINDING ASSAY::CHROMATIN IMMUNOPRECIPITATION (CHIP)
TF0001156	ENST00000344626	BRG1_HUMAN	GS0414084	ENSG00000127481	1	19401000	19536770	Homo sapiens	BRG1_cd36_cui	19505939	PROTEIN BINDING ASSAY::CHROMATIN IMMUNOPRECIPITATION (CHIP)
TF0001156	ENST00000344626	BRG1_HUMAN	GS0414084	ENSG00000127481	1	19401000	19536770	Homo sapiens	BRG1_cd36_cui	19505939	PROTEIN BINDING ASSAY::CHROMATIN IMMUNOPRECIPITATION (CHIP)
TF0001156	ENST00000344626	BRG1_HUMAN	GS0380587	ENSG00000127463	1	19542158	19578046	Homo sapiens	BRG1_cd36_cui	19505939	PROTEIN BINDING ASSAY::CHROMATIN IMMUNOPRECIPITATION (CHIP)
TF0001156	ENST00000344626	BRG1_HUMAN	GS0380587	ENSG00000127463	1	19542158	19578046	Homo sapiens	BRG1_cd36_cui	19505939	PROTEIN BINDING ASSAY::CHROMATIN IMMUNOPRECIPITATION (CHIP)
TF0001156	ENST00000344626	BRG1_HUMAN	GS0395611	ENSG00000053371	1	19630459	19638640	Homo sapiens	BRG1_cd36_cui	19505939	PROTEIN BINDING ASSAY::CHROMATIN IMMUNOPRECIPITATION (CHIP)
TF0001156	ENST00000344626	BRG1_HUMAN	GS0394740	ENSG00000077549	1	19665267	19812066	Homo sapiens	BRG1_cd36_cui	19505939	PROTEIN BINDING ASSAY::CHROMATIN IMMUNOPRECIPITATION (CHIP)
TF0001156	ENST00000344626	BRG1_HUMAN	GS0394740	ENSG00000077549	1	19665267	19812066	Homo sapiens	BRG1_cd36_cui	19505939	PROTEIN BINDING ASSAY::CHROMATIN IMMUNOPRECIPITATION (CHIP)
TF0001156	ENST00000344626	BRG1_HUMAN	GS0394740	ENSG00000077549	1	19665267	19812066	Homo sapiens	BRG1_cd36_cui	19505939	PROTEIN BINDING ASSAY::CHROMATIN IMMUNOPRECIPITATION (CHIP)
TF0001156	ENST00000344626	BRG1_HUMAN	GS0394740	ENSG00000077549	1	19665267	19812066	Homo sapiens	BRG1_cd36_cui	19505939	PROTEIN BINDING ASSAY::CHROMATIN IMMUNOPRECIPITATION (CHIP)
TF0001156	ENST00000344626	BRG1_HUMAN	GS0395444	ENSG00000173436	1	19923477	19956314	Homo sapiens	BRG1_cd36_cui	19505939	PROTEIN BINDING ASSAY::CHROMATIN IMMUNOPRECIPITATION (CHIP)
TF0001156	ENST00000344626	BRG1_HUMAN	GS0395444	ENSG00000173436	1	19923477	19956314	Homo sapiens	BRG1_cd36_cui	19505939	PROTEIN BINDING ASSAY::CHROMATIN IMMUNOPRECIPITATION (CHIP)
TF0001156	ENST00000344626	BRG1_HUMAN	GS0395444	ENSG00000173436	1	19923477	19956314	Homo sapiens	BRG1_cd36_cui	19505939	PROTEIN BINDING ASSAY::CHROMATIN IMMUNOPRECIPITATION (CHIP)
TF0001156	ENST00000344626	BRG1_HUMAN	GS0395444	ENSG00000173436	1	19923477	19956314	Homo sapiens	BRG1_cd36_cui	19505939	PROTEIN BINDING ASSAY::CHROMATIN IMMUNOPRECIPITATION (CHIP)
TF0001156	ENST00000344626	BRG1_HUMAN	GS0395444	ENSG00000173436	1	19923477	19956314	Homo sapiens	BRG1_cd36_cui	19505939	PROTEIN BINDING ASSAY::CHROMATIN IMMUNOPRECIPITATION (CHIP)
TF0001156	ENST00000344626	BRG1_HUMAN	GS0395444	ENSG00000173436	1	19923477	19956314	Homo sapiens	BRG1_cd36_cui	19505939	PROTEIN BINDING ASSAY::CHROMATIN IMMUNOPRECIPITATION (CHIP)
TF0001156	ENST00000344626	BRG1_HUMAN	GS0388057	ENSG00000158747	1	19967048	19984945	Homo sapiens	BRG1_cd36_cui	19505939	PROTEIN BINDING ASSAY::CHROMATIN IMMUNOPRECIPITATION (CHIP)
TF0001156	ENST00000344626	BRG1_HUMAN	GS0391251	ENSG00000169914	1	20209006	20239438	Homo sapiens	BRG1_cd36_cui	19505939	PROTEIN BINDING ASSAY::CHROMATIN IMMUNOPRECIPITATION (CHIP)
TF0001156	ENST00000344626	BRG1_HUMAN	GS0385298	ENSG00000117215	1	20438432	20446050	Homo sapiens	BRG1_cd36_cui	19505939	PROTEIN BINDING ASSAY::CHROMATIN IMMUNOPRECIPITATION (CHIP)
TF0001156	ENST00000344626	BRG1_HUMAN	GS0396887	ENSG00000162543	1	20512578	20522541	Homo sapiens	BRG1_cd36_cui	19505939	PROTEIN BINDING ASSAY::CHROMATIN IMMUNOPRECIPITATION (CHIP)
TF0001156	ENST00000344626	BRG1_HUMAN	GS0396887	ENSG00000162543	1	20512578	20522541	Homo sapiens	BRG1_cd36_cui	19505939	PROTEIN BINDING ASSAY::CHROMATIN IMMUNOPRECIPITATION (CHIP)
TF0001156	ENST00000344626	BRG1_HUMAN	GS0396887	ENSG00000162543	1	20512578	20522541	Homo sapiens	BRG1_cd36_cui	19505939	PROTEIN BINDING ASSAY::CHROMATIN IMMUNOPRECIPITATION (CHIP)
