TF0001097	ENSMUST00000098390	TERF2IP_MOUSE	GS0209367	ENSMUSG00000013089	16	22381382	22439792	Mus musculus	Rap1_Martinez	20622869	PROTEIN BINDING ASSAY::CHROMATIN IMMUNOPRECIPITATION (CHIP)
TF0001097	ENSMUST00000098390	TERF2IP_MOUSE	GS0209365	ENSMUSG00000051067	10	80295552	80306784	Mus musculus	Rap1_Martinez	20622869	PROTEIN BINDING ASSAY::CHROMATIN IMMUNOPRECIPITATION (CHIP)
TF0001097	ENSMUST00000098390	TERF2IP_MOUSE	GS0209357	ENSMUSG00000042686	1	16987545	17087879	Mus musculus	Rap1_Martinez	20622869	PROTEIN BINDING ASSAY::CHROMATIN IMMUNOPRECIPITATION (CHIP)
TF0001097	ENSMUST00000098390	TERF2IP_MOUSE	GS0209307	ENSMUSG00000074794	13	81022645	81035296	Mus musculus	Rap1_Martinez	20622869	PROTEIN BINDING ASSAY::CHROMATIN IMMUNOPRECIPITATION (CHIP)
TF0001097	ENSMUST00000098390	TERF2IP_MOUSE	GS0209362	ENSMUSG00000074637	3	34548927	34551383	Mus musculus	Rap1_Martinez	20622869	PROTEIN BINDING ASSAY::CHROMATIN IMMUNOPRECIPITATION (CHIP)
TF0001097	ENSMUST00000098390	TERF2IP_MOUSE	GS0209268	ENSMUSG00000023886	17	14416513	14541797	Mus musculus	Rap1_Martinez	20622869	PROTEIN BINDING ASSAY::CHROMATIN IMMUNOPRECIPITATION (CHIP)
TF0001097	ENSMUST00000098390	TERF2IP_MOUSE	GS0209380	ENSMUSG00000050157	10	75400466	75403417	Mus musculus	Rap1_Martinez	20622869	PROTEIN BINDING ASSAY::CHROMATIN IMMUNOPRECIPITATION (CHIP)
TF0001097	ENSMUST00000098390	TERF2IP_MOUSE	GS0209363	ENSMUSG00000050174	3	37303832	37319133	Mus musculus	Rap1_Martinez	20622869	PROTEIN BINDING ASSAY::CHROMATIN IMMUNOPRECIPITATION (CHIP)
TF0001097	ENSMUST00000098390	TERF2IP_MOUSE	GS0209276	ENSMUSG00000020108	10	59412423	59414518	Mus musculus	Rap1_Martinez	20622869	PROTEIN BINDING ASSAY::CHROMATIN IMMUNOPRECIPITATION (CHIP)
TF0001097	ENSMUST00000098390	TERF2IP_MOUSE	GS0209320	ENSMUSG00000031278	X	138752536	138825078	Mus musculus	Rap1_Martinez	20622869	PROTEIN BINDING ASSAY::CHROMATIN IMMUNOPRECIPITATION (CHIP)
TF0001097	ENSMUST00000098390	TERF2IP_MOUSE	GS0209354	ENSMUSG00000023391	2	71381466	71384749	Mus musculus	Rap1_Martinez	20622869	PROTEIN BINDING ASSAY::CHROMATIN IMMUNOPRECIPITATION (CHIP)
TF0001097	ENSMUST00000098390	TERF2IP_MOUSE	GS0209299	ENSMUSG00000031486	8	28196313	28233890	Mus musculus	Rap1_Martinez	20622869	PROTEIN BINDING ASSAY::CHROMATIN IMMUNOPRECIPITATION (CHIP)
TF0001097	ENSMUST00000098390	TERF2IP_MOUSE	GS0209346	ENSMUSG00000047250	2	36085946	36107792	Mus musculus	Rap1_Martinez	20622869	PROTEIN BINDING ASSAY::CHROMATIN IMMUNOPRECIPITATION (CHIP)
TF0001097	ENSMUST00000098390	TERF2IP_MOUSE	GS0209270	ENSMUSG00000030498	7	59117385	59250345	Mus musculus	Rap1_Martinez	20622869	PROTEIN BINDING ASSAY::CHROMATIN IMMUNOPRECIPITATION (CHIP)
TF0001097	ENSMUST00000098390	TERF2IP_MOUSE	GS0209350	ENSMUSG00000029661	6	4454814	4491543	Mus musculus	Rap1_Martinez	20622869	PROTEIN BINDING ASSAY::CHROMATIN IMMUNOPRECIPITATION (CHIP)
TF0001097	ENSMUST00000098390	TERF2IP_MOUSE	GS0209385	ENSMUSG00000030041	6	82896896	82980177	Mus musculus	Rap1_Martinez	20622869	PROTEIN BINDING ASSAY::CHROMATIN IMMUNOPRECIPITATION (CHIP)
TF0001097	ENSMUST00000098390	TERF2IP_MOUSE	GS0209358	ENSMUSG00000026994	2	65920823	65963051	Mus musculus	Rap1_Martinez	20622869	PROTEIN BINDING ASSAY::CHROMATIN IMMUNOPRECIPITATION (CHIP)
TF0001097	ENSMUST00000098390	TERF2IP_MOUSE	GS0209321	ENSMUSG00000042734	12	82732356	82765928	Mus musculus	Rap1_Martinez	20622869	PROTEIN BINDING ASSAY::CHROMATIN IMMUNOPRECIPITATION (CHIP)
TF0001097	ENSMUST00000098390	TERF2IP_MOUSE	GS0209310	ENSMUSG00000024990	19	38191110	38199811	Mus musculus	Rap1_Martinez	20622869	PROTEIN BINDING ASSAY::CHROMATIN IMMUNOPRECIPITATION (CHIP)
TF0001097	ENSMUST00000098390	TERF2IP_MOUSE	GS0209298	ENSMUSG00000001739	5	137442486	137451728	Mus musculus	Rap1_Martinez	20622869	PROTEIN BINDING ASSAY::CHROMATIN IMMUNOPRECIPITATION (CHIP)
TF0001097	ENSMUST00000098390	TERF2IP_MOUSE	GS0209372	ENSMUSG00000036390	6	66985090	66987451	Mus musculus	Rap1_Martinez	20622869	PROTEIN BINDING ASSAY::CHROMATIN IMMUNOPRECIPITATION (CHIP)
TF0001097	ENSMUST00000098390	TERF2IP_MOUSE	GS0209332	ENSMUSG00000031700	8	88016475	88051459	Mus musculus	Rap1_Martinez	20622869	PROTEIN BINDING ASSAY::CHROMATIN IMMUNOPRECIPITATION (CHIP)
TF0001097	ENSMUST00000098390	TERF2IP_MOUSE	GS0209339	ENSMUSG00000032372	9	92170440	92192573	Mus musculus	Rap1_Martinez	20622869	PROTEIN BINDING ASSAY::CHROMATIN IMMUNOPRECIPITATION (CHIP)
TF0001097	ENSMUST00000098390	TERF2IP_MOUSE	GS0209347	ENSMUSG00000063406	5	108535385	108561639	Mus musculus	Rap1_Martinez	20622869	PROTEIN BINDING ASSAY::CHROMATIN IMMUNOPRECIPITATION (CHIP)
TF0001097	ENSMUST00000098390	TERF2IP_MOUSE	GS0209271	ENSMUSG00000058260	12	105232953	105251965	Mus musculus	Rap1_Martinez	20622869	PROTEIN BINDING ASSAY::CHROMATIN IMMUNOPRECIPITATION (CHIP)
TF0001097	ENSMUST00000098390	TERF2IP_MOUSE	GS0209278	ENSMUSG00000042684	1	155350146	155396844	Mus musculus	Rap1_Martinez	20622869	PROTEIN BINDING ASSAY::CHROMATIN IMMUNOPRECIPITATION (CHIP)
TF0001097	ENSMUST00000098390	TERF2IP_MOUSE	GS0209352	ENSMUSG00000050505	14	88864554	88871203	Mus musculus	Rap1_Martinez	20622869	PROTEIN BINDING ASSAY::CHROMATIN IMMUNOPRECIPITATION (CHIP)
TF0001097	ENSMUST00000098390	TERF2IP_MOUSE	GS0209325	ENSMUSG00000020099	10	60225358	60294329	Mus musculus	Rap1_Martinez	20622869	PROTEIN BINDING ASSAY::CHROMATIN IMMUNOPRECIPITATION (CHIP)
TF0001097	ENSMUST00000098390	TERF2IP_MOUSE	GS0209277	ENSMUSG00000014361	2	128524692	128628630	Mus musculus	Rap1_Martinez	20622869	PROTEIN BINDING ASSAY::CHROMATIN IMMUNOPRECIPITATION (CHIP)
TF0001097	ENSMUST00000098390	TERF2IP_MOUSE	GS0209281	ENSMUSG00000056758	10	119798331	119913525	Mus musculus	Rap1_Martinez	20622869	PROTEIN BINDING ASSAY::CHROMATIN IMMUNOPRECIPITATION (CHIP)
TF0001097	ENSMUST00000098390	TERF2IP_MOUSE	GS0209337	ENSMUSG00000047363	2	30450560	30464463	Mus musculus	Rap1_Martinez	20622869	PROTEIN BINDING ASSAY::CHROMATIN IMMUNOPRECIPITATION (CHIP)
TF0001097	ENSMUST00000098390	TERF2IP_MOUSE	GS0209291	ENSMUSG00000019806	10	13366860	13588786	Mus musculus	Rap1_Martinez	20622869	PROTEIN BINDING ASSAY::CHROMATIN IMMUNOPRECIPITATION (CHIP)
TF0001097	ENSMUST00000098390	TERF2IP_MOUSE	GS0209324	ENSMUSG00000021280	12	112655228	112669393	Mus musculus	Rap1_Martinez	20622869	PROTEIN BINDING ASSAY::CHROMATIN IMMUNOPRECIPITATION (CHIP)
TF0001097	ENSMUST00000098390	TERF2IP_MOUSE	GS0209323	ENSMUSG00000024053	17	71601514	71660896	Mus musculus	Rap1_Martinez	20622869	PROTEIN BINDING ASSAY::CHROMATIN IMMUNOPRECIPITATION (CHIP)
TF0001097	ENSMUST00000098390	TERF2IP_MOUSE	GS0209280	ENSMUSG00000001123	11	78776476	78798448	Mus musculus	Rap1_Martinez	20622869	PROTEIN BINDING ASSAY::CHROMATIN IMMUNOPRECIPITATION (CHIP)
TF0001097	ENSMUST00000098390	TERF2IP_MOUSE	GS0209283	ENSMUSG00000017969	2	167017305	167066104	Mus musculus	Rap1_Martinez	20622869	PROTEIN BINDING ASSAY::CHROMATIN IMMUNOPRECIPITATION (CHIP)
TF0001097	ENSMUST00000098390	TERF2IP_MOUSE	GS0209313	ENSMUSG00000057457	X	153596618	153853244	Mus musculus	Rap1_Martinez	20622869	PROTEIN BINDING ASSAY::CHROMATIN IMMUNOPRECIPITATION (CHIP)
TF0001097	ENSMUST00000098390	TERF2IP_MOUSE	GS0209368	ENSMUSG00000021226	12	85328811	85334823	Mus musculus	Rap1_Martinez	20622869	PROTEIN BINDING ASSAY::CHROMATIN IMMUNOPRECIPITATION (CHIP)
TF0001097	ENSMUST00000098390	TERF2IP_MOUSE	GS0209275	ENSMUSG00000045027	17	24130502	24135067	Mus musculus	Rap1_Martinez	20622869	PROTEIN BINDING ASSAY::CHROMATIN IMMUNOPRECIPITATION (CHIP)
TF0001097	ENSMUST00000098390	TERF2IP_MOUSE	GS0209344	ENSMUSG00000042988	11	120515102	120522489	Mus musculus	Rap1_Martinez	20622869	PROTEIN BINDING ASSAY::CHROMATIN IMMUNOPRECIPITATION (CHIP)
TF0001097	ENSMUST00000098390	TERF2IP_MOUSE	GS0209383	ENSMUSG00000020601	12	15798533	15823683	Mus musculus	Rap1_Martinez	20622869	PROTEIN BINDING ASSAY::CHROMATIN IMMUNOPRECIPITATION (CHIP)
TF0001097	ENSMUST00000098390	TERF2IP_MOUSE	GS0209369	ENSMUSG00000014704	6	52112416	52114830	Mus musculus	Rap1_Martinez	20622869	PROTEIN BINDING ASSAY::CHROMATIN IMMUNOPRECIPITATION (CHIP)
TF0001097	ENSMUST00000098390	TERF2IP_MOUSE	GS0209262	ENSMUSG00000042770	6	135087537	135118233	Mus musculus	Rap1_Martinez	20622869	PROTEIN BINDING ASSAY::CHROMATIN IMMUNOPRECIPITATION (CHIP)
TF0001097	ENSMUST00000098390	TERF2IP_MOUSE	GS0209294	ENSMUSG00000022868	16	22892115	22899511	Mus musculus	Rap1_Martinez	20622869	PROTEIN BINDING ASSAY::CHROMATIN IMMUNOPRECIPITATION (CHIP)
TF0001097	ENSMUST00000098390	TERF2IP_MOUSE	GS0209266	ENSMUSG00000070473	5	135462084	135463342	Mus musculus	Rap1_Martinez	20622869	PROTEIN BINDING ASSAY::CHROMATIN IMMUNOPRECIPITATION (CHIP)
TF0001097	ENSMUST00000098390	TERF2IP_MOUSE	GS0209375	ENSMUSG00000021109	12	75002362	75048517	Mus musculus	Rap1_Martinez	20622869	PROTEIN BINDING ASSAY::CHROMATIN IMMUNOPRECIPITATION (CHIP)
TF0001097	ENSMUST00000098390	TERF2IP_MOUSE	GS0209328	ENSMUSG00000078566	7	146082519	146101202	Mus musculus	Rap1_Martinez	20622869	PROTEIN BINDING ASSAY::CHROMATIN IMMUNOPRECIPITATION (CHIP)
TF0001097	ENSMUST00000098390	TERF2IP_MOUSE	GS0209292	ENSMUSG00000024066	17	74233248	74299522	Mus musculus	Rap1_Martinez	20622869	PROTEIN BINDING ASSAY::CHROMATIN IMMUNOPRECIPITATION (CHIP)
TF0001097	ENSMUST00000098390	TERF2IP_MOUSE	GS0209319	ENSMUSG00000008734	7	126115554	126138725	Mus musculus	Rap1_Martinez	20622869	PROTEIN BINDING ASSAY::CHROMATIN IMMUNOPRECIPITATION (CHIP)
TF0001097	ENSMUST00000098390	TERF2IP_MOUSE	GS0209279	ENSMUSG00000000440	6	115311239	115440419	Mus musculus	Rap1_Martinez	20622869	PROTEIN BINDING ASSAY::CHROMATIN IMMUNOPRECIPITATION (CHIP)
TF0001097	ENSMUST00000098390	TERF2IP_MOUSE	GS0209378	ENSMUSG00000020950	12	50483680	50487843	Mus musculus	Rap1_Martinez	20622869	PROTEIN BINDING ASSAY::CHROMATIN IMMUNOPRECIPITATION (CHIP)
TF0001097	ENSMUST00000098390	TERF2IP_MOUSE	GS0209387	ENSMUSG00000021732	13	119458598	119580922	Mus musculus	Rap1_Martinez	20622869	PROTEIN BINDING ASSAY::CHROMATIN IMMUNOPRECIPITATION (CHIP)
TF0001097	ENSMUST00000098390	TERF2IP_MOUSE	GS0209316	ENSMUSG00000032548	9	102910817	102990179	Mus musculus	Rap1_Martinez	20622869	PROTEIN BINDING ASSAY::CHROMATIN IMMUNOPRECIPITATION (CHIP)
TF0001097	ENSMUST00000098390	TERF2IP_MOUSE	GS0209274	ENSMUSG00000005802	2	122506969	122528399	Mus musculus	Rap1_Martinez	20622869	PROTEIN BINDING ASSAY::CHROMATIN IMMUNOPRECIPITATION (CHIP)
TF0001097	ENSMUST00000098390	TERF2IP_MOUSE	GS0209264	ENSMUSG00000026768	2	12028259	12223555	Mus musculus	Rap1_Martinez	20622869	PROTEIN BINDING ASSAY::CHROMATIN IMMUNOPRECIPITATION (CHIP)
TF0001097	ENSMUST00000098390	TERF2IP_MOUSE	GS0209373	ENSMUSG00000049775	X	163645025	163647247	Mus musculus	Rap1_Martinez	20622869	PROTEIN BINDING ASSAY::CHROMATIN IMMUNOPRECIPITATION (CHIP)
TF0001097	ENSMUST00000098390	TERF2IP_MOUSE	GS0209326	ENSMUSG00000040488	7	28090155	28122711	Mus musculus	Rap1_Martinez	20622869	PROTEIN BINDING ASSAY::CHROMATIN IMMUNOPRECIPITATION (CHIP)
TF0001097	ENSMUST00000098390	TERF2IP_MOUSE	GS0209334	ENSMUSG00000022636	16	52249109	52454187	Mus musculus	Rap1_Martinez	20622869	PROTEIN BINDING ASSAY::CHROMATIN IMMUNOPRECIPITATION (CHIP)
TF0001097	ENSMUST00000098390	TERF2IP_MOUSE	GS0209360	ENSMUSG00000020256	10	82950195	82996885	Mus musculus	Rap1_Martinez	20622869	PROTEIN BINDING ASSAY::CHROMATIN IMMUNOPRECIPITATION (CHIP)
TF0001097	ENSMUST00000098390	TERF2IP_MOUSE	GS0209295	ENSMUSG00000028760	4	137548937	137764423	Mus musculus	Rap1_Martinez	20622869	PROTEIN BINDING ASSAY::CHROMATIN IMMUNOPRECIPITATION (CHIP)
TF0001097	ENSMUST00000098390	TERF2IP_MOUSE	GS0209288	ENSMUSG00000057596	7	111618528	111656363	Mus musculus	Rap1_Martinez	20622869	PROTEIN BINDING ASSAY::CHROMATIN IMMUNOPRECIPITATION (CHIP)
TF0001097	ENSMUST00000098390	TERF2IP_MOUSE	GS0209336	ENSMUSG00000088075	5	91322406	91322522	Mus musculus	Rap1_Martinez	20622869	PROTEIN BINDING ASSAY::CHROMATIN IMMUNOPRECIPITATION (CHIP)
TF0001097	ENSMUST00000098390	TERF2IP_MOUSE	GS0209356	ENSMUSG00000041324	13	16103684	16119044	Mus musculus	Rap1_Martinez	20622869	PROTEIN BINDING ASSAY::CHROMATIN IMMUNOPRECIPITATION (CHIP)
TF0001097	ENSMUST00000098390	TERF2IP_MOUSE	GS0209297	ENSMUSG00000022037	14	66587320	66600385	Mus musculus	Rap1_Martinez	20622869	PROTEIN BINDING ASSAY::CHROMATIN IMMUNOPRECIPITATION (CHIP)
TF0001097	ENSMUST00000098390	TERF2IP_MOUSE	GS0209371	ENSMUSG00000031805	8	74200195	74214474	Mus musculus	Rap1_Martinez	20622869	PROTEIN BINDING ASSAY::CHROMATIN IMMUNOPRECIPITATION (CHIP)
TF0001097	ENSMUST00000098390	TERF2IP_MOUSE	GS0209349	ENSMUSG00000032487	1	151947254	151955140	Mus musculus	Rap1_Martinez	20622869	PROTEIN BINDING ASSAY::CHROMATIN IMMUNOPRECIPITATION (CHIP)
TF0001097	ENSMUST00000098390	TERF2IP_MOUSE	GS0209311	ENSMUSG00000030793	7	135135617	135137381	Mus musculus	Rap1_Martinez	20622869	PROTEIN BINDING ASSAY::CHROMATIN IMMUNOPRECIPITATION (CHIP)
TF0001097	ENSMUST00000098390	TERF2IP_MOUSE	GS0209359	ENSMUSG00000031634	8	47060882	47082312	Mus musculus	Rap1_Martinez	20622869	PROTEIN BINDING ASSAY::CHROMATIN IMMUNOPRECIPITATION (CHIP)
TF0001097	ENSMUST00000098390	TERF2IP_MOUSE	GS0209282	ENSMUSG00000074743	2	148230207	148233924	Mus musculus	Rap1_Martinez	20622869	PROTEIN BINDING ASSAY::CHROMATIN IMMUNOPRECIPITATION (CHIP)
TF0001097	ENSMUST00000098390	TERF2IP_MOUSE	GS0209366	ENSMUSG00000037033	3	144485587	144512321	Mus musculus	Rap1_Martinez	20622869	PROTEIN BINDING ASSAY::CHROMATIN IMMUNOPRECIPITATION (CHIP)
TF0001097	ENSMUST00000098390	TERF2IP_MOUSE	GS0209329	ENSMUSG00000027955	3	79688455	79750202	Mus musculus	Rap1_Martinez	20622869	PROTEIN BINDING ASSAY::CHROMATIN IMMUNOPRECIPITATION (CHIP)
TF0001097	ENSMUST00000098390	TERF2IP_MOUSE	GS0209303	ENSMUSG00000028967	4	150228028	150243001	Mus musculus	Rap1_Martinez	20622869	PROTEIN BINDING ASSAY::CHROMATIN IMMUNOPRECIPITATION (CHIP)
TF0001097	ENSMUST00000098390	TERF2IP_MOUSE	GS0209301	ENSMUSG00000021831	14	45902879	45938237	Mus musculus	Rap1_Martinez	20622869	PROTEIN BINDING ASSAY::CHROMATIN IMMUNOPRECIPITATION (CHIP)
TF0001097	ENSMUST00000098390	TERF2IP_MOUSE	GS0209290	ENSMUSG00000048482	2	109514857	109567204	Mus musculus	Rap1_Martinez	20622869	PROTEIN BINDING ASSAY::CHROMATIN IMMUNOPRECIPITATION (CHIP)
TF0001097	ENSMUST00000098390	TERF2IP_MOUSE	GS0209314	ENSMUSG00000026069	1	40496621	40522241	Mus musculus	Rap1_Martinez	20622869	PROTEIN BINDING ASSAY::CHROMATIN IMMUNOPRECIPITATION (CHIP)
TF0001097	ENSMUST00000098390	TERF2IP_MOUSE	GS0209382	ENSMUSG00000045871	14	111147800	111154371	Mus musculus	Rap1_Martinez	20622869	PROTEIN BINDING ASSAY::CHROMATIN IMMUNOPRECIPITATION (CHIP)
TF0001097	ENSMUST00000098390	TERF2IP_MOUSE	GS0209384	ENSMUSG00000028019	3	80840338	81017962	Mus musculus	Rap1_Martinez	20622869	PROTEIN BINDING ASSAY::CHROMATIN IMMUNOPRECIPITATION (CHIP)
TF0001097	ENSMUST00000098390	TERF2IP_MOUSE	GS0209327	ENSMUSG00000042842	13	33057182	33070936	Mus musculus	Rap1_Martinez	20622869	PROTEIN BINDING ASSAY::CHROMATIN IMMUNOPRECIPITATION (CHIP)
TF0001097	ENSMUST00000098390	TERF2IP_MOUSE	GS0209306	ENSMUSG00000027750	3	54165031	54194961	Mus musculus	Rap1_Martinez	20622869	PROTEIN BINDING ASSAY::CHROMATIN IMMUNOPRECIPITATION (CHIP)
TF0001097	ENSMUST00000098390	TERF2IP_MOUSE	GS0209267	ENSMUSG00000022376	15	64530604	64753858	Mus musculus	Rap1_Martinez	20622869	PROTEIN BINDING ASSAY::CHROMATIN IMMUNOPRECIPITATION (CHIP)
TF0001097	ENSMUST00000098390	TERF2IP_MOUSE	GS0209345	ENSMUSG00000017868	2	162813066	162839863	Mus musculus	Rap1_Martinez	20622869	PROTEIN BINDING ASSAY::CHROMATIN IMMUNOPRECIPITATION (CHIP)
TF0001097	ENSMUST00000098390	TERF2IP_MOUSE	GS0209296	ENSMUSG00000005800	9	7558429	7568486	Mus musculus	Rap1_Martinez	20622869	PROTEIN BINDING ASSAY::CHROMATIN IMMUNOPRECIPITATION (CHIP)
TF0001097	ENSMUST00000098390	TERF2IP_MOUSE	GS0209285	ENSMUSG00000008035	X	10292139	10296816	Mus musculus	Rap1_Martinez	20622869	PROTEIN BINDING ASSAY::CHROMATIN IMMUNOPRECIPITATION (CHIP)
TF0001097	ENSMUST00000098390	TERF2IP_MOUSE	GS0209364	ENSMUSG00000032803	9	103255432	103268110	Mus musculus	Rap1_Martinez	20622869	PROTEIN BINDING ASSAY::CHROMATIN IMMUNOPRECIPITATION (CHIP)
TF0001097	ENSMUST00000098390	TERF2IP_MOUSE	GS0209353	ENSMUSG00000022324	15	34236436	34366029	Mus musculus	Rap1_Martinez	20622869	PROTEIN BINDING ASSAY::CHROMATIN IMMUNOPRECIPITATION (CHIP)
TF0001097	ENSMUST00000098390	TERF2IP_MOUSE	GS0209376	ENSMUSG00000022367	15	56497182	56526094	Mus musculus	Rap1_Martinez	20622869	PROTEIN BINDING ASSAY::CHROMATIN IMMUNOPRECIPITATION (CHIP)
TF0001097	ENSMUST00000098390	TERF2IP_MOUSE	GS0209386	ENSMUSG00000018819	7	149646714	149680772	Mus musculus	Rap1_Martinez	20622869	PROTEIN BINDING ASSAY::CHROMATIN IMMUNOPRECIPITATION (CHIP)
TF0001097	ENSMUST00000098390	TERF2IP_MOUSE	GS0209340	ENSMUSG00000068245	14	59966244	59984327	Mus musculus	Rap1_Martinez	20622869	PROTEIN BINDING ASSAY::CHROMATIN IMMUNOPRECIPITATION (CHIP)
TF0001097	ENSMUST00000098390	TERF2IP_MOUSE	GS0209381	ENSMUSG00000021765	13	115242470	115249159	Mus musculus	Rap1_Martinez	20622869	PROTEIN BINDING ASSAY::CHROMATIN IMMUNOPRECIPITATION (CHIP)
TF0001097	ENSMUST00000098390	TERF2IP_MOUSE	GS0209351	ENSMUSG00000041836	7	142729507	142877977	Mus musculus	Rap1_Martinez	20622869	PROTEIN BINDING ASSAY::CHROMATIN IMMUNOPRECIPITATION (CHIP)
TF0001097	ENSMUST00000098390	TERF2IP_MOUSE	GS0209309	ENSMUSG00000030218	6	136820957	136824326	Mus musculus	Rap1_Martinez	20622869	PROTEIN BINDING ASSAY::CHROMATIN IMMUNOPRECIPITATION (CHIP)
TF0001097	ENSMUST00000098390	TERF2IP_MOUSE	GS0209273	ENSMUSG00000019960	10	98725865	98730122	Mus musculus	Rap1_Martinez	20622869	PROTEIN BINDING ASSAY::CHROMATIN IMMUNOPRECIPITATION (CHIP)
TF0001097	ENSMUST00000098390	TERF2IP_MOUSE	GS0209343	ENSMUSG00000027313	2	119176965	119180117	Mus musculus	Rap1_Martinez	20622869	PROTEIN BINDING ASSAY::CHROMATIN IMMUNOPRECIPITATION (CHIP)
TF0001097	ENSMUST00000098390	TERF2IP_MOUSE	GS0209342	ENSMUSG00000029231	5	75548316	75594229	Mus musculus	Rap1_Martinez	20622869	PROTEIN BINDING ASSAY::CHROMATIN IMMUNOPRECIPITATION (CHIP)
TF0001097	ENSMUST00000098390	TERF2IP_MOUSE	GS0209377	ENSMUSG00000027800	3	57089533	57105841	Mus musculus	Rap1_Martinez	20622869	PROTEIN BINDING ASSAY::CHROMATIN IMMUNOPRECIPITATION (CHIP)
TF0001097	ENSMUST00000098390	TERF2IP_MOUSE	GS0209318	ENSMUSG00000013846	15	66934437	66945922	Mus musculus	Rap1_Martinez	20622869	PROTEIN BINDING ASSAY::CHROMATIN IMMUNOPRECIPITATION (CHIP)
TF0001097	ENSMUST00000098390	TERF2IP_MOUSE	GS0209289	ENSMUSG00000070348	7	152115836	152125774	Mus musculus	Rap1_Martinez	20622869	PROTEIN BINDING ASSAY::CHROMATIN IMMUNOPRECIPITATION (CHIP)
TF0001097	ENSMUST00000098390	TERF2IP_MOUSE	GS0209335	ENSMUSG00000016918	1	12708626	12850452	Mus musculus	Rap1_Martinez	20622869	PROTEIN BINDING ASSAY::CHROMATIN IMMUNOPRECIPITATION (CHIP)
TF0001097	ENSMUST00000098390	TERF2IP_MOUSE	GS0209302	ENSMUSG00000002289	17	33910702	33918520	Mus musculus	Rap1_Martinez	20622869	PROTEIN BINDING ASSAY::CHROMATIN IMMUNOPRECIPITATION (CHIP)
TF0001097	ENSMUST00000098390	TERF2IP_MOUSE	GS0209374	ENSMUSG00000030827	7	52869277	52870860	Mus musculus	Rap1_Martinez	20622869	PROTEIN BINDING ASSAY::CHROMATIN IMMUNOPRECIPITATION (CHIP)
TF0001097	ENSMUST00000098390	TERF2IP_MOUSE	GS0209265	ENSMUSG00000003617	3	19857054	19909145	Mus musculus	Rap1_Martinez	20622869	PROTEIN BINDING ASSAY::CHROMATIN IMMUNOPRECIPITATION (CHIP)
TF0001097	ENSMUST00000098390	TERF2IP_MOUSE	GS0209331	ENSMUSG00000032011	9	43851467	43856662	Mus musculus	Rap1_Martinez	20622869	PROTEIN BINDING ASSAY::CHROMATIN IMMUNOPRECIPITATION (CHIP)
TF0001097	ENSMUST00000098390	TERF2IP_MOUSE	GS0209308	ENSMUSG00000038903	18	70085080	70129138	Mus musculus	Rap1_Martinez	20622869	PROTEIN BINDING ASSAY::CHROMATIN IMMUNOPRECIPITATION (CHIP)
TF0001097	ENSMUST00000098390	TERF2IP_MOUSE	GS0209287	ENSMUSG00000038290	11	74739325	74977950	Mus musculus	Rap1_Martinez	20622869	PROTEIN BINDING ASSAY::CHROMATIN IMMUNOPRECIPITATION (CHIP)
TF0001097	ENSMUST00000098390	TERF2IP_MOUSE	GS0209263	ENSMUSG00000042985	5	136514366	136521173	Mus musculus	Rap1_Martinez	20622869	PROTEIN BINDING ASSAY::CHROMATIN IMMUNOPRECIPITATION (CHIP)
TF0001097	ENSMUST00000098390	TERF2IP_MOUSE	GS0209348	ENSMUSG00000013584	9	71063596	71144050	Mus musculus	Rap1_Martinez	20622869	PROTEIN BINDING ASSAY::CHROMATIN IMMUNOPRECIPITATION (CHIP)
TF0001097	ENSMUST00000098390	TERF2IP_MOUSE	GS0209355	ENSMUSG00000041974	16	15889320	16146944	Mus musculus	Rap1_Martinez	20622869	PROTEIN BINDING ASSAY::CHROMATIN IMMUNOPRECIPITATION (CHIP)
TF0001097	ENSMUST00000098390	TERF2IP_MOUSE	GS0209304	ENSMUSG00000029304	5	104864137	104870069	Mus musculus	Rap1_Martinez	20622869	PROTEIN BINDING ASSAY::CHROMATIN IMMUNOPRECIPITATION (CHIP)
TF0001097	ENSMUST00000098390	TERF2IP_MOUSE	GS0209333	ENSMUSG00000004655	6	55286426	55298549	Mus musculus	Rap1_Martinez	20622869	PROTEIN BINDING ASSAY::CHROMATIN IMMUNOPRECIPITATION (CHIP)
TF0001097	ENSMUST00000098390	TERF2IP_MOUSE	GS0209300	ENSMUSG00000045954	1	51345970	51359803	Mus musculus	Rap1_Martinez	20622869	PROTEIN BINDING ASSAY::CHROMATIN IMMUNOPRECIPITATION (CHIP)
TF0001097	ENSMUST00000098390	TERF2IP_MOUSE	GS0209269	ENSMUSG00000029337	5	98683203	98706049	Mus musculus	Rap1_Martinez	20622869	PROTEIN BINDING ASSAY::CHROMATIN IMMUNOPRECIPITATION (CHIP)
TF0001097	ENSMUST00000098390	TERF2IP_MOUSE	GS0209330	ENSMUSG00000020467	11	28753204	28826743	Mus musculus	Rap1_Martinez	20622869	PROTEIN BINDING ASSAY::CHROMATIN IMMUNOPRECIPITATION (CHIP)
TF0001097	ENSMUST00000098390	TERF2IP_MOUSE	GS0209338	ENSMUSG00000042385	13	113961816	114016116	Mus musculus	Rap1_Martinez	20622869	PROTEIN BINDING ASSAY::CHROMATIN IMMUNOPRECIPITATION (CHIP)
TF0001097	ENSMUST00000098390	TERF2IP_MOUSE	GS0209272	ENSMUSG00000032291	9	54612555	54620917	Mus musculus	Rap1_Martinez	20622869	PROTEIN BINDING ASSAY::CHROMATIN IMMUNOPRECIPITATION (CHIP)
TF0001097	ENSMUST00000098390	TERF2IP_MOUSE	GS0209312	ENSMUSG00000069049	Y	346986	365290	Mus musculus	Rap1_Martinez	20622869	PROTEIN BINDING ASSAY::CHROMATIN IMMUNOPRECIPITATION (CHIP)
TF0001097	ENSMUST00000098390	TERF2IP_MOUSE	GS0209293	ENSMUSG00000019997	10	24315248	24318489	Mus musculus	Rap1_Martinez	20622869	PROTEIN BINDING ASSAY::CHROMATIN IMMUNOPRECIPITATION (CHIP)
TF0001097	ENSMUST00000098390	TERF2IP_MOUSE	GS0209370	ENSMUSG00000026475	1	155587479	155592598	Mus musculus	Rap1_Martinez	20622869	PROTEIN BINDING ASSAY::CHROMATIN IMMUNOPRECIPITATION (CHIP)
TF0001097	ENSMUST00000098390	TERF2IP_MOUSE	GS0209361	ENSMUSG00000064992	3	131745250	131745356	Mus musculus	Rap1_Martinez	20622869	PROTEIN BINDING ASSAY::CHROMATIN IMMUNOPRECIPITATION (CHIP)
TF0001097	ENSMUST00000098390	TERF2IP_MOUSE	GS0209379	ENSMUSG00000028991	4	147822720	147931792	Mus musculus	Rap1_Martinez	20622869	PROTEIN BINDING ASSAY::CHROMATIN IMMUNOPRECIPITATION (CHIP)
TF0001097	ENSMUST00000098390	TERF2IP_MOUSE	GS0209281	ENSMUSG00000056758	10	119798331	119913525	Mus musculus	Rap1_Martinez	20622869	PROTEIN BINDING ASSAY::CHROMATIN IMMUNOPRECIPITATION (CHIP)
TF0001097	ENSMUST00000098390	TERF2IP_MOUSE	GS0209323	ENSMUSG00000024053	17	71601514	71660896	Mus musculus	Rap1_Martinez	20622869	PROTEIN BINDING ASSAY::CHROMATIN IMMUNOPRECIPITATION (CHIP)
TF0001097	ENSMUST00000098390	TERF2IP_MOUSE	GS0209368	ENSMUSG00000021226	12	85328811	85334823	Mus musculus	Rap1_Martinez	20622869	PROTEIN BINDING ASSAY::CHROMATIN IMMUNOPRECIPITATION (CHIP)
TF0001097	ENSMUST00000098390	TERF2IP_MOUSE	GS0209316	ENSMUSG00000032548	9	102910817	102990179	Mus musculus	Rap1_Martinez	20622869	PROTEIN BINDING ASSAY::CHROMATIN IMMUNOPRECIPITATION (CHIP)
TF0001097	ENSMUST00000098390	TERF2IP_MOUSE	GS0209274	ENSMUSG00000005802	2	122506969	122528399	Mus musculus	Rap1_Martinez	20622869	PROTEIN BINDING ASSAY::CHROMATIN IMMUNOPRECIPITATION (CHIP)
TF0001097	ENSMUST00000098390	TERF2IP_MOUSE	GS0209356	ENSMUSG00000041324	13	16103684	16119044	Mus musculus	Rap1_Martinez	20622869	PROTEIN BINDING ASSAY::CHROMATIN IMMUNOPRECIPITATION (CHIP)
TF0001097	ENSMUST00000098390	TERF2IP_MOUSE	GS0209359	ENSMUSG00000031634	8	47060882	47082312	Mus musculus	Rap1_Martinez	20622869	PROTEIN BINDING ASSAY::CHROMATIN IMMUNOPRECIPITATION (CHIP)
TF0001097	ENSMUST00000098390	TERF2IP_MOUSE	GS0209303	ENSMUSG00000028967	4	150228028	150243001	Mus musculus	Rap1_Martinez	20622869	PROTEIN BINDING ASSAY::CHROMATIN IMMUNOPRECIPITATION (CHIP)
TF0001097	ENSMUST00000098390	TERF2IP_MOUSE	GS0209314	ENSMUSG00000026069	1	40496621	40522241	Mus musculus	Rap1_Martinez	20622869	PROTEIN BINDING ASSAY::CHROMATIN IMMUNOPRECIPITATION (CHIP)
TF0001097	ENSMUST00000098390	TERF2IP_MOUSE	GS0209382	ENSMUSG00000045871	14	111147800	111154371	Mus musculus	Rap1_Martinez	20622869	PROTEIN BINDING ASSAY::CHROMATIN IMMUNOPRECIPITATION (CHIP)
TF0001097	ENSMUST00000098390	TERF2IP_MOUSE	GS0209376	ENSMUSG00000022367	15	56497182	56526094	Mus musculus	Rap1_Martinez	20622869	PROTEIN BINDING ASSAY::CHROMATIN IMMUNOPRECIPITATION (CHIP)
TF0001097	ENSMUST00000098390	TERF2IP_MOUSE	GS0209377	ENSMUSG00000027800	3	57089533	57105841	Mus musculus	Rap1_Martinez	20622869	PROTEIN BINDING ASSAY::CHROMATIN IMMUNOPRECIPITATION (CHIP)
TF0001097	ENSMUST00000098390	TERF2IP_MOUSE	GS0209302	ENSMUSG00000002289	17	33910702	33918520	Mus musculus	Rap1_Martinez	20622869	PROTEIN BINDING ASSAY::CHROMATIN IMMUNOPRECIPITATION (CHIP)
TF0001097	ENSMUST00000098390	TERF2IP_MOUSE	GS0209305	ENSMUSG00000043099	11	74978067	74983021	Mus musculus	Rap1_Martinez	20622869	PROTEIN BINDING ASSAY::CHROMATIN IMMUNOPRECIPITATION (CHIP)
